contribution_id,investor_id,contribution_date,amount
50001,1001,2024-01-31,823.87
50002,1001,2024-02-29,486.16
50003,1001,2024-03-31,759.09
50004,1001,2024-04-30,550.01
50005,1001,2024-05-31,881.25
50006,1001,2024-06-30,1034.62
50007,1001,2024-07-31,1001.6
50008,1001,2024-08-31,933.99
50009,1001,2024-09-30,803.2
50010,1001,2024-10-31,930.01
50011,1001,2024-11-30,877.94
50012,1001,2024-12-31,829.49
50013,1001,2025-01-31,1081.19
50014,1001,2025-02-28,1104.7
50015,1001,2025-03-31,1142.38
50016,1001,2025-04-30,582.32
50017,1001,2025-05-31,775.06
50018,1001,2025-06-30,443.01
50019,1001,2025-07-31,998.71
50020,1001,2025-08-31,411.45
50021,1001,2025-09-30,898.24
50022,1001,2025-10-31,969.94
50023,1001,2025-11-30,1127.84
50024,1001,2025-12-31,905.56
50025,1002,2024-12-31,529.19
50026,1002,2025-01-31,879.67
50027,1002,2025-02-28,777.33
50028,1002,2025-03-31,285.58
50029,1002,2025-04-30,752.08
50030,1002,2025-05-31,437.67
50031,1002,2025-06-30,493.15
50032,1002,2025-07-31,445.09
50033,1002,2025-08-31,685.34
50034,1002,2025-09-30,786.98
50035,1002,2025-10-31,337.72
50036,1002,2025-11-30,371.37
50037,1002,2025-12-31,874.79
50038,1003,2024-01-31,1694.7
50039,1003,2024-02-29,1280.2
50040,1003,2024-03-31,1039.97
50041,1003,2024-04-30,934.67
50042,1003,2024-05-31,1174.41
50043,1003,2024-06-30,561.29
50044,1003,2024-07-31,823.29
50045,1003,2024-08-31,528.36
50046,1003,2024-09-30,1545.99
50047,1003,2024-10-31,1015.75
50048,1003,2024-11-30,792.24
50049,1003,2024-12-31,863.52
50050,1003,2025-01-31,1340.52
50051,1003,2025-02-28,819.58
50052,1003,2025-03-31,1314.94
50053,1003,2025-04-30,1481.32
50054,1003,2025-05-31,989.28
50055,1003,2025-06-30,676.47
50056,1003,2025-07-31,1347.51
50057,1003,2025-08-31,944.49
50058,1003,2025-09-30,674.16
50059,1003,2025-10-31,649.18
50060,1003,2025-11-30,1018.68
50061,1003,2025-12-31,526.09
50062,1004,2024-08-31,1256.72
50063,1004,2024-09-30,1120.63
50064,1004,2024-10-31,702.05
50065,1004,2024-11-30,954.9
50066,1004,2024-12-31,1199.37
50067,1004,2025-01-31,760.31
50068,1004,2025-02-28,1271.51
50069,1004,2025-03-31,767.6
50070,1004,2025-04-30,886.99
50071,1004,2025-05-31,941.27
50072,1004,2025-06-30,782.47
50073,1004,2025-07-31,1382.85
50074,1004,2025-08-31,1231.58
50075,1004,2025-09-30,1309.55
50076,1004,2025-10-31,1664.23
50077,1004,2025-11-30,1507.23
50078,1004,2025-12-31,879.32
50079,1005,2024-01-31,402.9
50080,1005,2024-02-29,276.12
50081,1005,2024-03-31,347.38
50082,1005,2024-04-30,286.22
50083,1005,2024-05-31,271.62
50084,1005,2024-06-30,450.34
50085,1005,2024-07-31,307.13
50086,1005,2024-08-31,323.2
50087,1005,2024-09-30,399.51
50088,1005,2024-10-31,250.0
50089,1005,2024-11-30,250.0
50090,1005,2024-12-31,305.18
50091,1005,2025-01-31,330.18
50092,1005,2025-02-28,250.0
50093,1005,2025-03-31,427.86
50094,1005,2025-04-30,363.6
50095,1005,2025-05-31,290.07
50096,1005,2025-06-30,528.04
50097,1005,2025-07-31,273.86
50098,1005,2025-08-31,250.0
50099,1005,2025-09-30,308.8
50100,1005,2025-10-31,250.0
50101,1005,2025-11-30,347.33
50102,1005,2025-12-31,327.33
50103,1006,2024-06-30,631.04
50104,1006,2024-07-31,548.57
50105,1006,2024-08-31,403.77
50106,1006,2024-09-30,635.33
50107,1006,2024-10-31,499.64
50108,1006,2024-11-30,660.85
50109,1006,2024-12-31,473.66
50110,1006,2025-01-31,729.22
50111,1006,2025-02-28,583.21
50112,1006,2025-03-31,439.12
50113,1006,2025-04-30,504.84
50114,1006,2025-05-31,442.12
50115,1006,2025-06-30,377.09
50116,1006,2025-07-31,784.98
50117,1006,2025-08-31,291.85
50118,1006,2025-09-30,667.21
50119,1006,2025-10-31,344.75
50120,1006,2025-11-30,316.38
50121,1006,2025-12-31,319.97
50122,1007,2024-01-31,579.52
50123,1007,2024-02-29,1524.2
50124,1007,2024-03-31,1271.83
50125,1007,2024-04-30,950.15
50126,1007,2024-05-31,937.64
50127,1007,2024-06-30,754.51
50128,1007,2024-07-31,1039.3
50129,1007,2024-08-31,687.82
50130,1007,2024-09-30,1254.49
50131,1007,2024-10-31,618.01
50132,1007,2024-11-30,1120.11
50133,1007,2024-12-31,656.03
50134,1007,2025-01-31,980.16
50135,1007,2025-02-28,628.48
50136,1007,2025-03-31,1045.0
50137,1007,2025-04-30,1208.31
50138,1007,2025-05-31,577.83
50139,1007,2025-06-30,525.07
50140,1007,2025-07-31,765.43
50141,1007,2025-08-31,606.41
50142,1007,2025-09-30,1038.95
50143,1007,2025-10-31,888.9
50144,1007,2025-11-30,739.09
50145,1007,2025-12-31,1366.43
50146,1008,2024-09-30,787.34
50147,1008,2024-10-31,802.92
50148,1008,2024-11-30,770.2
50149,1008,2024-12-31,418.63
50150,1008,2025-01-31,593.54
50151,1008,2025-02-28,766.3
50152,1008,2025-03-31,744.27
50153,1008,2025-04-30,394.74
50154,1008,2025-05-31,968.78
50155,1008,2025-06-30,560.48
50156,1008,2025-07-31,465.08
50157,1008,2025-08-31,360.49
50158,1008,2025-09-30,971.2
50159,1008,2025-10-31,506.96
50160,1008,2025-11-30,887.55
50161,1008,2025-12-31,1143.84
50162,1009,2024-01-31,545.34
50163,1009,2024-02-29,840.23
50164,1009,2024-03-31,1627.34
50165,1009,2024-04-30,460.57
50166,1009,2024-05-31,1190.0
50167,1009,2024-06-30,579.04
50168,1009,2024-07-31,1234.85
50169,1009,2024-08-31,659.8
50170,1009,2024-09-30,552.67
50171,1009,2024-10-31,848.26
50172,1009,2024-11-30,965.68
50173,1009,2024-12-31,1352.36
50174,1009,2025-01-31,643.33
50175,1009,2025-02-28,706.58
50176,1009,2025-03-31,1340.15
50177,1009,2025-04-30,1182.64
50178,1009,2025-05-31,735.13
50179,1009,2025-06-30,580.2
50180,1009,2025-07-31,1611.7
50181,1009,2025-08-31,605.47
50182,1009,2025-09-30,1383.52
50183,1009,2025-10-31,1346.84
50184,1009,2025-11-30,658.7
50185,1009,2025-12-31,1553.87
50186,1010,2024-10-31,338.57
50187,1010,2024-11-30,981.64
50188,1010,2024-12-31,417.97
50189,1010,2025-01-31,421.61
50190,1010,2025-02-28,597.5
50191,1010,2025-03-31,604.24
50192,1010,2025-04-30,566.35
50193,1010,2025-05-31,253.32
50194,1010,2025-06-30,534.09
50195,1010,2025-07-31,340.15
50196,1010,2025-08-31,726.62
50197,1010,2025-09-30,626.51
50198,1010,2025-10-31,559.51
50199,1010,2025-11-30,896.86
50200,1010,2025-12-31,439.55
50201,1011,2024-04-30,959.18
50202,1011,2024-05-31,976.99
50203,1011,2024-06-30,687.42
50204,1011,2024-07-31,716.31
50205,1011,2024-08-31,1158.18
50206,1011,2024-09-30,1080.92
50207,1011,2024-10-31,1248.53
50208,1011,2024-11-30,626.69
50209,1011,2024-12-31,1126.21
50210,1011,2025-01-31,1566.04
50211,1011,2025-02-28,1467.42
50212,1011,2025-03-31,1196.98
50213,1011,2025-04-30,1478.64
50214,1011,2025-05-31,908.62
50215,1011,2025-06-30,1296.91
50216,1011,2025-07-31,1054.12
50217,1011,2025-08-31,1497.57
50218,1011,2025-09-30,1116.93
50219,1011,2025-10-31,713.74
50220,1011,2025-11-30,605.9
50221,1011,2025-12-31,614.3
50222,1012,2024-01-31,990.97
50223,1012,2024-02-29,844.63
50224,1012,2024-03-31,708.81
50225,1012,2024-04-30,1247.31
50226,1012,2024-05-31,1976.89
50227,1012,2024-06-30,1103.0
50228,1012,2024-07-31,1573.03
50229,1012,2024-08-31,1473.92
50230,1012,2024-09-30,744.76
50231,1012,2024-10-31,1585.17
50232,1012,2024-11-30,1267.62
50233,1012,2024-12-31,1276.53
50234,1012,2025-01-31,1032.52
50235,1012,2025-02-28,1281.3
50236,1012,2025-03-31,711.74
50237,1012,2025-04-30,656.35
50238,1012,2025-05-31,1254.59
50239,1012,2025-06-30,565.41
50240,1012,2025-07-31,732.53
50241,1012,2025-08-31,519.63
50242,1012,2025-09-30,1338.63
50243,1012,2025-10-31,1139.51
50244,1012,2025-11-30,783.43
50245,1012,2025-12-31,809.85
50246,1013,2024-01-31,471.31
50247,1013,2024-02-29,719.58
50248,1013,2024-03-31,1136.0
50249,1013,2024-04-30,877.36
50250,1013,2024-05-31,741.77
50251,1013,2024-06-30,1106.64
50252,1013,2024-07-31,908.64
50253,1013,2024-08-31,794.81
50254,1013,2024-09-30,1074.84
50255,1013,2024-10-31,799.94
50256,1013,2024-11-30,584.77
50257,1013,2024-12-31,662.47
50258,1013,2025-01-31,787.32
50259,1013,2025-02-28,965.59
50260,1013,2025-03-31,645.43
50261,1013,2025-04-30,712.68
50262,1013,2025-05-31,619.61
50263,1013,2025-06-30,1484.5
50264,1013,2025-07-31,636.83
50265,1013,2025-08-31,1250.59
50266,1013,2025-09-30,1099.73
50267,1013,2025-10-31,772.04
50268,1013,2025-11-30,726.13
50269,1013,2025-12-31,1138.62
50270,1014,2024-03-31,1083.57
50271,1014,2024-04-30,774.34
50272,1014,2024-05-31,868.12
50273,1014,2024-06-30,470.96
50274,1014,2024-07-31,1668.82
50275,1014,2024-08-31,558.95
50276,1014,2024-09-30,594.26
50277,1014,2024-10-31,1449.84
50278,1014,2024-11-30,1827.19
50279,1014,2024-12-31,1004.78
50280,1014,2025-01-31,1141.71
50281,1014,2025-02-28,1118.17
50282,1014,2025-03-31,820.09
50283,1014,2025-04-30,690.2
50284,1014,2025-05-31,626.05
50285,1014,2025-06-30,771.73
50286,1014,2025-07-31,859.65
50287,1014,2025-08-31,1353.12
50288,1014,2025-09-30,1121.75
50289,1014,2025-10-31,1414.87
50290,1014,2025-11-30,761.62
50291,1014,2025-12-31,575.32
50292,1015,2024-01-31,687.53
50293,1015,2024-02-29,740.75
50294,1015,2024-03-31,990.72
50295,1015,2024-04-30,1227.71
50296,1015,2024-05-31,1268.9
50297,1015,2024-06-30,810.22
50298,1015,2024-07-31,1059.71
50299,1015,2024-08-31,476.89
50300,1015,2024-09-30,1140.75
50301,1015,2024-10-31,726.69
50302,1015,2024-11-30,1279.38
50303,1015,2024-12-31,645.79
50304,1015,2025-01-31,1331.22
50305,1015,2025-02-28,769.29
50306,1015,2025-03-31,423.83
50307,1015,2025-04-30,1409.14
50308,1015,2025-05-31,822.32
50309,1015,2025-06-30,1236.79
50310,1015,2025-07-31,1581.13
50311,1015,2025-08-31,748.68
50312,1015,2025-09-30,588.68
50313,1015,2025-10-31,460.07
50314,1015,2025-11-30,907.45
50315,1015,2025-12-31,951.64
50316,1016,2024-03-31,488.91
50317,1016,2024-04-30,688.63
50318,1016,2024-05-31,603.18
50319,1016,2024-06-30,391.08
50320,1016,2024-07-31,768.86
50321,1016,2024-08-31,333.26
50322,1016,2024-09-30,589.92
50323,1016,2024-10-31,557.94
50324,1016,2024-11-30,823.82
50325,1016,2024-12-31,634.67
50326,1016,2025-01-31,1024.71
50327,1016,2025-02-28,428.16
50328,1016,2025-03-31,510.12
50329,1016,2025-04-30,596.22
50330,1016,2025-05-31,763.37
50331,1016,2025-06-30,647.58
50332,1016,2025-07-31,589.05
50333,1016,2025-08-31,803.55
50334,1016,2025-09-30,660.4
50335,1016,2025-10-31,739.36
50336,1016,2025-11-30,667.22
50337,1016,2025-12-31,462.61
50338,1017,2024-07-31,1066.34
50339,1017,2024-08-31,772.95
50340,1017,2024-09-30,504.69
50341,1017,2024-10-31,698.38
50342,1017,2024-11-30,1518.78
50343,1017,2024-12-31,1237.51
50344,1017,2025-01-31,788.89
50345,1017,2025-02-28,1088.03
50346,1017,2025-03-31,1014.95
50347,1017,2025-04-30,1196.03
50348,1017,2025-05-31,746.18
50349,1017,2025-06-30,797.43
50350,1017,2025-07-31,1026.54
50351,1017,2025-08-31,1287.7
50352,1017,2025-09-30,743.47
50353,1017,2025-10-31,1417.38
50354,1017,2025-11-30,1127.83
50355,1017,2025-12-31,1687.29
50356,1018,2024-01-31,721.11
50357,1018,2024-02-29,419.21
50358,1018,2024-03-31,587.65
50359,1018,2024-04-30,553.14
50360,1018,2024-05-31,455.11
50361,1018,2024-06-30,522.17
50362,1018,2024-07-31,731.18
50363,1018,2024-08-31,460.3
50364,1018,2024-09-30,442.85
50365,1018,2024-10-31,921.92
50366,1018,2024-11-30,603.84
50367,1018,2024-12-31,330.23
50368,1018,2025-01-31,369.57
50369,1018,2025-02-28,412.47
50370,1018,2025-03-31,326.25
50371,1018,2025-04-30,690.17
50372,1018,2025-05-31,832.5
50373,1018,2025-06-30,302.83
50374,1018,2025-07-31,250.0
50375,1018,2025-08-31,680.79
50376,1018,2025-09-30,325.93
50377,1018,2025-10-31,781.02
50378,1018,2025-11-30,442.12
50379,1018,2025-12-31,701.06
50380,1019,2024-01-31,1267.74
50381,1019,2024-02-29,1111.33
50382,1019,2024-03-31,742.17
50383,1019,2024-04-30,1602.25
50384,1019,2024-05-31,1391.79
50385,1019,2024-06-30,595.29
50386,1019,2024-07-31,1332.1
50387,1019,2024-08-31,695.1
50388,1019,2024-09-30,1563.66
50389,1019,2024-10-31,591.68
50390,1019,2024-11-30,760.97
50391,1019,2024-12-31,870.56
50392,1019,2025-01-31,557.39
50393,1019,2025-02-28,1074.33
50394,1019,2025-03-31,1193.14
50395,1019,2025-04-30,847.03
50396,1019,2025-05-31,800.45
50397,1019,2025-06-30,1251.19
50398,1019,2025-07-31,1266.95
50399,1019,2025-08-31,753.38
50400,1019,2025-09-30,1001.68
50401,1019,2025-10-31,1232.57
50402,1019,2025-11-30,1790.72
50403,1019,2025-12-31,1738.32
50404,1020,2024-01-31,1301.49
50405,1020,2024-02-29,1040.17
50406,1020,2024-03-31,590.63
50407,1020,2024-04-30,1008.74
50408,1020,2024-05-31,716.35
50409,1020,2024-06-30,869.51
50410,1020,2024-07-31,891.22
50411,1020,2024-08-31,335.55
50412,1020,2024-09-30,1046.21
50413,1020,2024-10-31,544.39
50414,1020,2024-11-30,694.73
50415,1020,2024-12-31,550.92
50416,1020,2025-01-31,1040.01
50417,1020,2025-02-28,604.96
50418,1020,2025-03-31,1158.55
50419,1020,2025-04-30,865.22
50420,1020,2025-05-31,542.85
50421,1020,2025-06-30,834.56
50422,1020,2025-07-31,399.49
50423,1020,2025-08-31,932.82
50424,1020,2025-09-30,793.99
50425,1020,2025-10-31,641.02
50426,1020,2025-11-30,490.24
50427,1020,2025-12-31,526.48
50428,1021,2024-01-31,563.35
50429,1021,2024-02-29,501.86
50430,1021,2024-03-31,673.87
50431,1021,2024-04-30,401.9
50432,1021,2024-05-31,448.85
50433,1021,2024-06-30,1131.7
50434,1021,2024-07-31,778.51
50435,1021,2024-08-31,1243.55
50436,1021,2024-09-30,622.2
50437,1021,2024-10-31,696.97
50438,1021,2024-11-30,975.2
50439,1021,2024-12-31,771.85
50440,1021,2025-01-31,494.55
50441,1021,2025-02-28,1345.74
50442,1021,2025-03-31,1225.7
50443,1021,2025-04-30,941.01
50444,1021,2025-05-31,459.21
50445,1021,2025-06-30,606.71
50446,1021,2025-07-31,549.71
50447,1021,2025-08-31,867.27
50448,1021,2025-09-30,1239.76
50449,1021,2025-10-31,1093.76
50450,1021,2025-11-30,967.91
50451,1021,2025-12-31,870.52
50452,1022,2024-01-31,322.01
50453,1022,2024-02-29,532.32
50454,1022,2024-03-31,436.92
50455,1022,2024-04-30,993.93
50456,1022,2024-05-31,503.13
50457,1022,2024-06-30,439.78
50458,1022,2024-07-31,767.96
50459,1022,2024-08-31,899.07
50460,1022,2024-09-30,781.81
50461,1022,2024-10-31,949.62
50462,1022,2024-11-30,288.47
50463,1022,2024-12-31,464.97
50464,1022,2025-01-31,495.16
50465,1022,2025-02-28,1063.84
50466,1022,2025-03-31,503.69
50467,1022,2025-04-30,562.96
50468,1022,2025-05-31,679.92
50469,1022,2025-06-30,562.29
50470,1022,2025-07-31,952.2
50471,1022,2025-08-31,1170.6
50472,1022,2025-09-30,813.23
50473,1022,2025-10-31,538.4
50474,1022,2025-11-30,993.5
50475,1022,2025-12-31,734.83
50476,1023,2024-01-31,936.3
50477,1023,2024-02-29,1982.43
50478,1023,2024-03-31,901.59
50479,1023,2024-04-30,797.85
50480,1023,2024-05-31,562.61
50481,1023,2024-06-30,1124.52
50482,1023,2024-07-31,1386.83
50483,1023,2024-08-31,848.22
50484,1023,2024-09-30,1757.99
50485,1023,2024-10-31,1354.58
50486,1023,2024-11-30,1403.6
50487,1023,2024-12-31,964.72
50488,1023,2025-01-31,750.03
50489,1023,2025-02-28,604.2
50490,1023,2025-03-31,967.0
50491,1023,2025-04-30,1243.74
50492,1023,2025-05-31,1530.52
50493,1023,2025-06-30,1228.5
50494,1023,2025-07-31,1185.62
50495,1023,2025-08-31,997.14
50496,1023,2025-09-30,1055.41
50497,1023,2025-10-31,1430.09
50498,1023,2025-11-30,1440.78
50499,1023,2025-12-31,980.01
50500,1024,2024-04-30,827.2
50501,1024,2024-05-31,513.27
50502,1024,2024-06-30,720.29
50503,1024,2024-07-31,872.92
50504,1024,2024-08-31,584.03
50505,1024,2024-09-30,951.03
50506,1024,2024-10-31,952.2
50507,1024,2024-11-30,1012.26
50508,1024,2024-12-31,1059.21
50509,1024,2025-01-31,494.04
50510,1024,2025-02-28,628.52
50511,1024,2025-03-31,642.53
50512,1024,2025-04-30,596.0
50513,1024,2025-05-31,965.17
50514,1024,2025-06-30,810.39
50515,1024,2025-07-31,549.67
50516,1024,2025-08-31,801.18
50517,1024,2025-09-30,824.49
50518,1024,2025-10-31,731.53
50519,1024,2025-11-30,1300.78
50520,1024,2025-12-31,611.69
50521,1025,2024-01-31,1036.78
50522,1025,2024-02-29,677.22
50523,1025,2024-03-31,726.49
50524,1025,2024-04-30,742.15
50525,1025,2024-05-31,959.2
50526,1025,2024-06-30,870.56
50527,1025,2024-07-31,377.48
50528,1025,2024-08-31,441.81
50529,1025,2024-09-30,329.91
50530,1025,2024-10-31,834.09
50531,1025,2024-11-30,397.34
50532,1025,2024-12-31,978.41
50533,1025,2025-01-31,709.28
50534,1025,2025-02-28,638.97
50535,1025,2025-03-31,691.89
50536,1025,2025-04-30,715.43
50537,1025,2025-05-31,569.68
50538,1025,2025-06-30,984.42
50539,1025,2025-07-31,348.58
50540,1025,2025-08-31,930.43
50541,1025,2025-09-30,437.39
50542,1025,2025-10-31,837.78
50543,1025,2025-11-30,742.03
50544,1025,2025-12-31,526.91
50545,1026,2024-07-31,460.26
50546,1026,2024-08-31,469.69
50547,1026,2024-09-30,1041.5
50548,1026,2024-10-31,697.8
50549,1026,2024-11-30,524.7
50550,1026,2024-12-31,949.82
50551,1026,2025-01-31,1045.76
50552,1026,2025-02-28,591.38
50553,1026,2025-03-31,599.42
50554,1026,2025-04-30,832.95
50555,1026,2025-05-31,411.29
50556,1026,2025-06-30,537.83
50557,1026,2025-07-31,763.95
50558,1026,2025-08-31,335.54
50559,1026,2025-09-30,729.44
50560,1026,2025-10-31,549.19
50561,1026,2025-11-30,600.25
50562,1026,2025-12-31,831.41
50563,1027,2024-08-31,1203.94
50564,1027,2024-09-30,699.54
50565,1027,2024-10-31,1341.04
50566,1027,2024-11-30,856.32
50567,1027,2024-12-31,677.78
50568,1027,2025-01-31,1058.52
50569,1027,2025-02-28,579.49
50570,1027,2025-03-31,1257.14
50571,1027,2025-04-30,379.62
50572,1027,2025-05-31,1109.9
50573,1027,2025-06-30,1471.16
50574,1027,2025-07-31,1033.27
50575,1027,2025-08-31,607.33
50576,1027,2025-09-30,1211.11
50577,1027,2025-10-31,665.32
50578,1027,2025-11-30,1282.58
50579,1027,2025-12-31,818.83
50580,1028,2024-07-31,776.77
50581,1028,2024-08-31,1498.39
50582,1028,2024-09-30,1114.31
50583,1028,2024-10-31,1345.58
50584,1028,2024-11-30,1240.48
50585,1028,2024-12-31,1188.73
50586,1028,2025-01-31,1079.28
50587,1028,2025-02-28,1563.58
50588,1028,2025-03-31,892.79
50589,1028,2025-04-30,412.94
50590,1028,2025-05-31,1310.53
50591,1028,2025-06-30,999.81
50592,1028,2025-07-31,775.07
50593,1028,2025-08-31,897.73
50594,1028,2025-09-30,874.05
50595,1028,2025-10-31,1008.96
50596,1028,2025-11-30,972.58
50597,1028,2025-12-31,543.07
50598,1029,2024-01-31,833.84
50599,1029,2024-02-29,815.51
50600,1029,2024-03-31,745.92
50601,1029,2024-04-30,1335.54
50602,1029,2024-05-31,645.56
50603,1029,2024-06-30,1138.22
50604,1029,2024-07-31,716.37
50605,1029,2024-08-31,455.99
50606,1029,2024-09-30,1054.41
50607,1029,2024-10-31,946.41
50608,1029,2024-11-30,510.94
50609,1029,2024-12-31,799.08
50610,1029,2025-01-31,1089.61
50611,1029,2025-02-28,1093.61
50612,1029,2025-03-31,857.66
50613,1029,2025-04-30,968.61
50614,1029,2025-05-31,1050.84
50615,1029,2025-06-30,1518.18
50616,1029,2025-07-31,1121.25
50617,1029,2025-08-31,1419.8
50618,1029,2025-09-30,1540.48
50619,1029,2025-10-31,1527.75
50620,1029,2025-11-30,1070.94
50621,1029,2025-12-31,1639.17
50622,1030,2024-01-31,1565.32
50623,1030,2024-02-29,1517.81
50624,1030,2024-03-31,842.68
50625,1030,2024-04-30,1029.06
50626,1030,2024-05-31,734.2
50627,1030,2024-06-30,1886.36
50628,1030,2024-07-31,768.78
50629,1030,2024-08-31,1323.0
50630,1030,2024-09-30,1162.33
50631,1030,2024-10-31,1060.22
50632,1030,2024-11-30,619.08
50633,1030,2024-12-31,1797.97
50634,1030,2025-01-31,685.19
50635,1030,2025-02-28,1125.45
50636,1030,2025-03-31,497.75
50637,1030,2025-04-30,1289.52
50638,1030,2025-05-31,554.09
50639,1030,2025-06-30,1588.47
50640,1030,2025-07-31,1266.76
50641,1030,2025-08-31,436.21
50642,1030,2025-09-30,754.35
50643,1030,2025-10-31,1223.31
50644,1030,2025-11-30,923.78
50645,1030,2025-12-31,947.62
50646,1031,2024-11-30,1488.0
50647,1031,2024-12-31,1989.14
50648,1031,2025-01-31,2116.59
50649,1031,2025-02-28,2053.07
50650,1031,2025-03-31,1841.93
50651,1031,2025-04-30,1160.21
50652,1031,2025-05-31,2030.32
50653,1031,2025-06-30,2446.5
50654,1031,2025-07-31,2222.82
50655,1031,2025-08-31,2507.57
50656,1031,2025-09-30,2470.6
50657,1031,2025-10-31,2342.23
50658,1031,2025-11-30,1765.0
50659,1031,2025-12-31,1836.43
50660,1032,2024-01-31,573.83
50661,1032,2024-02-29,520.94
50662,1032,2024-03-31,982.23
50663,1032,2024-04-30,868.76
50664,1032,2024-05-31,1004.16
50665,1032,2024-06-30,1259.43
50666,1032,2024-07-31,737.64
50667,1032,2024-08-31,479.78
50668,1032,2024-09-30,635.31
50669,1032,2024-10-31,734.65
50670,1032,2024-11-30,815.06
50671,1032,2024-12-31,331.38
50672,1032,2025-01-31,989.05
50673,1032,2025-02-28,868.18
50674,1032,2025-03-31,750.88
50675,1032,2025-04-30,545.88
50676,1032,2025-05-31,820.53
50677,1032,2025-06-30,1061.39
50678,1032,2025-07-31,950.27
50679,1032,2025-08-31,508.5
50680,1032,2025-09-30,789.84
50681,1032,2025-10-31,1147.45
50682,1032,2025-11-30,417.05
50683,1032,2025-12-31,454.11
50684,1033,2024-01-31,321.71
50685,1033,2024-02-29,761.5
50686,1033,2024-03-31,822.41
50687,1033,2024-04-30,516.69
50688,1033,2024-05-31,857.58
50689,1033,2024-06-30,473.59
50690,1033,2024-07-31,994.4
50691,1033,2024-08-31,747.5
50692,1033,2024-09-30,860.6
50693,1033,2024-10-31,357.56
50694,1033,2024-11-30,557.58
50695,1033,2024-12-31,819.95
50696,1033,2025-01-31,340.17
50697,1033,2025-02-28,562.8
50698,1033,2025-03-31,627.49
50699,1033,2025-04-30,278.32
50700,1033,2025-05-31,689.54
50701,1033,2025-06-30,375.31
50702,1033,2025-07-31,412.4
50703,1033,2025-08-31,678.09
50704,1033,2025-09-30,852.38
50705,1033,2025-10-31,451.86
50706,1033,2025-11-30,391.21
50707,1033,2025-12-31,1080.76
50708,1034,2024-01-31,662.68
50709,1034,2024-02-29,527.35
50710,1034,2024-03-31,410.78
50711,1034,2024-04-30,383.03
50712,1034,2024-05-31,445.56
50713,1034,2024-06-30,897.1
50714,1034,2024-07-31,505.18
50715,1034,2024-08-31,620.56
50716,1034,2024-09-30,662.29
50717,1034,2024-10-31,530.66
50718,1034,2024-11-30,502.66
50719,1034,2024-12-31,645.79
50720,1034,2025-01-31,289.57
50721,1034,2025-02-28,701.81
50722,1034,2025-03-31,684.16
50723,1034,2025-04-30,728.94
50724,1034,2025-05-31,416.83
50725,1034,2025-06-30,501.11
50726,1034,2025-07-31,577.74
50727,1034,2025-08-31,755.96
50728,1034,2025-09-30,629.43
50729,1034,2025-10-31,858.12
50730,1034,2025-11-30,956.04
50731,1034,2025-12-31,808.68
50732,1035,2024-06-30,898.42
50733,1035,2024-07-31,948.94
50734,1035,2024-08-31,680.31
50735,1035,2024-09-30,901.61
50736,1035,2024-10-31,999.27
50737,1035,2024-11-30,1100.35
50738,1035,2024-12-31,618.07
50739,1035,2025-01-31,1286.05
50740,1035,2025-02-28,1501.61
50741,1035,2025-03-31,998.44
50742,1035,2025-04-30,1724.09
50743,1035,2025-05-31,945.26
50744,1035,2025-06-30,708.17
50745,1035,2025-07-31,943.27
50746,1035,2025-08-31,1402.71
50747,1035,2025-09-30,1266.77
50748,1035,2025-10-31,953.17
50749,1035,2025-11-30,1159.73
50750,1035,2025-12-31,761.78
50751,1036,2024-02-29,1457.11
50752,1036,2024-03-31,1300.16
50753,1036,2024-04-30,1681.59
50754,1036,2024-05-31,721.04
50755,1036,2024-06-30,1455.71
50756,1036,2024-07-31,867.12
50757,1036,2024-08-31,1362.0
50758,1036,2024-09-30,877.99
50759,1036,2024-10-31,786.3
50760,1036,2024-11-30,1084.77
50761,1036,2024-12-31,1536.6
50762,1036,2025-01-31,1125.23
50763,1036,2025-02-28,931.6
50764,1036,2025-03-31,649.55
50765,1036,2025-04-30,1737.9
50766,1036,2025-05-31,1579.66
50767,1036,2025-06-30,644.83
50768,1036,2025-07-31,1202.09
50769,1036,2025-08-31,854.23
50770,1036,2025-09-30,1041.06
50771,1036,2025-10-31,814.38
50772,1036,2025-11-30,825.69
50773,1036,2025-12-31,676.01
50774,1037,2024-08-31,1237.08
50775,1037,2024-09-30,809.62
50776,1037,2024-10-31,1085.36
50777,1037,2024-11-30,619.14
50778,1037,2024-12-31,888.32
50779,1037,2025-01-31,621.13
50780,1037,2025-02-28,443.57
50781,1037,2025-03-31,1025.35
50782,1037,2025-04-30,878.82
50783,1037,2025-05-31,942.19
50784,1037,2025-06-30,1344.69
50785,1037,2025-07-31,504.12
50786,1037,2025-08-31,1065.37
50787,1037,2025-09-30,724.75
50788,1037,2025-10-31,1056.13
50789,1037,2025-11-30,1326.84
50790,1037,2025-12-31,1114.54
50791,1038,2024-11-30,587.48
50792,1038,2024-12-31,466.26
50793,1038,2025-01-31,877.43
50794,1038,2025-02-28,755.39
50795,1038,2025-03-31,529.14
50796,1038,2025-04-30,872.26
50797,1038,2025-05-31,316.21
50798,1038,2025-06-30,875.4
50799,1038,2025-07-31,335.76
50800,1038,2025-08-31,548.91
50801,1038,2025-09-30,767.36
50802,1038,2025-10-31,977.46
50803,1038,2025-11-30,887.5
50804,1038,2025-12-31,646.54
50805,1039,2024-01-31,511.76
50806,1039,2024-02-29,409.4
50807,1039,2024-03-31,420.72
50808,1039,2024-04-30,440.32
50809,1039,2024-05-31,931.13
50810,1039,2024-06-30,402.39
50811,1039,2024-07-31,520.44
50812,1039,2024-08-31,661.18
50813,1039,2024-09-30,612.93
50814,1039,2024-10-31,554.64
50815,1039,2024-11-30,557.15
50816,1039,2024-12-31,429.26
50817,1039,2025-01-31,439.74
50818,1039,2025-02-28,427.41
50819,1039,2025-03-31,623.54
50820,1039,2025-04-30,603.87
50821,1039,2025-05-31,397.98
50822,1039,2025-06-30,388.19
50823,1039,2025-07-31,406.85
50824,1039,2025-08-31,591.61
50825,1039,2025-09-30,459.39
50826,1039,2025-10-31,789.12
50827,1039,2025-11-30,1077.84
50828,1039,2025-12-31,432.72
50829,1040,2024-10-31,1289.26
50830,1040,2024-11-30,1268.94
50831,1040,2024-12-31,900.52
50832,1040,2025-01-31,1416.33
50833,1040,2025-02-28,1061.31
50834,1040,2025-03-31,755.41
50835,1040,2025-04-30,989.14
50836,1040,2025-05-31,1238.57
50837,1040,2025-06-30,1173.01
50838,1040,2025-07-31,1370.15
50839,1040,2025-08-31,1096.35
50840,1040,2025-09-30,812.3
50841,1040,2025-10-31,733.61
50842,1040,2025-11-30,773.86
50843,1040,2025-12-31,1256.43
50844,1041,2024-01-31,972.18
50845,1041,2024-02-29,942.78
50846,1041,2024-03-31,1107.86
50847,1041,2024-04-30,775.01
50848,1041,2024-05-31,612.11
50849,1041,2024-06-30,1078.75
50850,1041,2024-07-31,848.4
50851,1041,2024-08-31,649.21
50852,1041,2024-09-30,1127.53
50853,1041,2024-10-31,1280.98
50854,1041,2024-11-30,1226.76
50855,1041,2024-12-31,818.13
50856,1041,2025-01-31,893.41
50857,1041,2025-02-28,1138.49
50858,1041,2025-03-31,995.58
50859,1041,2025-04-30,1276.11
50860,1041,2025-05-31,950.2
50861,1041,2025-06-30,916.58
50862,1041,2025-07-31,847.57
50863,1041,2025-08-31,1008.01
50864,1041,2025-09-30,1246.68
50865,1041,2025-10-31,472.7
50866,1041,2025-11-30,755.2
50867,1041,2025-12-31,478.19
50868,1042,2024-10-31,591.96
50869,1042,2024-11-30,557.67
50870,1042,2024-12-31,592.06
50871,1042,2025-01-31,1012.37
50872,1042,2025-02-28,836.85
50873,1042,2025-03-31,1664.53
50874,1042,2025-04-30,1430.35
50875,1042,2025-05-31,1009.07
50876,1042,2025-06-30,1416.23
50877,1042,2025-07-31,838.93
50878,1042,2025-08-31,755.06
50879,1042,2025-09-30,1328.79
50880,1042,2025-10-31,709.94
50881,1042,2025-11-30,609.54
50882,1042,2025-12-31,1215.37
50883,1043,2024-01-31,880.71
50884,1043,2024-02-29,1238.99
50885,1043,2024-03-31,543.19
50886,1043,2024-04-30,860.24
50887,1043,2024-05-31,869.83
50888,1043,2024-06-30,438.95
50889,1043,2024-07-31,358.28
50890,1043,2024-08-31,671.28
50891,1043,2024-09-30,375.02
50892,1043,2024-10-31,815.7
50893,1043,2024-11-30,968.76
50894,1043,2024-12-31,643.65
50895,1043,2025-01-31,576.04
50896,1043,2025-02-28,879.64
50897,1043,2025-03-31,988.43
50898,1043,2025-04-30,1021.05
50899,1043,2025-05-31,670.16
50900,1043,2025-06-30,488.04
50901,1043,2025-07-31,644.01
50902,1043,2025-08-31,846.41
50903,1043,2025-09-30,656.95
50904,1043,2025-10-31,497.48
50905,1043,2025-11-30,923.77
50906,1043,2025-12-31,771.84
50907,1044,2024-09-30,1365.03
50908,1044,2024-10-31,1012.41
50909,1044,2024-11-30,760.26
50910,1044,2024-12-31,700.92
50911,1044,2025-01-31,833.53
50912,1044,2025-02-28,723.65
50913,1044,2025-03-31,840.9
50914,1044,2025-04-30,558.86
50915,1044,2025-05-31,903.78
50916,1044,2025-06-30,993.42
50917,1044,2025-07-31,967.61
50918,1044,2025-08-31,1499.07
50919,1044,2025-09-30,1266.69
50920,1044,2025-10-31,732.18
50921,1044,2025-11-30,1359.99
50922,1044,2025-12-31,756.49
50923,1045,2024-01-31,525.19
50924,1045,2024-02-29,1052.0
50925,1045,2024-03-31,839.73
50926,1045,2024-04-30,993.27
50927,1045,2024-05-31,804.68
50928,1045,2024-06-30,810.21
50929,1045,2024-07-31,1132.29
50930,1045,2024-08-31,812.76
50931,1045,2024-09-30,579.91
50932,1045,2024-10-31,705.44
50933,1045,2024-11-30,1229.64
50934,1045,2024-12-31,645.7
50935,1045,2025-01-31,779.68
50936,1045,2025-02-28,1094.55
50937,1045,2025-03-31,985.08
50938,1045,2025-04-30,1220.92
50939,1045,2025-05-31,1246.83
50940,1045,2025-06-30,487.64
50941,1045,2025-07-31,535.21
50942,1045,2025-08-31,1045.4
50943,1045,2025-09-30,1102.72
50944,1045,2025-10-31,717.33
50945,1045,2025-11-30,1043.93
50946,1045,2025-12-31,549.33
50947,1046,2024-12-31,813.04
50948,1046,2025-01-31,490.08
50949,1046,2025-02-28,1472.55
50950,1046,2025-03-31,1053.88
50951,1046,2025-04-30,1150.86
50952,1046,2025-05-31,808.74
50953,1046,2025-06-30,1018.92
50954,1046,2025-07-31,884.03
50955,1046,2025-08-31,403.89
50956,1046,2025-09-30,596.32
50957,1046,2025-10-31,925.15
50958,1046,2025-11-30,1298.03
50959,1046,2025-12-31,728.64
50960,1047,2024-01-31,1252.26
50961,1047,2024-02-29,586.31
50962,1047,2024-03-31,705.3
50963,1047,2024-04-30,1101.23
50964,1047,2024-05-31,662.5
50965,1047,2024-06-30,988.53
50966,1047,2024-07-31,855.82
50967,1047,2024-08-31,1038.94
50968,1047,2024-09-30,1475.02
50969,1047,2024-10-31,1764.47
50970,1047,2024-11-30,1424.29
50971,1047,2024-12-31,1105.1
50972,1047,2025-01-31,1051.99
50973,1047,2025-02-28,1139.5
50974,1047,2025-03-31,1210.22
50975,1047,2025-04-30,1016.36
50976,1047,2025-05-31,1266.88
50977,1047,2025-06-30,1802.84
50978,1047,2025-07-31,1740.08
50979,1047,2025-08-31,1018.69
50980,1047,2025-09-30,906.08
50981,1047,2025-10-31,1410.09
50982,1047,2025-11-30,515.63
50983,1047,2025-12-31,689.91
50984,1048,2024-01-31,616.65
50985,1048,2024-02-29,1370.84
50986,1048,2024-03-31,906.97
50987,1048,2024-04-30,936.95
50988,1048,2024-05-31,904.97
50989,1048,2024-06-30,1020.57
50990,1048,2024-07-31,1253.58
50991,1048,2024-08-31,572.31
50992,1048,2024-09-30,824.38
50993,1048,2024-10-31,787.59
50994,1048,2024-11-30,1031.78
50995,1048,2024-12-31,1318.98
50996,1048,2025-01-31,557.86
50997,1048,2025-02-28,1176.82
50998,1048,2025-03-31,522.77
50999,1048,2025-04-30,880.16
51000,1048,2025-05-31,501.9
51001,1048,2025-06-30,1128.66
51002,1048,2025-07-31,1001.1
51003,1048,2025-08-31,1552.74
51004,1048,2025-09-30,944.96
51005,1048,2025-10-31,672.48
51006,1048,2025-11-30,676.71
51007,1048,2025-12-31,882.4
51008,1049,2024-10-31,1191.02
51009,1049,2024-11-30,1071.92
51010,1049,2024-12-31,969.62
51011,1049,2025-01-31,870.78
51012,1049,2025-02-28,1487.94
51013,1049,2025-03-31,1076.78
51014,1049,2025-04-30,1320.25
51015,1049,2025-05-31,943.71
51016,1049,2025-06-30,1290.78
51017,1049,2025-07-31,1095.29
51018,1049,2025-08-31,1428.26
51019,1049,2025-09-30,1031.27
51020,1049,2025-10-31,1265.99
51021,1049,2025-11-30,1575.71
51022,1049,2025-12-31,1060.69
51023,1050,2024-01-31,1011.76
51024,1050,2024-02-29,993.36
51025,1050,2024-03-31,1428.97
51026,1050,2024-04-30,1010.09
51027,1050,2024-05-31,735.76
51028,1050,2024-06-30,1102.48
51029,1050,2024-07-31,756.02
51030,1050,2024-08-31,1571.96
51031,1050,2024-09-30,682.45
51032,1050,2024-10-31,841.91
51033,1050,2024-11-30,498.59
51034,1050,2024-12-31,1026.99
51035,1050,2025-01-31,445.02
51036,1050,2025-02-28,1110.1
51037,1050,2025-03-31,447.46
51038,1050,2025-04-30,1217.05
51039,1050,2025-05-31,1122.99
51040,1050,2025-06-30,941.22
51041,1050,2025-07-31,1279.44
51042,1050,2025-08-31,548.24
51043,1050,2025-09-30,1480.61
51044,1050,2025-10-31,1100.32
51045,1050,2025-11-30,1033.16
51046,1050,2025-12-31,856.5
51047,1051,2024-01-31,586.61
51048,1051,2024-02-29,501.01
51049,1051,2024-03-31,786.92
51050,1051,2024-04-30,768.17
51051,1051,2024-05-31,587.95
51052,1051,2024-06-30,1421.66
51053,1051,2024-07-31,754.73
51054,1051,2024-08-31,1082.62
51055,1051,2024-09-30,566.6
51056,1051,2024-10-31,1224.52
51057,1051,2024-11-30,944.17
51058,1051,2024-12-31,469.62
51059,1051,2025-01-31,961.07
51060,1051,2025-02-28,488.93
51061,1051,2025-03-31,848.33
51062,1051,2025-04-30,1235.31
51063,1051,2025-05-31,522.18
51064,1051,2025-06-30,1005.8
51065,1051,2025-07-31,1152.16
51066,1051,2025-08-31,1157.25
51067,1051,2025-09-30,1301.29
51068,1051,2025-10-31,763.32
51069,1051,2025-11-30,1213.51
51070,1051,2025-12-31,370.51
51071,1052,2024-01-31,901.29
51072,1052,2024-02-29,618.32
51073,1052,2024-03-31,1149.75
51074,1052,2024-04-30,896.04
51075,1052,2024-05-31,717.15
51076,1052,2024-06-30,1572.66
51077,1052,2024-07-31,972.04
51078,1052,2024-08-31,1338.89
51079,1052,2024-09-30,1210.85
51080,1052,2024-10-31,744.8
51081,1052,2024-11-30,621.19
51082,1052,2024-12-31,1389.42
51083,1052,2025-01-31,1458.25
51084,1052,2025-02-28,1035.31
51085,1052,2025-03-31,689.12
51086,1052,2025-04-30,996.12
51087,1052,2025-05-31,1141.92
51088,1052,2025-06-30,548.97
51089,1052,2025-07-31,1698.11
51090,1052,2025-08-31,1047.01
51091,1052,2025-09-30,1021.37
51092,1052,2025-10-31,1083.98
51093,1052,2025-11-30,1528.1
51094,1052,2025-12-31,762.33
51095,1053,2024-01-31,561.71
51096,1053,2024-02-29,418.92
51097,1053,2024-03-31,765.79
51098,1053,2024-04-30,529.23
51099,1053,2024-05-31,422.69
51100,1053,2024-06-30,616.32
51101,1053,2024-07-31,640.65
51102,1053,2024-08-31,532.33
51103,1053,2024-09-30,406.37
51104,1053,2024-10-31,503.54
51105,1053,2024-11-30,433.53
51106,1053,2024-12-31,285.8
51107,1053,2025-01-31,602.34
51108,1053,2025-02-28,504.66
51109,1053,2025-03-31,337.5
51110,1053,2025-04-30,487.06
51111,1053,2025-05-31,391.3
51112,1053,2025-06-30,770.81
51113,1053,2025-07-31,272.86
51114,1053,2025-08-31,345.34
51115,1053,2025-09-30,250.0
51116,1053,2025-10-31,439.68
51117,1053,2025-11-30,800.35
51118,1053,2025-12-31,333.07
51119,1054,2024-01-31,806.35
51120,1054,2024-02-29,1032.79
51121,1054,2024-03-31,1184.14
51122,1054,2024-04-30,884.37
51123,1054,2024-05-31,578.06
51124,1054,2024-06-30,1189.57
51125,1054,2024-07-31,1174.53
51126,1054,2024-08-31,1153.08
51127,1054,2024-09-30,1157.73
51128,1054,2024-10-31,1106.79
51129,1054,2024-11-30,1222.63
51130,1054,2024-12-31,491.95
51131,1054,2025-01-31,749.84
51132,1054,2025-02-28,728.82
51133,1054,2025-03-31,1594.48
51134,1054,2025-04-30,869.16
51135,1054,2025-05-31,639.56
51136,1054,2025-06-30,1006.68
51137,1054,2025-07-31,1150.53
51138,1054,2025-08-31,1151.79
51139,1054,2025-09-30,619.71
51140,1054,2025-10-31,1037.69
51141,1054,2025-11-30,687.24
51142,1054,2025-12-31,1202.77
51143,1055,2024-03-31,495.35
51144,1055,2024-04-30,500.16
51145,1055,2024-05-31,443.64
51146,1055,2024-06-30,616.35
51147,1055,2024-07-31,773.68
51148,1055,2024-08-31,1198.51
51149,1055,2024-09-30,365.44
51150,1055,2024-10-31,786.65
51151,1055,2024-11-30,780.77
51152,1055,2024-12-31,588.12
51153,1055,2025-01-31,430.3
51154,1055,2025-02-28,613.53
51155,1055,2025-03-31,343.36
51156,1055,2025-04-30,671.0
51157,1055,2025-05-31,440.71
51158,1055,2025-06-30,395.62
51159,1055,2025-07-31,477.21
51160,1055,2025-08-31,886.19
51161,1055,2025-09-30,898.02
51162,1055,2025-10-31,524.99
51163,1055,2025-11-30,1143.22
51164,1055,2025-12-31,616.12
51165,1056,2024-01-31,569.54
51166,1056,2024-02-29,870.11
51167,1056,2024-03-31,793.75
51168,1056,2024-04-30,588.09
51169,1056,2024-05-31,598.09
51170,1056,2024-06-30,885.52
51171,1056,2024-07-31,807.6
51172,1056,2024-08-31,1198.44
51173,1056,2024-09-30,1172.79
51174,1056,2024-10-31,893.77
51175,1056,2024-11-30,849.31
51176,1056,2024-12-31,589.0
51177,1056,2025-01-31,608.09
51178,1056,2025-02-28,832.92
51179,1056,2025-03-31,736.41
51180,1056,2025-04-30,784.55
51181,1056,2025-05-31,802.58
51182,1056,2025-06-30,784.06
51183,1056,2025-07-31,584.22
51184,1056,2025-08-31,628.36
51185,1056,2025-09-30,854.93
51186,1056,2025-10-31,878.84
51187,1056,2025-11-30,431.25
51188,1056,2025-12-31,588.8
51189,1057,2024-01-31,402.92
51190,1057,2024-02-29,660.34
51191,1057,2024-03-31,1136.95
51192,1057,2024-04-30,662.48
51193,1057,2024-05-31,686.14
51194,1057,2024-06-30,1336.75
51195,1057,2024-07-31,744.15
51196,1057,2024-08-31,876.28
51197,1057,2024-09-30,451.12
51198,1057,2024-10-31,466.34
51199,1057,2024-11-30,611.54
51200,1057,2024-12-31,455.24
51201,1057,2025-01-31,475.78
51202,1057,2025-02-28,1183.59
51203,1057,2025-03-31,540.32
51204,1057,2025-04-30,1059.02
51205,1057,2025-05-31,498.92
51206,1057,2025-06-30,894.31
51207,1057,2025-07-31,746.31
51208,1057,2025-08-31,649.61
51209,1057,2025-09-30,766.42
51210,1057,2025-10-31,623.39
51211,1057,2025-11-30,917.76
51212,1057,2025-12-31,639.46
51213,1058,2024-01-31,1348.05
51214,1058,2024-02-29,938.73
51215,1058,2024-03-31,964.41
51216,1058,2024-04-30,1369.46
51217,1058,2024-05-31,884.66
51218,1058,2024-06-30,719.83
51219,1058,2024-07-31,893.0
51220,1058,2024-08-31,955.94
51221,1058,2024-09-30,795.64
51222,1058,2024-10-31,840.03
51223,1058,2024-11-30,1225.84
51224,1058,2024-12-31,1038.2
51225,1058,2025-01-31,1720.86
51226,1058,2025-02-28,881.65
51227,1058,2025-03-31,1777.23
51228,1058,2025-04-30,1260.02
51229,1058,2025-05-31,1346.68
51230,1058,2025-06-30,1020.16
51231,1058,2025-07-31,1520.83
51232,1058,2025-08-31,632.3
51233,1058,2025-09-30,1678.4
51234,1058,2025-10-31,1257.31
51235,1058,2025-11-30,1564.36
51236,1058,2025-12-31,1710.17
51237,1059,2024-11-30,637.81
51238,1059,2024-12-31,947.38
51239,1059,2025-01-31,643.02
51240,1059,2025-02-28,346.2
51241,1059,2025-03-31,467.61
51242,1059,2025-04-30,691.31
51243,1059,2025-05-31,763.8
51244,1059,2025-06-30,711.63
51245,1059,2025-07-31,414.44
51246,1059,2025-08-31,344.36
51247,1059,2025-09-30,592.6
51248,1059,2025-10-31,533.03
51249,1059,2025-11-30,782.01
51250,1059,2025-12-31,433.5
51251,1060,2024-11-30,626.77
51252,1060,2024-12-31,1868.47
51253,1060,2025-01-31,952.53
51254,1060,2025-02-28,617.48
51255,1060,2025-03-31,673.69
51256,1060,2025-04-30,1383.78
51257,1060,2025-05-31,1321.75
51258,1060,2025-06-30,1426.3
51259,1060,2025-07-31,1897.85
51260,1060,2025-08-31,1961.11
51261,1060,2025-09-30,1182.27
51262,1060,2025-10-31,596.21
51263,1060,2025-11-30,1238.14
51264,1060,2025-12-31,1021.57
51265,1061,2024-01-31,250.0
51266,1061,2024-02-29,453.37
51267,1061,2024-03-31,427.0
51268,1061,2024-04-30,391.81
51269,1061,2024-05-31,285.39
51270,1061,2024-06-30,486.62
51271,1061,2024-07-31,368.27
51272,1061,2024-08-31,250.0
51273,1061,2024-09-30,417.4
51274,1061,2024-10-31,310.3
51275,1061,2024-11-30,436.99
51276,1061,2024-12-31,457.12
51277,1061,2025-01-31,353.4
51278,1061,2025-02-28,255.61
51279,1061,2025-03-31,250.0
51280,1061,2025-04-30,410.25
51281,1061,2025-05-31,469.08
51282,1061,2025-06-30,250.0
51283,1061,2025-07-31,250.0
51284,1061,2025-08-31,500.6
51285,1061,2025-09-30,261.99
51286,1061,2025-10-31,462.14
51287,1061,2025-11-30,365.26
51288,1061,2025-12-31,434.87
51289,1062,2024-01-31,1071.69
51290,1062,2024-02-29,1365.42
51291,1062,2024-03-31,1132.12
51292,1062,2024-04-30,1397.0
51293,1062,2024-05-31,703.76
51294,1062,2024-06-30,565.96
51295,1062,2024-07-31,1115.1
51296,1062,2024-08-31,1140.24
51297,1062,2024-09-30,922.15
51298,1062,2024-10-31,913.48
51299,1062,2024-11-30,802.57
51300,1062,2024-12-31,1138.45
51301,1062,2025-01-31,1027.39
51302,1062,2025-02-28,619.34
51303,1062,2025-03-31,1055.62
51304,1062,2025-04-30,911.25
51305,1062,2025-05-31,531.33
51306,1062,2025-06-30,967.13
51307,1062,2025-07-31,1242.3
51308,1062,2025-08-31,1243.59
51309,1062,2025-09-30,670.97
51310,1062,2025-10-31,674.53
51311,1062,2025-11-30,1330.31
51312,1062,2025-12-31,645.77
51313,1063,2024-01-31,471.76
51314,1063,2024-02-29,654.79
51315,1063,2024-03-31,572.49
51316,1063,2024-04-30,1175.05
51317,1063,2024-05-31,622.5
51318,1063,2024-06-30,487.8
51319,1063,2024-07-31,807.24
51320,1063,2024-08-31,898.37
51321,1063,2024-09-30,627.85
51322,1063,2024-10-31,1274.29
51323,1063,2024-11-30,578.74
51324,1063,2024-12-31,848.89
51325,1063,2025-01-31,898.94
51326,1063,2025-02-28,768.24
51327,1063,2025-03-31,774.17
51328,1063,2025-04-30,750.35
51329,1063,2025-05-31,751.11
51330,1063,2025-06-30,420.31
51331,1063,2025-07-31,1014.6
51332,1063,2025-08-31,989.83
51333,1063,2025-09-30,955.92
51334,1063,2025-10-31,543.08
51335,1063,2025-11-30,1403.03
51336,1063,2025-12-31,960.46
51337,1064,2024-12-31,1140.54
51338,1064,2025-01-31,1428.53
51339,1064,2025-02-28,1385.64
51340,1064,2025-03-31,706.84
51341,1064,2025-04-30,739.0
51342,1064,2025-05-31,682.38
51343,1064,2025-06-30,704.97
51344,1064,2025-07-31,1493.54
51345,1064,2025-08-31,1657.9
51346,1064,2025-09-30,1227.67
51347,1064,2025-10-31,1148.37
51348,1064,2025-11-30,886.66
51349,1064,2025-12-31,479.81
51350,1065,2024-05-31,635.79
51351,1065,2024-06-30,654.98
51352,1065,2024-07-31,826.52
51353,1065,2024-08-31,1503.0
51354,1065,2024-09-30,844.23
51355,1065,2024-10-31,1307.66
51356,1065,2024-11-30,951.82
51357,1065,2024-12-31,972.39
51358,1065,2025-01-31,658.46
51359,1065,2025-02-28,1129.03
51360,1065,2025-03-31,881.17
51361,1065,2025-04-30,574.63
51362,1065,2025-05-31,740.14
51363,1065,2025-06-30,1121.18
51364,1065,2025-07-31,710.98
51365,1065,2025-08-31,726.68
51366,1065,2025-09-30,1419.49
51367,1065,2025-10-31,483.37
51368,1065,2025-11-30,1768.02
51369,1065,2025-12-31,1384.06
51370,1066,2024-07-31,1489.71
51371,1066,2024-08-31,1360.16
51372,1066,2024-09-30,1175.42
51373,1066,2024-10-31,1197.69
51374,1066,2024-11-30,583.26
51375,1066,2024-12-31,1535.06
51376,1066,2025-01-31,627.54
51377,1066,2025-02-28,950.44
51378,1066,2025-03-31,637.73
51379,1066,2025-04-30,728.11
51380,1066,2025-05-31,1108.22
51381,1066,2025-06-30,741.71
51382,1066,2025-07-31,1213.91
51383,1066,2025-08-31,608.54
51384,1066,2025-09-30,1147.92
51385,1066,2025-10-31,792.34
51386,1066,2025-11-30,558.75
51387,1066,2025-12-31,902.76
51388,1067,2024-01-31,763.74
51389,1067,2024-02-29,568.71
51390,1067,2024-03-31,742.56
51391,1067,2024-04-30,383.57
51392,1067,2024-05-31,926.25
51393,1067,2024-06-30,551.63
51394,1067,2024-07-31,998.12
51395,1067,2024-08-31,346.58
51396,1067,2024-09-30,548.61
51397,1067,2024-10-31,684.79
51398,1067,2024-11-30,569.34
51399,1067,2024-12-31,513.57
51400,1067,2025-01-31,751.14
51401,1067,2025-02-28,700.88
51402,1067,2025-03-31,453.93
51403,1067,2025-04-30,868.57
51404,1067,2025-05-31,1196.86
51405,1067,2025-06-30,828.19
51406,1067,2025-07-31,641.28
51407,1067,2025-08-31,628.26
51408,1067,2025-09-30,410.28
51409,1067,2025-10-31,802.47
51410,1067,2025-11-30,518.52
51411,1067,2025-12-31,312.06
51412,1068,2024-04-30,515.01
51413,1068,2024-05-31,341.23
51414,1068,2024-06-30,1288.47
51415,1068,2024-07-31,812.55
51416,1068,2024-08-31,781.48
51417,1068,2024-09-30,762.46
51418,1068,2024-10-31,825.94
51419,1068,2024-11-30,858.7
51420,1068,2024-12-31,514.15
51421,1068,2025-01-31,689.28
51422,1068,2025-02-28,473.6
51423,1068,2025-03-31,740.18
51424,1068,2025-04-30,900.61
51425,1068,2025-05-31,608.96
51426,1068,2025-06-30,599.03
51427,1068,2025-07-31,1131.67
51428,1068,2025-08-31,699.09
51429,1068,2025-09-30,977.08
51430,1068,2025-10-31,959.5
51431,1068,2025-11-30,1100.91
51432,1068,2025-12-31,1102.4
51433,1069,2024-01-31,752.23
51434,1069,2024-02-29,875.85
51435,1069,2024-03-31,1332.89
51436,1069,2024-04-30,1360.2
51437,1069,2024-05-31,912.04
51438,1069,2024-06-30,661.77
51439,1069,2024-07-31,1980.38
51440,1069,2024-08-31,800.19
51441,1069,2024-09-30,1583.34
51442,1069,2024-10-31,989.04
51443,1069,2024-11-30,1061.32
51444,1069,2024-12-31,1538.65
51445,1069,2025-01-31,970.13
51446,1069,2025-02-28,1643.16
51447,1069,2025-03-31,1519.23
51448,1069,2025-04-30,1176.41
51449,1069,2025-05-31,1817.58
51450,1069,2025-06-30,1056.07
51451,1069,2025-07-31,645.33
51452,1069,2025-08-31,1339.17
51453,1069,2025-09-30,1566.88
51454,1069,2025-10-31,1144.08
51455,1069,2025-11-30,1276.63
51456,1069,2025-12-31,1246.96
51457,1070,2024-05-31,641.5
51458,1070,2024-06-30,589.42
51459,1070,2024-07-31,561.5
51460,1070,2024-08-31,588.43
51461,1070,2024-09-30,1002.83
51462,1070,2024-10-31,1124.34
51463,1070,2024-11-30,1137.16
51464,1070,2024-12-31,1076.78
51465,1070,2025-01-31,938.42
51466,1070,2025-02-28,752.88
51467,1070,2025-03-31,522.65
51468,1070,2025-04-30,401.0
51469,1070,2025-05-31,1070.42
51470,1070,2025-06-30,516.98
51471,1070,2025-07-31,1430.44
51472,1070,2025-08-31,862.65
51473,1070,2025-09-30,1280.23
51474,1070,2025-10-31,806.12
51475,1070,2025-11-30,1284.84
51476,1070,2025-12-31,541.94
51477,1071,2024-02-29,287.16
51478,1071,2024-03-31,570.5
51479,1071,2024-04-30,616.47
51480,1071,2024-05-31,278.84
51481,1071,2024-06-30,410.59
51482,1071,2024-07-31,275.26
51483,1071,2024-08-31,323.55
51484,1071,2024-09-30,250.0
51485,1071,2024-10-31,335.16
51486,1071,2024-11-30,737.93
51487,1071,2024-12-31,258.92
51488,1071,2025-01-31,589.81
51489,1071,2025-02-28,399.24
51490,1071,2025-03-31,616.18
51491,1071,2025-04-30,270.59
51492,1071,2025-05-31,635.51
51493,1071,2025-06-30,338.51
51494,1071,2025-07-31,250.0
51495,1071,2025-08-31,572.87
51496,1071,2025-09-30,513.35
51497,1071,2025-10-31,280.0
51498,1071,2025-11-30,456.34
51499,1071,2025-12-31,680.0
51500,1072,2024-01-31,384.77
51501,1072,2024-02-29,696.36
51502,1072,2024-03-31,462.63
51503,1072,2024-04-30,819.43
51504,1072,2024-05-31,471.23
51505,1072,2024-06-30,288.09
51506,1072,2024-07-31,538.5
51507,1072,2024-08-31,608.7
51508,1072,2024-09-30,383.34
51509,1072,2024-10-31,630.47
51510,1072,2024-11-30,408.09
51511,1072,2024-12-31,438.64
51512,1072,2025-01-31,250.0
51513,1072,2025-02-28,455.44
51514,1072,2025-03-31,471.54
51515,1072,2025-04-30,876.94
51516,1072,2025-05-31,584.72
51517,1072,2025-06-30,599.61
51518,1072,2025-07-31,795.43
51519,1072,2025-08-31,763.64
51520,1072,2025-09-30,771.06
51521,1072,2025-10-31,416.06
51522,1072,2025-11-30,719.57
51523,1072,2025-12-31,441.9
51524,1073,2024-06-30,672.43
51525,1073,2024-07-31,426.25
51526,1073,2024-08-31,626.75
51527,1073,2024-09-30,721.22
51528,1073,2024-10-31,828.95
51529,1073,2024-11-30,908.57
51530,1073,2024-12-31,304.55
51531,1073,2025-01-31,350.87
51532,1073,2025-02-28,1001.6
51533,1073,2025-03-31,334.0
51534,1073,2025-04-30,307.07
51535,1073,2025-05-31,845.98
51536,1073,2025-06-30,817.34
51537,1073,2025-07-31,419.95
51538,1073,2025-08-31,702.73
51539,1073,2025-09-30,501.23
51540,1073,2025-10-31,600.26
51541,1073,2025-11-30,586.79
51542,1073,2025-12-31,965.0
51543,1074,2024-04-30,1286.98
51544,1074,2024-05-31,936.2
51545,1074,2024-06-30,917.52
51546,1074,2024-07-31,880.97
51547,1074,2024-08-31,943.31
51548,1074,2024-09-30,796.03
51549,1074,2024-10-31,1063.82
51550,1074,2024-11-30,695.49
51551,1074,2024-12-31,859.42
51552,1074,2025-01-31,460.86
51553,1074,2025-02-28,1097.92
51554,1074,2025-03-31,937.3
51555,1074,2025-04-30,612.39
51556,1074,2025-05-31,1069.23
51557,1074,2025-06-30,1422.38
51558,1074,2025-07-31,1144.19
51559,1074,2025-08-31,1146.37
51560,1074,2025-09-30,860.52
51561,1074,2025-10-31,540.57
51562,1074,2025-11-30,882.3
51563,1074,2025-12-31,974.31
51564,1075,2024-01-31,808.49
51565,1075,2024-02-29,756.87
51566,1075,2024-03-31,696.37
51567,1075,2024-04-30,570.46
51568,1075,2024-05-31,686.39
51569,1075,2024-06-30,832.11
51570,1075,2024-07-31,415.74
51571,1075,2024-08-31,855.56
51572,1075,2024-09-30,590.14
51573,1075,2024-10-31,1375.95
51574,1075,2024-11-30,461.56
51575,1075,2024-12-31,616.55
51576,1075,2025-01-31,1135.12
51577,1075,2025-02-28,737.49
51578,1075,2025-03-31,1317.23
51579,1075,2025-04-30,824.81
51580,1075,2025-05-31,610.28
51581,1075,2025-06-30,615.89
51582,1075,2025-07-31,960.91
51583,1075,2025-08-31,869.87
51584,1075,2025-09-30,1475.22
51585,1075,2025-10-31,503.6
51586,1075,2025-11-30,874.15
51587,1075,2025-12-31,674.83
51588,1076,2024-01-31,905.14
51589,1076,2024-02-29,1827.09
51590,1076,2024-03-31,1823.16
51591,1076,2024-04-30,913.58
51592,1076,2024-05-31,1193.49
51593,1076,2024-06-30,619.87
51594,1076,2024-07-31,1157.12
51595,1076,2024-08-31,1393.38
51596,1076,2024-09-30,626.89
51597,1076,2024-10-31,1773.32
51598,1076,2024-11-30,1036.23
51599,1076,2024-12-31,1242.41
51600,1076,2025-01-31,923.77
51601,1076,2025-02-28,1132.21
51602,1076,2025-03-31,1151.12
51603,1076,2025-04-30,736.16
51604,1076,2025-05-31,842.5
51605,1076,2025-06-30,1276.37
51606,1076,2025-07-31,880.41
51607,1076,2025-08-31,1366.56
51608,1076,2025-09-30,1259.45
51609,1076,2025-10-31,847.75
51610,1076,2025-11-30,522.54
51611,1076,2025-12-31,1202.79
51612,1077,2024-01-31,902.17
51613,1077,2024-02-29,903.98
51614,1077,2024-03-31,457.79
51615,1077,2024-04-30,948.81
51616,1077,2024-05-31,1421.3
51617,1077,2024-06-30,525.02
51618,1077,2024-07-31,607.97
51619,1077,2024-08-31,672.63
51620,1077,2024-09-30,380.64
51621,1077,2024-10-31,751.42
51622,1077,2024-11-30,1067.13
51623,1077,2024-12-31,548.12
51624,1077,2025-01-31,586.4
51625,1077,2025-02-28,1182.76
51626,1077,2025-03-31,1340.5
51627,1077,2025-04-30,637.37
51628,1077,2025-05-31,335.68
51629,1077,2025-06-30,973.08
51630,1077,2025-07-31,445.79
51631,1077,2025-08-31,898.31
51632,1077,2025-09-30,1176.43
51633,1077,2025-10-31,425.38
51634,1077,2025-11-30,1018.88
51635,1077,2025-12-31,710.26
51636,1078,2024-11-30,810.85
51637,1078,2024-12-31,1142.18
51638,1078,2025-01-31,867.47
51639,1078,2025-02-28,1293.6
51640,1078,2025-03-31,1072.32
51641,1078,2025-04-30,1096.66
51642,1078,2025-05-31,845.34
51643,1078,2025-06-30,1250.08
51644,1078,2025-07-31,693.21
51645,1078,2025-08-31,1438.21
51646,1078,2025-09-30,656.18
51647,1078,2025-10-31,1000.65
51648,1078,2025-11-30,1641.59
51649,1078,2025-12-31,1909.38
51650,1079,2024-01-31,786.69
51651,1079,2024-02-29,1063.53
51652,1079,2024-03-31,1106.5
51653,1079,2024-04-30,593.78
51654,1079,2024-05-31,970.48
51655,1079,2024-06-30,845.23
51656,1079,2024-07-31,755.08
51657,1079,2024-08-31,1636.96
51658,1079,2024-09-30,1553.02
51659,1079,2024-10-31,1280.93
51660,1079,2024-11-30,968.25
51661,1079,2024-12-31,1235.57
51662,1079,2025-01-31,662.25
51663,1079,2025-02-28,703.57
51664,1079,2025-03-31,504.42
51665,1079,2025-04-30,807.84
51666,1079,2025-05-31,795.81
51667,1079,2025-06-30,1623.94
51668,1079,2025-07-31,1090.86
51669,1079,2025-08-31,989.6
51670,1079,2025-09-30,539.59
51671,1079,2025-10-31,439.59
51672,1079,2025-11-30,828.6
51673,1079,2025-12-31,1409.71
51674,1080,2024-01-31,717.88
51675,1080,2024-02-29,782.3
51676,1080,2024-03-31,985.21
51677,1080,2024-04-30,1409.28
51678,1080,2024-05-31,1012.36
51679,1080,2024-06-30,644.07
51680,1080,2024-07-31,866.65
51681,1080,2024-08-31,1421.86
51682,1080,2024-09-30,593.94
51683,1080,2024-10-31,424.68
51684,1080,2024-11-30,496.9
51685,1080,2024-12-31,481.7
51686,1080,2025-01-31,755.92
51687,1080,2025-02-28,620.05
51688,1080,2025-03-31,614.68
51689,1080,2025-04-30,367.76
51690,1080,2025-05-31,964.96
51691,1080,2025-06-30,1273.95
51692,1080,2025-07-31,853.95
51693,1080,2025-08-31,1040.3
51694,1080,2025-09-30,814.81
51695,1080,2025-10-31,555.34
51696,1080,2025-11-30,856.15
51697,1080,2025-12-31,517.44
51698,1081,2024-05-31,746.72
51699,1081,2024-06-30,1044.59
51700,1081,2024-07-31,619.88
51701,1081,2024-08-31,657.85
51702,1081,2024-09-30,1229.72
51703,1081,2024-10-31,1267.89
51704,1081,2024-11-30,1024.09
51705,1081,2024-12-31,761.28
51706,1081,2025-01-31,992.76
51707,1081,2025-02-28,1102.58
51708,1081,2025-03-31,1125.8
51709,1081,2025-04-30,1046.65
51710,1081,2025-05-31,896.46
51711,1081,2025-06-30,935.11
51712,1081,2025-07-31,1052.98
51713,1081,2025-08-31,779.96
51714,1081,2025-09-30,1575.38
51715,1081,2025-10-31,1453.83
51716,1081,2025-11-30,647.55
51717,1081,2025-12-31,1136.1
51718,1082,2024-01-31,495.8
51719,1082,2024-02-29,874.31
51720,1082,2024-03-31,885.6
51721,1082,2024-04-30,431.78
51722,1082,2024-05-31,681.59
51723,1082,2024-06-30,643.92
51724,1082,2024-07-31,645.51
51725,1082,2024-08-31,656.06
51726,1082,2024-09-30,758.11
51727,1082,2024-10-31,510.83
51728,1082,2024-11-30,638.24
51729,1082,2024-12-31,680.89
51730,1082,2025-01-31,720.41
51731,1082,2025-02-28,662.4
51732,1082,2025-03-31,1017.9
51733,1082,2025-04-30,301.13
51734,1082,2025-05-31,549.55
51735,1082,2025-06-30,967.59
51736,1082,2025-07-31,793.61
51737,1082,2025-08-31,431.53
51738,1082,2025-09-30,470.13
51739,1082,2025-10-31,896.59
51740,1082,2025-11-30,670.39
51741,1082,2025-12-31,969.58
51742,1083,2024-01-31,881.05
51743,1083,2024-02-29,678.53
51744,1083,2024-03-31,450.49
51745,1083,2024-04-30,747.52
51746,1083,2024-05-31,1067.85
51747,1083,2024-06-30,1110.67
51748,1083,2024-07-31,552.82
51749,1083,2024-08-31,981.1
51750,1083,2024-09-30,524.07
51751,1083,2024-10-31,603.03
51752,1083,2024-11-30,694.71
51753,1083,2024-12-31,1095.33
51754,1083,2025-01-31,1141.68
51755,1083,2025-02-28,720.42
51756,1083,2025-03-31,1293.44
51757,1083,2025-04-30,955.98
51758,1083,2025-05-31,1040.97
51759,1083,2025-06-30,464.51
51760,1083,2025-07-31,580.54
51761,1083,2025-08-31,1199.45
51762,1083,2025-09-30,883.23
51763,1083,2025-10-31,787.37
51764,1083,2025-11-30,871.97
51765,1083,2025-12-31,927.19
51766,1084,2024-06-30,748.83
51767,1084,2024-07-31,510.73
51768,1084,2024-08-31,357.81
51769,1084,2024-09-30,438.54
51770,1084,2024-10-31,703.01
51771,1084,2024-11-30,881.28
51772,1084,2024-12-31,993.42
51773,1084,2025-01-31,681.07
51774,1084,2025-02-28,755.95
51775,1084,2025-03-31,588.91
51776,1084,2025-04-30,448.28
51777,1084,2025-05-31,1088.38
51778,1084,2025-06-30,1025.25
51779,1084,2025-07-31,619.7
51780,1084,2025-08-31,356.23
51781,1084,2025-09-30,437.52
51782,1084,2025-10-31,611.3
51783,1084,2025-11-30,396.97
51784,1084,2025-12-31,840.48
51785,1085,2024-03-31,355.3
51786,1085,2024-04-30,602.9
51787,1085,2024-05-31,351.14
51788,1085,2024-06-30,409.58
51789,1085,2024-07-31,730.98
51790,1085,2024-08-31,630.38
51791,1085,2024-09-30,497.01
51792,1085,2024-10-31,715.15
51793,1085,2024-11-30,288.73
51794,1085,2024-12-31,296.22
51795,1085,2025-01-31,611.28
51796,1085,2025-02-28,483.09
51797,1085,2025-03-31,321.78
51798,1085,2025-04-30,657.32
51799,1085,2025-05-31,571.86
51800,1085,2025-06-30,551.14
51801,1085,2025-07-31,419.36
51802,1085,2025-08-31,861.24
51803,1085,2025-09-30,551.35
51804,1085,2025-10-31,307.88
51805,1085,2025-11-30,553.09
51806,1085,2025-12-31,850.31
51807,1086,2024-04-30,526.41
51808,1086,2024-05-31,1386.13
51809,1086,2024-06-30,571.24
51810,1086,2024-07-31,765.08
51811,1086,2024-08-31,1466.2
51812,1086,2024-09-30,1041.56
51813,1086,2024-10-31,646.29
51814,1086,2024-11-30,1021.38
51815,1086,2024-12-31,641.76
51816,1086,2025-01-31,1066.39
51817,1086,2025-02-28,859.72
51818,1086,2025-03-31,592.64
51819,1086,2025-04-30,382.29
51820,1086,2025-05-31,520.25
51821,1086,2025-06-30,913.75
51822,1086,2025-07-31,1134.8
51823,1086,2025-08-31,1060.51
51824,1086,2025-09-30,510.68
51825,1086,2025-10-31,623.79
51826,1086,2025-11-30,1376.39
51827,1086,2025-12-31,1068.47
51828,1087,2024-01-31,383.13
51829,1087,2024-02-29,671.66
51830,1087,2024-03-31,730.85
51831,1087,2024-04-30,995.96
51832,1087,2024-05-31,680.07
51833,1087,2024-06-30,354.26
51834,1087,2024-07-31,479.67
51835,1087,2024-08-31,855.54
51836,1087,2024-09-30,581.39
51837,1087,2024-10-31,431.5
51838,1087,2024-11-30,310.91
51839,1087,2024-12-31,551.9
51840,1087,2025-01-31,745.46
51841,1087,2025-02-28,325.34
51842,1087,2025-03-31,446.08
51843,1087,2025-04-30,375.47
51844,1087,2025-05-31,769.13
51845,1087,2025-06-30,488.65
51846,1087,2025-07-31,929.85
51847,1087,2025-08-31,461.53
51848,1087,2025-09-30,720.8
51849,1087,2025-10-31,658.68
51850,1087,2025-11-30,842.49
51851,1087,2025-12-31,602.62
51852,1088,2024-01-31,714.86
51853,1088,2024-02-29,714.03
51854,1088,2024-03-31,693.55
51855,1088,2024-04-30,622.25
51856,1088,2024-05-31,945.47
51857,1088,2024-06-30,577.06
51858,1088,2024-07-31,763.48
51859,1088,2024-08-31,480.77
51860,1088,2024-09-30,587.12
51861,1088,2024-10-31,914.74
51862,1088,2024-11-30,848.39
51863,1088,2024-12-31,953.44
51864,1088,2025-01-31,577.88
51865,1088,2025-02-28,880.37
51866,1088,2025-03-31,846.96
51867,1088,2025-04-30,1143.24
51868,1088,2025-05-31,952.05
51869,1088,2025-06-30,800.05
51870,1088,2025-07-31,396.8
51871,1088,2025-08-31,956.73
51872,1088,2025-09-30,1023.54
51873,1088,2025-10-31,792.19
51874,1088,2025-11-30,532.26
51875,1088,2025-12-31,633.39
51876,1089,2024-01-31,727.04
51877,1089,2024-02-29,1558.21
51878,1089,2024-03-31,1635.49
51879,1089,2024-04-30,1127.58
51880,1089,2024-05-31,540.53
51881,1089,2024-06-30,647.42
51882,1089,2024-07-31,1046.02
51883,1089,2024-08-31,941.97
51884,1089,2024-09-30,596.14
51885,1089,2024-10-31,1291.03
51886,1089,2024-11-30,650.34
51887,1089,2024-12-31,656.76
51888,1089,2025-01-31,1348.09
51889,1089,2025-02-28,1202.7
51890,1089,2025-03-31,671.29
51891,1089,2025-04-30,881.47
51892,1089,2025-05-31,1211.58
51893,1089,2025-06-30,954.99
51894,1089,2025-07-31,662.65
51895,1089,2025-08-31,932.09
51896,1089,2025-09-30,922.9
51897,1089,2025-10-31,557.94
51898,1089,2025-11-30,1154.65
51899,1089,2025-12-31,1083.98
51900,1090,2024-04-30,1618.17
51901,1090,2024-05-31,802.77
51902,1090,2024-06-30,755.16
51903,1090,2024-07-31,1586.48
51904,1090,2024-08-31,886.9
51905,1090,2024-09-30,723.5
51906,1090,2024-10-31,735.48
51907,1090,2024-11-30,562.76
51908,1090,2024-12-31,1127.32
51909,1090,2025-01-31,1363.66
51910,1090,2025-02-28,1536.21
51911,1090,2025-03-31,1153.3
51912,1090,2025-04-30,891.87
51913,1090,2025-05-31,1155.77
51914,1090,2025-06-30,1225.61
51915,1090,2025-07-31,1361.04
51916,1090,2025-08-31,1282.66
51917,1090,2025-09-30,1215.58
51918,1090,2025-10-31,1009.33
51919,1090,2025-11-30,923.24
51920,1090,2025-12-31,873.6
51921,1091,2024-01-31,1281.03
51922,1091,2024-02-29,1052.91
51923,1091,2024-03-31,1129.57
51924,1091,2024-04-30,605.79
51925,1091,2024-05-31,640.03
51926,1091,2024-06-30,962.25
51927,1091,2024-07-31,801.19
51928,1091,2024-08-31,483.91
51929,1091,2024-09-30,1254.75
51930,1091,2024-10-31,635.54
51931,1091,2024-11-30,1147.61
51932,1091,2024-12-31,1000.61
51933,1091,2025-01-31,1191.83
51934,1091,2025-02-28,1070.9
51935,1091,2025-03-31,819.62
51936,1091,2025-04-30,710.33
51937,1091,2025-05-31,767.14
51938,1091,2025-06-30,945.66
51939,1091,2025-07-31,925.57
51940,1091,2025-08-31,619.35
51941,1091,2025-09-30,1373.44
51942,1091,2025-10-31,681.16
51943,1091,2025-11-30,917.54
51944,1091,2025-12-31,576.55
51945,1092,2024-01-31,938.33
51946,1092,2024-02-29,935.71
51947,1092,2024-03-31,1209.3
51948,1092,2024-04-30,761.87
51949,1092,2024-05-31,451.08
51950,1092,2024-06-30,343.77
51951,1092,2024-07-31,943.02
51952,1092,2024-08-31,445.76
51953,1092,2024-09-30,370.72
51954,1092,2024-10-31,629.29
51955,1092,2024-11-30,984.4
51956,1092,2024-12-31,544.7
51957,1092,2025-01-31,1465.97
51958,1092,2025-02-28,497.33
51959,1092,2025-03-31,910.85
51960,1092,2025-04-30,958.39
51961,1092,2025-05-31,584.15
51962,1092,2025-06-30,322.47
51963,1092,2025-07-31,605.26
51964,1092,2025-08-31,725.99
51965,1092,2025-09-30,1070.88
51966,1092,2025-10-31,1148.83
51967,1092,2025-11-30,772.24
51968,1092,2025-12-31,543.63
51969,1093,2024-07-31,395.26
51970,1093,2024-08-31,870.69
51971,1093,2024-09-30,598.88
51972,1093,2024-10-31,427.31
51973,1093,2024-11-30,826.98
51974,1093,2024-12-31,839.85
51975,1093,2025-01-31,553.48
51976,1093,2025-02-28,855.17
51977,1093,2025-03-31,1193.37
51978,1093,2025-04-30,471.97
51979,1093,2025-05-31,812.95
51980,1093,2025-06-30,980.18
51981,1093,2025-07-31,1355.7
51982,1093,2025-08-31,346.45
51983,1093,2025-09-30,1021.43
51984,1093,2025-10-31,941.12
51985,1093,2025-11-30,1013.03
51986,1093,2025-12-31,895.45
51987,1094,2024-05-31,870.47
51988,1094,2024-06-30,1195.75
51989,1094,2024-07-31,581.25
51990,1094,2024-08-31,947.63
51991,1094,2024-09-30,986.87
51992,1094,2024-10-31,481.25
51993,1094,2024-11-30,972.88
51994,1094,2024-12-31,780.54
51995,1094,2025-01-31,1326.96
51996,1094,2025-02-28,760.08
51997,1094,2025-03-31,714.17
51998,1094,2025-04-30,922.68
51999,1094,2025-05-31,1121.4
52000,1094,2025-06-30,842.21
52001,1094,2025-07-31,507.62
52002,1094,2025-08-31,1116.71
52003,1094,2025-09-30,883.76
52004,1094,2025-10-31,791.87
52005,1094,2025-11-30,777.65
52006,1094,2025-12-31,700.43
52007,1095,2024-08-31,262.69
52008,1095,2024-09-30,254.57
52009,1095,2024-10-31,257.82
52010,1095,2024-11-30,276.06
52011,1095,2024-12-31,323.03
52012,1095,2025-01-31,403.43
52013,1095,2025-02-28,470.69
52014,1095,2025-03-31,255.2
52015,1095,2025-04-30,493.26
52016,1095,2025-05-31,346.83
52017,1095,2025-06-30,452.27
52018,1095,2025-07-31,502.28
52019,1095,2025-08-31,256.48
52020,1095,2025-09-30,250.0
52021,1095,2025-10-31,298.34
52022,1095,2025-11-30,395.19
52023,1095,2025-12-31,250.0
52024,1096,2024-01-31,393.2
52025,1096,2024-02-29,559.15
52026,1096,2024-03-31,627.53
52027,1096,2024-04-30,581.29
52028,1096,2024-05-31,510.06
52029,1096,2024-06-30,837.84
52030,1096,2024-07-31,690.07
52031,1096,2024-08-31,390.66
52032,1096,2024-09-30,555.62
52033,1096,2024-10-31,320.43
52034,1096,2024-11-30,743.86
52035,1096,2024-12-31,647.28
52036,1096,2025-01-31,282.46
52037,1096,2025-02-28,655.89
52038,1096,2025-03-31,284.68
52039,1096,2025-04-30,380.91
52040,1096,2025-05-31,495.01
52041,1096,2025-06-30,353.98
52042,1096,2025-07-31,566.0
52043,1096,2025-08-31,524.15
52044,1096,2025-09-30,313.03
52045,1096,2025-10-31,523.56
52046,1096,2025-11-30,596.84
52047,1096,2025-12-31,388.97
52048,1097,2024-12-31,355.1
52049,1097,2025-01-31,674.41
52050,1097,2025-02-28,316.16
52051,1097,2025-03-31,819.8
52052,1097,2025-04-30,278.12
52053,1097,2025-05-31,385.55
52054,1097,2025-06-30,357.63
52055,1097,2025-07-31,541.91
52056,1097,2025-08-31,830.17
52057,1097,2025-09-30,507.43
52058,1097,2025-10-31,722.11
52059,1097,2025-11-30,542.21
52060,1097,2025-12-31,648.03
52061,1098,2024-01-31,986.66
52062,1098,2024-02-29,250.0
52063,1098,2024-03-31,391.41
52064,1098,2024-04-30,429.49
52065,1098,2024-05-31,965.01
52066,1098,2024-06-30,626.32
52067,1098,2024-07-31,500.67
52068,1098,2024-08-31,551.42
52069,1098,2024-09-30,727.41
52070,1098,2024-10-31,479.08
52071,1098,2024-11-30,754.98
52072,1098,2024-12-31,751.17
52073,1098,2025-01-31,694.91
52074,1098,2025-02-28,505.64
52075,1098,2025-03-31,937.23
52076,1098,2025-04-30,291.67
52077,1098,2025-05-31,857.32
52078,1098,2025-06-30,648.81
52079,1098,2025-07-31,666.66
52080,1098,2025-08-31,343.46
52081,1098,2025-09-30,754.85
52082,1098,2025-10-31,352.65
52083,1098,2025-11-30,826.6
52084,1098,2025-12-31,400.46
52085,1099,2024-04-30,1474.61
52086,1099,2024-05-31,1710.34
52087,1099,2024-06-30,1523.5
52088,1099,2024-07-31,935.61
52089,1099,2024-08-31,1454.6
52090,1099,2024-09-30,1047.93
52091,1099,2024-10-31,550.46
52092,1099,2024-11-30,510.65
52093,1099,2024-12-31,1350.56
52094,1099,2025-01-31,1054.19
52095,1099,2025-02-28,577.67
52096,1099,2025-03-31,1485.98
52097,1099,2025-04-30,1141.84
52098,1099,2025-05-31,1172.8
52099,1099,2025-06-30,797.62
52100,1099,2025-07-31,1533.11
52101,1099,2025-08-31,1125.34
52102,1099,2025-09-30,1495.61
52103,1099,2025-10-31,676.17
52104,1099,2025-11-30,1539.95
52105,1099,2025-12-31,866.68
52106,1100,2024-01-31,825.04
52107,1100,2024-02-29,376.22
52108,1100,2024-03-31,401.43
52109,1100,2024-04-30,1053.05
52110,1100,2024-05-31,472.26
52111,1100,2024-06-30,583.95
52112,1100,2024-07-31,443.96
52113,1100,2024-08-31,935.13
52114,1100,2024-09-30,318.08
52115,1100,2024-10-31,765.75
52116,1100,2024-11-30,597.98
52117,1100,2024-12-31,1077.1
52118,1100,2025-01-31,484.55
52119,1100,2025-02-28,1110.92
52120,1100,2025-03-31,510.46
52121,1100,2025-04-30,344.44
52122,1100,2025-05-31,512.19
52123,1100,2025-06-30,838.24
52124,1100,2025-07-31,654.07
52125,1100,2025-08-31,675.47
52126,1100,2025-09-30,542.65
52127,1100,2025-10-31,955.55
52128,1100,2025-11-30,692.04
52129,1100,2025-12-31,582.78
52130,1101,2024-11-30,796.73
52131,1101,2024-12-31,588.49
52132,1101,2025-01-31,614.8
52133,1101,2025-02-28,488.08
52134,1101,2025-03-31,986.28
52135,1101,2025-04-30,636.4
52136,1101,2025-05-31,1272.28
52137,1101,2025-06-30,897.03
52138,1101,2025-07-31,707.16
52139,1101,2025-08-31,787.22
52140,1101,2025-09-30,1162.9
52141,1101,2025-10-31,1042.28
52142,1101,2025-11-30,906.58
52143,1101,2025-12-31,1017.21
52144,1102,2024-01-31,1682.51
52145,1102,2024-02-29,1045.98
52146,1102,2024-03-31,1780.36
52147,1102,2024-04-30,1259.9
52148,1102,2024-05-31,956.01
52149,1102,2024-06-30,1664.13
52150,1102,2024-07-31,890.74
52151,1102,2024-08-31,1406.08
52152,1102,2024-09-30,1655.36
52153,1102,2024-10-31,897.62
52154,1102,2024-11-30,1528.16
52155,1102,2024-12-31,1109.1
52156,1102,2025-01-31,1287.89
52157,1102,2025-02-28,650.79
52158,1102,2025-03-31,1452.48
52159,1102,2025-04-30,755.0
52160,1102,2025-05-31,1179.45
52161,1102,2025-06-30,1547.82
52162,1102,2025-07-31,631.25
52163,1102,2025-08-31,1483.06
52164,1102,2025-09-30,862.54
52165,1102,2025-10-31,1083.32
52166,1102,2025-11-30,699.07
52167,1102,2025-12-31,734.44
52168,1103,2024-08-31,899.34
52169,1103,2024-09-30,438.92
52170,1103,2024-10-31,339.02
52171,1103,2024-11-30,1171.85
52172,1103,2024-12-31,925.64
52173,1103,2025-01-31,830.61
52174,1103,2025-02-28,912.0
52175,1103,2025-03-31,849.81
52176,1103,2025-04-30,1091.2
52177,1103,2025-05-31,990.82
52178,1103,2025-06-30,904.66
52179,1103,2025-07-31,1021.35
52180,1103,2025-08-31,992.08
52181,1103,2025-09-30,560.1
52182,1103,2025-10-31,724.52
52183,1103,2025-11-30,701.97
52184,1103,2025-12-31,876.14
52185,1104,2024-01-31,540.44
52186,1104,2024-02-29,1105.95
52187,1104,2024-03-31,1671.5
52188,1104,2024-04-30,1357.49
52189,1104,2024-05-31,1629.84
52190,1104,2024-06-30,533.96
52191,1104,2024-07-31,746.64
52192,1104,2024-08-31,736.21
52193,1104,2024-09-30,760.26
52194,1104,2024-10-31,763.39
52195,1104,2024-11-30,1735.13
52196,1104,2024-12-31,800.93
52197,1104,2025-01-31,673.99
52198,1104,2025-02-28,957.8
52199,1104,2025-03-31,975.39
52200,1104,2025-04-30,1660.93
52201,1104,2025-05-31,879.31
52202,1104,2025-06-30,1628.73
52203,1104,2025-07-31,564.05
52204,1104,2025-08-31,1263.87
52205,1104,2025-09-30,1205.63
52206,1104,2025-10-31,1043.86
52207,1104,2025-11-30,1680.7
52208,1104,2025-12-31,735.67
52209,1105,2024-08-31,363.45
52210,1105,2024-09-30,540.1
52211,1105,2024-10-31,680.33
52212,1105,2024-11-30,482.76
52213,1105,2024-12-31,363.77
52214,1105,2025-01-31,675.35
52215,1105,2025-02-28,513.95
52216,1105,2025-03-31,813.36
52217,1105,2025-04-30,822.87
52218,1105,2025-05-31,512.8
52219,1105,2025-06-30,432.28
52220,1105,2025-07-31,588.79
52221,1105,2025-08-31,272.61
52222,1105,2025-09-30,728.78
52223,1105,2025-10-31,713.31
52224,1105,2025-11-30,631.97
52225,1105,2025-12-31,268.83
52226,1106,2024-01-31,537.1
52227,1106,2024-02-29,823.98
52228,1106,2024-03-31,478.32
52229,1106,2024-04-30,600.86
52230,1106,2024-05-31,999.87
52231,1106,2024-06-30,1037.28
52232,1106,2024-07-31,1144.42
52233,1106,2024-08-31,574.98
52234,1106,2024-09-30,649.21
52235,1106,2024-10-31,560.03
52236,1106,2024-11-30,1215.26
52237,1106,2024-12-31,363.81
52238,1106,2025-01-31,699.93
52239,1106,2025-02-28,915.45
52240,1106,2025-03-31,1110.35
52241,1106,2025-04-30,697.92
52242,1106,2025-05-31,1020.92
52243,1106,2025-06-30,771.86
52244,1106,2025-07-31,743.91
52245,1106,2025-08-31,819.95
52246,1106,2025-09-30,518.44
52247,1106,2025-10-31,886.77
52248,1106,2025-11-30,728.7
52249,1106,2025-12-31,332.33
52250,1107,2024-01-31,409.39
52251,1107,2024-02-29,994.58
52252,1107,2024-03-31,644.57
52253,1107,2024-04-30,448.9
52254,1107,2024-05-31,653.77
52255,1107,2024-06-30,746.41
52256,1107,2024-07-31,364.25
52257,1107,2024-08-31,669.55
52258,1107,2024-09-30,411.6
52259,1107,2024-10-31,626.61
52260,1107,2024-11-30,482.08
52261,1107,2024-12-31,400.59
52262,1107,2025-01-31,446.94
52263,1107,2025-02-28,581.78
52264,1107,2025-03-31,250.0
52265,1107,2025-04-30,790.37
52266,1107,2025-05-31,712.09
52267,1107,2025-06-30,543.84
52268,1107,2025-07-31,642.37
52269,1107,2025-08-31,548.27
52270,1107,2025-09-30,342.85
52271,1107,2025-10-31,588.5
52272,1107,2025-11-30,308.15
52273,1107,2025-12-31,444.62
52274,1108,2024-01-31,495.16
52275,1108,2024-02-29,954.28
52276,1108,2024-03-31,427.66
52277,1108,2024-04-30,865.64
52278,1108,2024-05-31,895.44
52279,1108,2024-06-30,489.15
52280,1108,2024-07-31,413.03
52281,1108,2024-08-31,892.42
52282,1108,2024-09-30,952.58
52283,1108,2024-10-31,618.8
52284,1108,2024-11-30,965.22
52285,1108,2024-12-31,784.23
52286,1108,2025-01-31,924.72
52287,1108,2025-02-28,750.47
52288,1108,2025-03-31,534.35
52289,1108,2025-04-30,717.97
52290,1108,2025-05-31,1131.66
52291,1108,2025-06-30,361.42
52292,1108,2025-07-31,655.13
52293,1108,2025-08-31,985.25
52294,1108,2025-09-30,553.53
52295,1108,2025-10-31,525.21
52296,1108,2025-11-30,717.72
52297,1108,2025-12-31,831.62
52298,1109,2024-05-31,956.75
52299,1109,2024-06-30,1098.39
52300,1109,2024-07-31,1609.02
52301,1109,2024-08-31,1245.12
52302,1109,2024-09-30,556.94
52303,1109,2024-10-31,810.52
52304,1109,2024-11-30,794.49
52305,1109,2024-12-31,1581.12
52306,1109,2025-01-31,736.22
52307,1109,2025-02-28,1657.63
52308,1109,2025-03-31,1005.93
52309,1109,2025-04-30,1754.7
52310,1109,2025-05-31,855.06
52311,1109,2025-06-30,882.95
52312,1109,2025-07-31,1186.92
52313,1109,2025-08-31,1287.27
52314,1109,2025-09-30,944.44
52315,1109,2025-10-31,1260.37
52316,1109,2025-11-30,744.05
52317,1109,2025-12-31,729.16
52318,1110,2024-01-31,564.3
52319,1110,2024-02-29,381.53
52320,1110,2024-03-31,250.0
52321,1110,2024-04-30,586.04
52322,1110,2024-05-31,250.0
52323,1110,2024-06-30,438.02
52324,1110,2024-07-31,388.78
52325,1110,2024-08-31,309.22
52326,1110,2024-09-30,556.57
52327,1110,2024-10-31,361.33
52328,1110,2024-11-30,441.36
52329,1110,2024-12-31,576.42
52330,1110,2025-01-31,437.29
52331,1110,2025-02-28,343.92
52332,1110,2025-03-31,250.0
52333,1110,2025-04-30,389.94
52334,1110,2025-05-31,250.0
52335,1110,2025-06-30,250.0
52336,1110,2025-07-31,388.72
52337,1110,2025-08-31,482.22
52338,1110,2025-09-30,522.88
52339,1110,2025-10-31,356.22
52340,1110,2025-11-30,687.48
52341,1110,2025-12-31,625.99
52342,1111,2024-01-31,847.03
52343,1111,2024-02-29,1073.79
52344,1111,2024-03-31,1276.63
52345,1111,2024-04-30,699.8
52346,1111,2024-05-31,782.48
52347,1111,2024-06-30,1250.66
52348,1111,2024-07-31,735.37
52349,1111,2024-08-31,888.56
52350,1111,2024-09-30,699.79
52351,1111,2024-10-31,1731.94
52352,1111,2024-11-30,646.3
52353,1111,2024-12-31,827.36
52354,1111,2025-01-31,435.95
52355,1111,2025-02-28,1088.08
52356,1111,2025-03-31,1744.12
52357,1111,2025-04-30,962.39
52358,1111,2025-05-31,1050.08
52359,1111,2025-06-30,758.94
52360,1111,2025-07-31,1136.08
52361,1111,2025-08-31,1199.11
52362,1111,2025-09-30,1194.71
52363,1111,2025-10-31,1647.63
52364,1111,2025-11-30,1875.42
52365,1111,2025-12-31,758.6
52366,1112,2024-02-29,1410.33
52367,1112,2024-03-31,745.54
52368,1112,2024-04-30,538.92
52369,1112,2024-05-31,772.32
52370,1112,2024-06-30,916.26
52371,1112,2024-07-31,827.5
52372,1112,2024-08-31,1050.7
52373,1112,2024-09-30,543.14
52374,1112,2024-10-31,763.13
52375,1112,2024-11-30,680.84
52376,1112,2024-12-31,1178.34
52377,1112,2025-01-31,883.01
52378,1112,2025-02-28,1085.9
52379,1112,2025-03-31,1156.94
52380,1112,2025-04-30,1563.05
52381,1112,2025-05-31,1037.42
52382,1112,2025-06-30,730.82
52383,1112,2025-07-31,1117.27
52384,1112,2025-08-31,512.82
52385,1112,2025-09-30,723.35
52386,1112,2025-10-31,536.62
52387,1112,2025-11-30,685.3
52388,1112,2025-12-31,610.94
52389,1113,2024-01-31,638.93
52390,1113,2024-02-29,967.69
52391,1113,2024-03-31,341.45
52392,1113,2024-04-30,565.49
52393,1113,2024-05-31,871.66
52394,1113,2024-06-30,730.47
52395,1113,2024-07-31,296.38
52396,1113,2024-08-31,764.74
52397,1113,2024-09-30,1042.12
52398,1113,2024-10-31,667.92
52399,1113,2024-11-30,694.78
52400,1113,2024-12-31,752.33
52401,1113,2025-01-31,423.74
52402,1113,2025-02-28,553.04
52403,1113,2025-03-31,659.76
52404,1113,2025-04-30,827.64
52405,1113,2025-05-31,508.91
52406,1113,2025-06-30,747.32
52407,1113,2025-07-31,749.5
52408,1113,2025-08-31,927.38
52409,1113,2025-09-30,787.55
52410,1113,2025-10-31,592.07
52411,1113,2025-11-30,851.86
52412,1113,2025-12-31,673.91
52413,1114,2024-01-31,650.66
52414,1114,2024-02-29,535.69
52415,1114,2024-03-31,390.93
52416,1114,2024-04-30,250.0
52417,1114,2024-05-31,506.27
52418,1114,2024-06-30,352.22
52419,1114,2024-07-31,531.53
52420,1114,2024-08-31,431.84
52421,1114,2024-09-30,670.77
52422,1114,2024-10-31,391.23
52423,1114,2024-11-30,610.2
52424,1114,2024-12-31,508.44
52425,1114,2025-01-31,250.0
52426,1114,2025-02-28,480.92
52427,1114,2025-03-31,480.05
52428,1114,2025-04-30,297.44
52429,1114,2025-05-31,250.0
52430,1114,2025-06-30,267.26
52431,1114,2025-07-31,390.87
52432,1114,2025-08-31,673.13
52433,1114,2025-09-30,388.93
52434,1114,2025-10-31,274.64
52435,1114,2025-11-30,394.18
52436,1114,2025-12-31,278.93
52437,1115,2024-04-30,1203.54
52438,1115,2024-05-31,911.28
52439,1115,2024-06-30,679.87
52440,1115,2024-07-31,857.01
52441,1115,2024-08-31,1580.35
52442,1115,2024-09-30,866.8
52443,1115,2024-10-31,1024.9
52444,1115,2024-11-30,817.58
52445,1115,2024-12-31,862.76
52446,1115,2025-01-31,775.06
52447,1115,2025-02-28,753.91
52448,1115,2025-03-31,944.11
52449,1115,2025-04-30,866.24
52450,1115,2025-05-31,917.91
52451,1115,2025-06-30,1158.19
52452,1115,2025-07-31,730.11
52453,1115,2025-08-31,715.29
52454,1115,2025-09-30,1296.81
52455,1115,2025-10-31,574.02
52456,1115,2025-11-30,461.14
52457,1115,2025-12-31,788.16
52458,1116,2024-05-31,759.2
52459,1116,2024-06-30,1055.04
52460,1116,2024-07-31,809.24
52461,1116,2024-08-31,570.01
52462,1116,2024-09-30,551.34
52463,1116,2024-10-31,361.16
52464,1116,2024-11-30,568.45
52465,1116,2024-12-31,506.08
52466,1116,2025-01-31,675.96
52467,1116,2025-02-28,475.03
52468,1116,2025-03-31,826.32
52469,1116,2025-04-30,446.6
52470,1116,2025-05-31,356.88
52471,1116,2025-06-30,792.97
52472,1116,2025-07-31,604.61
52473,1116,2025-08-31,731.76
52474,1116,2025-09-30,868.49
52475,1116,2025-10-31,478.75
52476,1116,2025-11-30,367.08
52477,1116,2025-12-31,795.43
52478,1117,2024-06-30,748.39
52479,1117,2024-07-31,645.06
52480,1117,2024-08-31,462.19
52481,1117,2024-09-30,1262.44
52482,1117,2024-10-31,608.28
52483,1117,2024-11-30,472.61
52484,1117,2024-12-31,1511.7
52485,1117,2025-01-31,1185.47
52486,1117,2025-02-28,845.11
52487,1117,2025-03-31,1279.11
52488,1117,2025-04-30,683.47
52489,1117,2025-05-31,826.05
52490,1117,2025-06-30,538.49
52491,1117,2025-07-31,1416.78
52492,1117,2025-08-31,1186.38
52493,1117,2025-09-30,834.39
52494,1117,2025-10-31,716.31
52495,1117,2025-11-30,1388.78
52496,1117,2025-12-31,1444.43
52497,1118,2024-11-30,1105.46
52498,1118,2024-12-31,1381.67
52499,1118,2025-01-31,547.17
52500,1118,2025-02-28,497.73
52501,1118,2025-03-31,1120.06
52502,1118,2025-04-30,859.71
52503,1118,2025-05-31,830.45
52504,1118,2025-06-30,449.12
52505,1118,2025-07-31,521.48
52506,1118,2025-08-31,1314.9
52507,1118,2025-09-30,564.73
52508,1118,2025-10-31,1046.11
52509,1118,2025-11-30,1260.35
52510,1118,2025-12-31,469.74
52511,1119,2024-01-31,1621.91
52512,1119,2024-02-29,748.66
52513,1119,2024-03-31,752.78
52514,1119,2024-04-30,1418.88
52515,1119,2024-05-31,913.05
52516,1119,2024-06-30,1959.05
52517,1119,2024-07-31,1219.79
52518,1119,2024-08-31,902.35
52519,1119,2024-09-30,741.12
52520,1119,2024-10-31,1512.42
52521,1119,2024-11-30,1613.24
52522,1119,2024-12-31,1005.65
52523,1119,2025-01-31,1464.8
52524,1119,2025-02-28,1188.79
52525,1119,2025-03-31,1887.56
52526,1119,2025-04-30,851.57
52527,1119,2025-05-31,1174.16
52528,1119,2025-06-30,1160.04
52529,1119,2025-07-31,1101.1
52530,1119,2025-08-31,1072.9
52531,1119,2025-09-30,1252.59
52532,1119,2025-10-31,1138.19
52533,1119,2025-11-30,1788.65
52534,1119,2025-12-31,1584.34
52535,1120,2024-01-31,1170.21
52536,1120,2024-02-29,969.32
52537,1120,2024-03-31,437.02
52538,1120,2024-04-30,800.64
52539,1120,2024-05-31,593.75
52540,1120,2024-06-30,812.51
52541,1120,2024-07-31,1076.9
52542,1120,2024-08-31,1039.37
52543,1120,2024-09-30,472.29
52544,1120,2024-10-31,653.91
52545,1120,2024-11-30,653.92
52546,1120,2024-12-31,419.12
52547,1120,2025-01-31,492.3
52548,1120,2025-02-28,753.93
52549,1120,2025-03-31,626.02
52550,1120,2025-04-30,991.77
52551,1120,2025-05-31,855.69
52552,1120,2025-06-30,682.99
52553,1120,2025-07-31,987.77
52554,1120,2025-08-31,382.08
52555,1120,2025-09-30,729.19
52556,1120,2025-10-31,814.16
52557,1120,2025-11-30,788.58
52558,1120,2025-12-31,709.17
52559,1121,2024-01-31,643.29
52560,1121,2024-02-29,458.79
52561,1121,2024-03-31,434.0
52562,1121,2024-04-30,806.42
52563,1121,2024-05-31,298.14
52564,1121,2024-06-30,360.9
52565,1121,2024-07-31,667.24
52566,1121,2024-08-31,308.47
52567,1121,2024-09-30,550.28
52568,1121,2024-10-31,808.35
52569,1121,2024-11-30,730.75
52570,1121,2024-12-31,289.21
52571,1121,2025-01-31,336.98
52572,1121,2025-02-28,809.42
52573,1121,2025-03-31,865.46
52574,1121,2025-04-30,844.19
52575,1121,2025-05-31,609.78
52576,1121,2025-06-30,920.0
52577,1121,2025-07-31,649.17
52578,1121,2025-08-31,789.45
52579,1121,2025-09-30,370.37
52580,1121,2025-10-31,300.85
52581,1121,2025-11-30,750.66
52582,1121,2025-12-31,259.59
52583,1122,2024-10-31,1428.37
52584,1122,2024-11-30,981.22
52585,1122,2024-12-31,1250.17
52586,1122,2025-01-31,665.14
52587,1122,2025-02-28,1391.84
52588,1122,2025-03-31,618.12
52589,1122,2025-04-30,786.99
52590,1122,2025-05-31,719.43
52591,1122,2025-06-30,733.51
52592,1122,2025-07-31,1223.38
52593,1122,2025-08-31,965.22
52594,1122,2025-09-30,683.96
52595,1122,2025-10-31,850.11
52596,1122,2025-11-30,517.16
52597,1122,2025-12-31,787.81
52598,1123,2024-01-31,495.81
52599,1123,2024-02-29,779.57
52600,1123,2024-03-31,1063.35
52601,1123,2024-04-30,880.93
52602,1123,2024-05-31,1006.92
52603,1123,2024-06-30,865.11
52604,1123,2024-07-31,599.92
52605,1123,2024-08-31,1114.56
52606,1123,2024-09-30,1263.98
52607,1123,2024-10-31,892.6
52608,1123,2024-11-30,700.38
52609,1123,2024-12-31,628.59
52610,1123,2025-01-31,1568.81
52611,1123,2025-02-28,574.61
52612,1123,2025-03-31,580.88
52613,1123,2025-04-30,598.16
52614,1123,2025-05-31,895.96
52615,1123,2025-06-30,1067.28
52616,1123,2025-07-31,671.55
52617,1123,2025-08-31,1146.06
52618,1123,2025-09-30,984.97
52619,1123,2025-10-31,592.42
52620,1123,2025-11-30,1447.09
52621,1123,2025-12-31,1067.92
52622,1124,2024-01-31,1082.02
52623,1124,2024-02-29,1094.22
52624,1124,2024-03-31,1129.86
52625,1124,2024-04-30,1413.95
52626,1124,2024-05-31,1235.21
52627,1124,2024-06-30,1382.32
52628,1124,2024-07-31,736.68
52629,1124,2024-08-31,1304.17
52630,1124,2024-09-30,626.93
52631,1124,2024-10-31,543.06
52632,1124,2024-11-30,697.58
52633,1124,2024-12-31,1751.98
52634,1124,2025-01-31,1975.67
52635,1124,2025-02-28,1125.59
52636,1124,2025-03-31,1041.61
52637,1124,2025-04-30,1540.49
52638,1124,2025-05-31,1288.13
52639,1124,2025-06-30,1005.18
52640,1124,2025-07-31,1692.29
52641,1124,2025-08-31,825.83
52642,1124,2025-09-30,1447.09
52643,1124,2025-10-31,944.1
52644,1124,2025-11-30,1521.15
52645,1124,2025-12-31,1256.63
52646,1125,2024-05-31,1017.82
52647,1125,2024-06-30,1502.1
52648,1125,2024-07-31,940.85
52649,1125,2024-08-31,532.32
52650,1125,2024-09-30,737.0
52651,1125,2024-10-31,607.94
52652,1125,2024-11-30,1331.92
52653,1125,2024-12-31,499.32
52654,1125,2025-01-31,623.71
52655,1125,2025-02-28,927.3
52656,1125,2025-03-31,1636.98
52657,1125,2025-04-30,907.36
52658,1125,2025-05-31,1675.33
52659,1125,2025-06-30,626.12
52660,1125,2025-07-31,508.07
52661,1125,2025-08-31,682.85
52662,1125,2025-09-30,689.17
52663,1125,2025-10-31,1105.26
52664,1125,2025-11-30,1299.08
52665,1125,2025-12-31,1380.66
52666,1126,2024-01-31,1140.96
52667,1126,2024-02-29,493.97
52668,1126,2024-03-31,735.71
52669,1126,2024-04-30,772.05
52670,1126,2024-05-31,987.89
52671,1126,2024-06-30,888.27
52672,1126,2024-07-31,1060.61
52673,1126,2024-08-31,801.87
52674,1126,2024-09-30,979.49
52675,1126,2024-10-31,1092.46
52676,1126,2024-11-30,1085.57
52677,1126,2024-12-31,1127.98
52678,1126,2025-01-31,662.18
52679,1126,2025-02-28,1188.83
52680,1126,2025-03-31,829.73
52681,1126,2025-04-30,1016.53
52682,1126,2025-05-31,1487.0
52683,1126,2025-06-30,1120.38
52684,1126,2025-07-31,1427.94
52685,1126,2025-08-31,1127.6
52686,1126,2025-09-30,725.62
52687,1126,2025-10-31,620.2
52688,1126,2025-11-30,797.51
52689,1126,2025-12-31,1269.33
52690,1127,2024-01-31,1364.16
52691,1127,2024-02-29,1438.51
52692,1127,2024-03-31,1184.37
52693,1127,2024-04-30,1078.7
52694,1127,2024-05-31,1107.2
52695,1127,2024-06-30,1695.68
52696,1127,2024-07-31,1982.01
52697,1127,2024-08-31,1755.11
52698,1127,2024-09-30,1967.45
52699,1127,2024-10-31,1525.07
52700,1127,2024-11-30,1862.99
52701,1127,2024-12-31,1373.05
52702,1127,2025-01-31,1328.26
52703,1127,2025-02-28,751.07
52704,1127,2025-03-31,1142.71
52705,1127,2025-04-30,1463.62
52706,1127,2025-05-31,802.2
52707,1127,2025-06-30,828.36
52708,1127,2025-07-31,601.3
52709,1127,2025-08-31,1013.74
52710,1127,2025-09-30,633.01
52711,1127,2025-10-31,656.06
52712,1127,2025-11-30,973.01
52713,1127,2025-12-31,1322.11
52714,1128,2024-06-30,492.32
52715,1128,2024-07-31,310.84
52716,1128,2024-08-31,403.23
52717,1128,2024-09-30,615.14
52718,1128,2024-10-31,360.99
52719,1128,2024-11-30,623.34
52720,1128,2024-12-31,359.06
52721,1128,2025-01-31,597.44
52722,1128,2025-02-28,786.49
52723,1128,2025-03-31,683.79
52724,1128,2025-04-30,602.15
52725,1128,2025-05-31,264.14
52726,1128,2025-06-30,647.5
52727,1128,2025-07-31,656.88
52728,1128,2025-08-31,363.19
52729,1128,2025-09-30,633.88
52730,1128,2025-10-31,537.23
52731,1128,2025-11-30,595.24
52732,1128,2025-12-31,556.85
52733,1129,2024-01-31,718.26
52734,1129,2024-02-29,542.96
52735,1129,2024-03-31,506.85
52736,1129,2024-04-30,640.97
52737,1129,2024-05-31,402.78
52738,1129,2024-06-30,540.64
52739,1129,2024-07-31,422.5
52740,1129,2024-08-31,615.23
52741,1129,2024-09-30,860.88
52742,1129,2024-10-31,337.31
52743,1129,2024-11-30,833.74
52744,1129,2024-12-31,660.4
52745,1129,2025-01-31,790.7
52746,1129,2025-02-28,629.96
52747,1129,2025-03-31,722.62
52748,1129,2025-04-30,344.31
52749,1129,2025-05-31,485.07
52750,1129,2025-06-30,402.51
52751,1129,2025-07-31,532.52
52752,1129,2025-08-31,402.11
52753,1129,2025-09-30,472.9
52754,1129,2025-10-31,694.25
52755,1129,2025-11-30,800.77
52756,1129,2025-12-31,906.03
52757,1130,2024-07-31,428.53
52758,1130,2024-08-31,488.94
52759,1130,2024-09-30,761.64
52760,1130,2024-10-31,555.57
52761,1130,2024-11-30,592.66
52762,1130,2024-12-31,561.72
52763,1130,2025-01-31,305.73
52764,1130,2025-02-28,376.03
52765,1130,2025-03-31,746.14
52766,1130,2025-04-30,731.79
52767,1130,2025-05-31,258.22
52768,1130,2025-06-30,906.87
52769,1130,2025-07-31,873.21
52770,1130,2025-08-31,369.22
52771,1130,2025-09-30,368.08
52772,1130,2025-10-31,496.37
52773,1130,2025-11-30,601.64
52774,1130,2025-12-31,515.23
52775,1131,2024-02-29,828.27
52776,1131,2024-03-31,337.19
52777,1131,2024-04-30,777.7
52778,1131,2024-05-31,655.31
52779,1131,2024-06-30,306.47
52780,1131,2024-07-31,399.27
52781,1131,2024-08-31,571.72
52782,1131,2024-09-30,517.17
52783,1131,2024-10-31,790.46
52784,1131,2024-11-30,289.31
52785,1131,2024-12-31,861.89
52786,1131,2025-01-31,653.78
52787,1131,2025-02-28,586.51
52788,1131,2025-03-31,882.81
52789,1131,2025-04-30,568.55
52790,1131,2025-05-31,855.2
52791,1131,2025-06-30,718.76
52792,1131,2025-07-31,444.87
52793,1131,2025-08-31,1134.46
52794,1131,2025-09-30,863.79
52795,1131,2025-10-31,561.01
52796,1131,2025-11-30,580.93
52797,1131,2025-12-31,876.94
52798,1132,2024-09-30,250.0
52799,1132,2024-10-31,477.86
52800,1132,2024-11-30,500.35
52801,1132,2024-12-31,590.8
52802,1132,2025-01-31,250.0
52803,1132,2025-02-28,387.56
52804,1132,2025-03-31,257.23
52805,1132,2025-04-30,406.78
52806,1132,2025-05-31,510.48
52807,1132,2025-06-30,525.53
52808,1132,2025-07-31,741.39
52809,1132,2025-08-31,541.07
52810,1132,2025-09-30,774.56
52811,1132,2025-10-31,544.75
52812,1132,2025-11-30,510.8
52813,1132,2025-12-31,345.17
52814,1133,2024-02-29,534.0
52815,1133,2024-03-31,817.16
52816,1133,2024-04-30,887.03
52817,1133,2024-05-31,655.15
52818,1133,2024-06-30,960.7
52819,1133,2024-07-31,993.93
52820,1133,2024-08-31,951.24
52821,1133,2024-09-30,1164.57
52822,1133,2024-10-31,1173.35
52823,1133,2024-11-30,879.79
52824,1133,2024-12-31,1540.91
52825,1133,2025-01-31,556.43
52826,1133,2025-02-28,907.33
52827,1133,2025-03-31,857.63
52828,1133,2025-04-30,1312.5
52829,1133,2025-05-31,557.45
52830,1133,2025-06-30,849.55
52831,1133,2025-07-31,538.98
52832,1133,2025-08-31,781.41
52833,1133,2025-09-30,809.86
52834,1133,2025-10-31,1073.64
52835,1133,2025-11-30,717.85
52836,1133,2025-12-31,627.12
52837,1134,2024-01-31,1314.5
52838,1134,2024-02-29,784.62
52839,1134,2024-03-31,1181.96
52840,1134,2024-04-30,666.77
52841,1134,2024-05-31,806.07
52842,1134,2024-06-30,1212.07
52843,1134,2024-07-31,1358.38
52844,1134,2024-08-31,1506.58
52845,1134,2024-09-30,637.51
52846,1134,2024-10-31,443.94
52847,1134,2024-11-30,788.49
52848,1134,2024-12-31,925.0
52849,1134,2025-01-31,1089.36
52850,1134,2025-02-28,905.31
52851,1134,2025-03-31,496.36
52852,1134,2025-04-30,747.53
52853,1134,2025-05-31,603.56
52854,1134,2025-06-30,1439.65
52855,1134,2025-07-31,1106.47
52856,1134,2025-08-31,549.78
52857,1134,2025-09-30,561.24
52858,1134,2025-10-31,469.73
52859,1134,2025-11-30,713.39
52860,1134,2025-12-31,570.71
52861,1135,2024-01-31,690.51
52862,1135,2024-02-29,250.0
52863,1135,2024-03-31,297.92
52864,1135,2024-04-30,592.27
52865,1135,2024-05-31,723.17
52866,1135,2024-06-30,394.13
52867,1135,2024-07-31,461.42
52868,1135,2024-08-31,693.98
52869,1135,2024-09-30,693.75
52870,1135,2024-10-31,627.03
52871,1135,2024-11-30,400.38
52872,1135,2024-12-31,419.7
52873,1135,2025-01-31,614.29
52874,1135,2025-02-28,607.82
52875,1135,2025-03-31,723.44
52876,1135,2025-04-30,312.49
52877,1135,2025-05-31,399.36
52878,1135,2025-06-30,598.51
52879,1135,2025-07-31,257.42
52880,1135,2025-08-31,560.08
52881,1135,2025-09-30,317.41
52882,1135,2025-10-31,665.89
52883,1135,2025-11-30,578.98
52884,1135,2025-12-31,420.36
52885,1136,2024-07-31,358.65
52886,1136,2024-08-31,615.93
52887,1136,2024-09-30,368.3
52888,1136,2024-10-31,389.13
52889,1136,2024-11-30,552.54
52890,1136,2024-12-31,406.46
52891,1136,2025-01-31,959.19
52892,1136,2025-02-28,391.63
52893,1136,2025-03-31,630.72
52894,1136,2025-04-30,384.64
52895,1136,2025-05-31,440.82
52896,1136,2025-06-30,740.36
52897,1136,2025-07-31,743.06
52898,1136,2025-08-31,443.91
52899,1136,2025-09-30,689.96
52900,1136,2025-10-31,677.17
52901,1136,2025-11-30,697.59
52902,1136,2025-12-31,716.51
52903,1137,2024-01-31,1185.54
52904,1137,2024-02-29,564.86
52905,1137,2024-03-31,1332.17
52906,1137,2024-04-30,1522.79
52907,1137,2024-05-31,637.04
52908,1137,2024-06-30,1093.11
52909,1137,2024-07-31,393.95
52910,1137,2024-08-31,580.31
52911,1137,2024-09-30,1077.55
52912,1137,2024-10-31,968.74
52913,1137,2024-11-30,674.54
52914,1137,2024-12-31,708.73
52915,1137,2025-01-31,1070.14
52916,1137,2025-02-28,670.42
52917,1137,2025-03-31,1145.63
52918,1137,2025-04-30,858.96
52919,1137,2025-05-31,619.38
52920,1137,2025-06-30,1074.94
52921,1137,2025-07-31,598.69
52922,1137,2025-08-31,528.38
52923,1137,2025-09-30,962.37
52924,1137,2025-10-31,1135.29
52925,1137,2025-11-30,1068.59
52926,1137,2025-12-31,690.65
52927,1138,2024-01-31,727.38
52928,1138,2024-02-29,1056.96
52929,1138,2024-03-31,1352.27
52930,1138,2024-04-30,1021.1
52931,1138,2024-05-31,1538.07
52932,1138,2024-06-30,1493.87
52933,1138,2024-07-31,729.91
52934,1138,2024-08-31,903.72
52935,1138,2024-09-30,1320.33
52936,1138,2024-10-31,1226.23
52937,1138,2024-11-30,458.63
52938,1138,2024-12-31,1274.62
52939,1138,2025-01-31,733.09
52940,1138,2025-02-28,1422.24
52941,1138,2025-03-31,1066.66
52942,1138,2025-04-30,921.9
52943,1138,2025-05-31,628.42
52944,1138,2025-06-30,1478.2
52945,1138,2025-07-31,819.67
52946,1138,2025-08-31,1825.96
52947,1138,2025-09-30,1095.1
52948,1138,2025-10-31,1037.02
52949,1138,2025-11-30,1103.5
52950,1138,2025-12-31,1031.42
52951,1139,2024-01-31,1092.34
52952,1139,2024-02-29,1634.85
52953,1139,2024-03-31,697.8
52954,1139,2024-04-30,816.1
52955,1139,2024-05-31,984.5
52956,1139,2024-06-30,735.89
52957,1139,2024-07-31,989.83
52958,1139,2024-08-31,804.53
52959,1139,2024-09-30,1768.01
52960,1139,2024-10-31,1235.32
52961,1139,2024-11-30,1001.13
52962,1139,2024-12-31,1614.42
52963,1139,2025-01-31,1430.91
52964,1139,2025-02-28,1661.44
52965,1139,2025-03-31,1840.75
52966,1139,2025-04-30,1721.26
52967,1139,2025-05-31,2247.16
52968,1139,2025-06-30,1208.14
52969,1139,2025-07-31,952.06
52970,1139,2025-08-31,889.13
52971,1139,2025-09-30,816.55
52972,1139,2025-10-31,1001.47
52973,1139,2025-11-30,2006.58
52974,1139,2025-12-31,792.01
52975,1140,2024-01-31,2060.55
52976,1140,2024-02-29,894.23
52977,1140,2024-03-31,1831.55
52978,1140,2024-04-30,1591.08
52979,1140,2024-05-31,902.73
52980,1140,2024-06-30,1354.27
52981,1140,2024-07-31,1735.01
52982,1140,2024-08-31,1869.84
52983,1140,2024-09-30,2605.15
52984,1140,2024-10-31,2060.7
52985,1140,2024-11-30,1257.47
52986,1140,2024-12-31,2013.44
52987,1140,2025-01-31,1816.98
52988,1140,2025-02-28,2200.18
52989,1140,2025-03-31,1195.63
52990,1140,2025-04-30,849.39
52991,1140,2025-05-31,755.67
52992,1140,2025-06-30,1911.36
52993,1140,2025-07-31,1797.56
52994,1140,2025-08-31,1759.27
52995,1140,2025-09-30,1851.89
52996,1140,2025-10-31,2101.5
52997,1140,2025-11-30,1969.64
52998,1140,2025-12-31,806.44
52999,1141,2024-03-31,744.31
53000,1141,2024-04-30,1601.96
53001,1141,2024-05-31,1170.1
53002,1141,2024-06-30,980.05
53003,1141,2024-07-31,1730.08
53004,1141,2024-08-31,1374.68
53005,1141,2024-09-30,906.07
53006,1141,2024-10-31,827.72
53007,1141,2024-11-30,645.51
53008,1141,2024-12-31,737.81
53009,1141,2025-01-31,1549.92
53010,1141,2025-02-28,1401.27
53011,1141,2025-03-31,1356.38
53012,1141,2025-04-30,763.17
53013,1141,2025-05-31,1655.33
53014,1141,2025-06-30,1360.36
53015,1141,2025-07-31,659.49
53016,1141,2025-08-31,1095.14
53017,1141,2025-09-30,1215.74
53018,1141,2025-10-31,1365.82
53019,1141,2025-11-30,621.67
53020,1141,2025-12-31,1033.76
53021,1142,2024-01-31,349.16
53022,1142,2024-02-29,295.46
53023,1142,2024-03-31,474.57
53024,1142,2024-04-30,673.76
53025,1142,2024-05-31,363.77
53026,1142,2024-06-30,495.87
53027,1142,2024-07-31,576.85
53028,1142,2024-08-31,250.04
53029,1142,2024-09-30,467.46
53030,1142,2024-10-31,353.05
53031,1142,2024-11-30,516.44
53032,1142,2024-12-31,303.4
53033,1142,2025-01-31,543.69
53034,1142,2025-02-28,304.6
53035,1142,2025-03-31,828.87
53036,1142,2025-04-30,456.46
53037,1142,2025-05-31,598.36
53038,1142,2025-06-30,515.26
53039,1142,2025-07-31,411.16
53040,1142,2025-08-31,580.65
53041,1142,2025-09-30,728.53
53042,1142,2025-10-31,250.0
53043,1142,2025-11-30,681.57
53044,1142,2025-12-31,448.44
53045,1143,2024-01-31,261.3
53046,1143,2024-02-29,304.34
53047,1143,2024-03-31,250.0
53048,1143,2024-04-30,250.0
53049,1143,2024-05-31,471.22
53050,1143,2024-06-30,250.0
53051,1143,2024-07-31,409.65
53052,1143,2024-08-31,404.14
53053,1143,2024-09-30,267.03
53054,1143,2024-10-31,250.0
53055,1143,2024-11-30,250.0
53056,1143,2024-12-31,250.0
53057,1143,2025-01-31,250.0
53058,1143,2025-02-28,250.0
53059,1143,2025-03-31,333.39
53060,1143,2025-04-30,464.89
53061,1143,2025-05-31,250.0
53062,1143,2025-06-30,250.0
53063,1143,2025-07-31,250.0
53064,1143,2025-08-31,250.0
53065,1143,2025-09-30,377.05
53066,1143,2025-10-31,450.25
53067,1143,2025-11-30,356.86
53068,1143,2025-12-31,403.22
53069,1144,2024-12-31,1340.94
53070,1144,2025-01-31,390.76
53071,1144,2025-02-28,1368.85
53072,1144,2025-03-31,1093.94
53073,1144,2025-04-30,489.53
53074,1144,2025-05-31,960.22
53075,1144,2025-06-30,974.92
53076,1144,2025-07-31,1037.28
53077,1144,2025-08-31,1251.78
53078,1144,2025-09-30,977.55
53079,1144,2025-10-31,399.27
53080,1144,2025-11-30,1303.17
53081,1144,2025-12-31,722.38
53082,1145,2024-01-31,666.73
53083,1145,2024-02-29,548.27
53084,1145,2024-03-31,1059.98
53085,1145,2024-04-30,603.02
53086,1145,2024-05-31,960.19
53087,1145,2024-06-30,739.15
53088,1145,2024-07-31,919.02
53089,1145,2024-08-31,476.39
53090,1145,2024-09-30,452.78
53091,1145,2024-10-31,344.04
53092,1145,2024-11-30,938.58
53093,1145,2024-12-31,513.39
53094,1145,2025-01-31,706.94
53095,1145,2025-02-28,827.49
53096,1145,2025-03-31,804.47
53097,1145,2025-04-30,565.32
53098,1145,2025-05-31,833.69
53099,1145,2025-06-30,661.82
53100,1145,2025-07-31,442.61
53101,1145,2025-08-31,579.27
53102,1145,2025-09-30,755.32
53103,1145,2025-10-31,657.56
53104,1145,2025-11-30,717.36
53105,1145,2025-12-31,462.58
53106,1146,2024-01-31,904.17
53107,1146,2024-02-29,494.57
53108,1146,2024-03-31,387.96
53109,1146,2024-04-30,799.92
53110,1146,2024-05-31,823.59
53111,1146,2024-06-30,604.9
53112,1146,2024-07-31,612.34
53113,1146,2024-08-31,947.76
53114,1146,2024-09-30,1032.52
53115,1146,2024-10-31,1068.34
53116,1146,2024-11-30,688.06
53117,1146,2024-12-31,549.32
53118,1146,2025-01-31,1199.45
53119,1146,2025-02-28,600.06
53120,1146,2025-03-31,1175.44
53121,1146,2025-04-30,1097.32
53122,1146,2025-05-31,1296.17
53123,1146,2025-06-30,825.22
53124,1146,2025-07-31,755.13
53125,1146,2025-08-31,824.41
53126,1146,2025-09-30,564.67
53127,1146,2025-10-31,1165.09
53128,1146,2025-11-30,749.39
53129,1146,2025-12-31,402.04
53130,1147,2024-01-31,371.62
53131,1147,2024-02-29,551.74
53132,1147,2024-03-31,429.38
53133,1147,2024-04-30,827.71
53134,1147,2024-05-31,765.31
53135,1147,2024-06-30,873.02
53136,1147,2024-07-31,693.41
53137,1147,2024-08-31,747.82
53138,1147,2024-09-30,843.25
53139,1147,2024-10-31,868.2
53140,1147,2024-11-30,661.03
53141,1147,2024-12-31,831.78
53142,1147,2025-01-31,1178.46
53143,1147,2025-02-28,694.98
53144,1147,2025-03-31,367.62
53145,1147,2025-04-30,624.19
53146,1147,2025-05-31,800.87
53147,1147,2025-06-30,965.2
53148,1147,2025-07-31,511.59
53149,1147,2025-08-31,500.79
53150,1147,2025-09-30,570.42
53151,1147,2025-10-31,389.69
53152,1147,2025-11-30,925.94
53153,1147,2025-12-31,432.42
53154,1148,2024-08-31,435.71
53155,1148,2024-09-30,924.69
53156,1148,2024-10-31,529.12
53157,1148,2024-11-30,454.34
53158,1148,2024-12-31,447.92
53159,1148,2025-01-31,516.47
53160,1148,2025-02-28,934.75
53161,1148,2025-03-31,834.22
53162,1148,2025-04-30,617.34
53163,1148,2025-05-31,848.68
53164,1148,2025-06-30,773.59
53165,1148,2025-07-31,911.15
53166,1148,2025-08-31,943.61
53167,1148,2025-09-30,1057.28
53168,1148,2025-10-31,738.29
53169,1148,2025-11-30,828.29
53170,1148,2025-12-31,631.59
53171,1149,2024-01-31,1615.82
53172,1149,2024-02-29,1015.88
53173,1149,2024-03-31,1691.01
53174,1149,2024-04-30,1115.97
53175,1149,2024-05-31,1417.78
53176,1149,2024-06-30,682.08
53177,1149,2024-07-31,1298.09
53178,1149,2024-08-31,1148.99
53179,1149,2024-09-30,764.43
53180,1149,2024-10-31,1207.5
53181,1149,2024-11-30,969.56
53182,1149,2024-12-31,559.37
53183,1149,2025-01-31,1702.38
53184,1149,2025-02-28,1183.76
53185,1149,2025-03-31,2142.41
53186,1149,2025-04-30,1781.39
53187,1149,2025-05-31,807.78
53188,1149,2025-06-30,1305.59
53189,1149,2025-07-31,1021.21
53190,1149,2025-08-31,1041.4
53191,1149,2025-09-30,1636.42
53192,1149,2025-10-31,1012.63
53193,1149,2025-11-30,768.68
53194,1149,2025-12-31,1906.08
53195,1150,2024-04-30,1227.57
53196,1150,2024-05-31,681.74
53197,1150,2024-06-30,1245.61
53198,1150,2024-07-31,1010.16
53199,1150,2024-08-31,1106.0
53200,1150,2024-09-30,1155.71
53201,1150,2024-10-31,862.91
53202,1150,2024-11-30,1226.29
53203,1150,2024-12-31,500.59
53204,1150,2025-01-31,1074.58
53205,1150,2025-02-28,1380.38
53206,1150,2025-03-31,734.14
53207,1150,2025-04-30,881.29
53208,1150,2025-05-31,1136.71
53209,1150,2025-06-30,1394.44
53210,1150,2025-07-31,545.94
53211,1150,2025-08-31,1408.87
53212,1150,2025-09-30,860.29
53213,1150,2025-10-31,638.01
53214,1150,2025-11-30,1330.34
53215,1150,2025-12-31,811.08
53216,1151,2024-01-31,749.2
53217,1151,2024-02-29,612.37
53218,1151,2024-03-31,956.89
53219,1151,2024-04-30,501.91
53220,1151,2024-05-31,633.7
53221,1151,2024-06-30,846.04
53222,1151,2024-07-31,662.17
53223,1151,2024-08-31,425.79
53224,1151,2024-09-30,1318.99
53225,1151,2024-10-31,799.76
53226,1151,2024-11-30,896.29
53227,1151,2024-12-31,1351.8
53228,1151,2025-01-31,1415.04
53229,1151,2025-02-28,1099.62
53230,1151,2025-03-31,827.09
53231,1151,2025-04-30,552.45
53232,1151,2025-05-31,979.96
53233,1151,2025-06-30,475.28
53234,1151,2025-07-31,735.26
53235,1151,2025-08-31,865.92
53236,1151,2025-09-30,1082.95
53237,1151,2025-10-31,749.28
53238,1151,2025-11-30,782.67
53239,1151,2025-12-31,721.64
53240,1152,2024-06-30,536.6
53241,1152,2024-07-31,624.67
53242,1152,2024-08-31,484.3
53243,1152,2024-09-30,378.71
53244,1152,2024-10-31,850.4
53245,1152,2024-11-30,325.62
53246,1152,2024-12-31,731.71
53247,1152,2025-01-31,792.49
53248,1152,2025-02-28,599.43
53249,1152,2025-03-31,395.68
53250,1152,2025-04-30,442.33
53251,1152,2025-05-31,624.25
53252,1152,2025-06-30,271.11
53253,1152,2025-07-31,782.04
53254,1152,2025-08-31,486.8
53255,1152,2025-09-30,523.29
53256,1152,2025-10-31,888.66
53257,1152,2025-11-30,690.29
53258,1152,2025-12-31,745.89
53259,1153,2024-01-31,285.19
53260,1153,2024-02-29,304.24
53261,1153,2024-03-31,449.37
53262,1153,2024-04-30,423.1
53263,1153,2024-05-31,382.98
53264,1153,2024-06-30,250.0
53265,1153,2024-07-31,379.55
53266,1153,2024-08-31,607.05
53267,1153,2024-09-30,580.0
53268,1153,2024-10-31,470.84
53269,1153,2024-11-30,252.85
53270,1153,2024-12-31,628.97
53271,1153,2025-01-31,441.01
53272,1153,2025-02-28,716.67
53273,1153,2025-03-31,250.0
53274,1153,2025-04-30,488.15
53275,1153,2025-05-31,396.32
53276,1153,2025-06-30,257.11
53277,1153,2025-07-31,542.85
53278,1153,2025-08-31,354.69
53279,1153,2025-09-30,250.0
53280,1153,2025-10-31,450.59
53281,1153,2025-11-30,288.83
53282,1153,2025-12-31,467.23
53283,1154,2024-06-30,698.88
53284,1154,2024-07-31,464.55
53285,1154,2024-08-31,1262.38
53286,1154,2024-09-30,405.18
53287,1154,2024-10-31,785.57
53288,1154,2024-11-30,795.34
53289,1154,2024-12-31,645.41
53290,1154,2025-01-31,893.71
53291,1154,2025-02-28,587.71
53292,1154,2025-03-31,680.34
53293,1154,2025-04-30,518.48
53294,1154,2025-05-31,670.24
53295,1154,2025-06-30,426.28
53296,1154,2025-07-31,308.85
53297,1154,2025-08-31,605.0
53298,1154,2025-09-30,419.77
53299,1154,2025-10-31,758.71
53300,1154,2025-11-30,1062.49
53301,1154,2025-12-31,895.75
53302,1155,2024-01-31,880.73
53303,1155,2024-02-29,791.66
53304,1155,2024-03-31,867.47
53305,1155,2024-04-30,1072.84
53306,1155,2024-05-31,566.17
53307,1155,2024-06-30,1071.09
53308,1155,2024-07-31,1197.53
53309,1155,2024-08-31,546.68
53310,1155,2024-09-30,1080.64
53311,1155,2024-10-31,670.07
53312,1155,2024-11-30,480.29
53313,1155,2024-12-31,1117.51
53314,1155,2025-01-31,1534.9
53315,1155,2025-02-28,1174.53
53316,1155,2025-03-31,993.21
53317,1155,2025-04-30,979.16
53318,1155,2025-05-31,464.08
53319,1155,2025-06-30,1365.47
53320,1155,2025-07-31,1260.86
53321,1155,2025-08-31,508.51
53322,1155,2025-09-30,1227.75
53323,1155,2025-10-31,760.46
53324,1155,2025-11-30,1506.08
53325,1155,2025-12-31,520.14
53326,1156,2024-09-30,1186.87
53327,1156,2024-10-31,1730.77
53328,1156,2024-11-30,1130.47
53329,1156,2024-12-31,1543.62
53330,1156,2025-01-31,1678.15
53331,1156,2025-02-28,788.92
53332,1156,2025-03-31,1701.79
53333,1156,2025-04-30,873.91
53334,1156,2025-05-31,562.27
53335,1156,2025-06-30,890.84
53336,1156,2025-07-31,879.25
53337,1156,2025-08-31,854.59
53338,1156,2025-09-30,765.73
53339,1156,2025-10-31,1576.97
53340,1156,2025-11-30,1314.31
53341,1156,2025-12-31,1862.69
53342,1157,2024-01-31,858.81
53343,1157,2024-02-29,1322.12
53344,1157,2024-03-31,462.64
53345,1157,2024-04-30,506.63
53346,1157,2024-05-31,1387.39
53347,1157,2024-06-30,522.34
53348,1157,2024-07-31,954.54
53349,1157,2024-08-31,1183.24
53350,1157,2024-09-30,661.55
53351,1157,2024-10-31,924.54
53352,1157,2024-11-30,962.85
53353,1157,2024-12-31,715.07
53354,1157,2025-01-31,464.38
53355,1157,2025-02-28,612.22
53356,1157,2025-03-31,902.69
53357,1157,2025-04-30,767.27
53358,1157,2025-05-31,789.2
53359,1157,2025-06-30,1392.11
53360,1157,2025-07-31,1083.32
53361,1157,2025-08-31,1264.92
53362,1157,2025-09-30,992.73
53363,1157,2025-10-31,981.5
53364,1157,2025-11-30,712.85
53365,1157,2025-12-31,672.97
53366,1158,2024-01-31,1360.02
53367,1158,2024-02-29,696.18
53368,1158,2024-03-31,1631.95
53369,1158,2024-04-30,1499.09
53370,1158,2024-05-31,795.14
53371,1158,2024-06-30,1302.54
53372,1158,2024-07-31,782.18
53373,1158,2024-08-31,1881.68
53374,1158,2024-09-30,1112.91
53375,1158,2024-10-31,1910.83
53376,1158,2024-11-30,1767.36
53377,1158,2024-12-31,1615.57
53378,1158,2025-01-31,636.49
53379,1158,2025-02-28,1327.58
53380,1158,2025-03-31,815.18
53381,1158,2025-04-30,1802.77
53382,1158,2025-05-31,1271.8
53383,1158,2025-06-30,1570.47
53384,1158,2025-07-31,740.94
53385,1158,2025-08-31,909.78
53386,1158,2025-09-30,626.2
53387,1158,2025-10-31,1147.07
53388,1158,2025-11-30,900.79
53389,1158,2025-12-31,1196.33
53390,1159,2024-01-31,919.73
53391,1159,2024-02-29,733.47
53392,1159,2024-03-31,939.24
53393,1159,2024-04-30,842.19
53394,1159,2024-05-31,372.68
53395,1159,2024-06-30,978.68
53396,1159,2024-07-31,468.95
53397,1159,2024-08-31,448.88
53398,1159,2024-09-30,503.99
53399,1159,2024-10-31,906.39
53400,1159,2024-11-30,548.35
53401,1159,2024-12-31,847.88
53402,1159,2025-01-31,791.24
53403,1159,2025-02-28,592.55
53404,1159,2025-03-31,881.45
53405,1159,2025-04-30,601.32
53406,1159,2025-05-31,356.89
53407,1159,2025-06-30,810.53
53408,1159,2025-07-31,653.6
53409,1159,2025-08-31,1065.22
53410,1159,2025-09-30,663.74
53411,1159,2025-10-31,472.6
53412,1159,2025-11-30,878.13
53413,1159,2025-12-31,1069.49
53414,1160,2024-01-31,363.95
53415,1160,2024-02-29,291.68
53416,1160,2024-03-31,623.09
53417,1160,2024-04-30,417.98
53418,1160,2024-05-31,441.6
53419,1160,2024-06-30,449.33
53420,1160,2024-07-31,408.74
53421,1160,2024-08-31,555.35
53422,1160,2024-09-30,345.77
53423,1160,2024-10-31,283.19
53424,1160,2024-11-30,531.26
53425,1160,2024-12-31,727.67
53426,1160,2025-01-31,287.53
53427,1160,2025-02-28,661.32
53428,1160,2025-03-31,525.48
53429,1160,2025-04-30,406.06
53430,1160,2025-05-31,406.46
53431,1160,2025-06-30,250.0
53432,1160,2025-07-31,473.57
53433,1160,2025-08-31,497.55
53434,1160,2025-09-30,742.28
53435,1160,2025-10-31,497.35
53436,1160,2025-11-30,629.69
53437,1160,2025-12-31,568.18
53438,1161,2024-01-31,753.58
53439,1161,2024-02-29,621.89
53440,1161,2024-03-31,400.76
53441,1161,2024-04-30,569.0
53442,1161,2024-05-31,849.48
53443,1161,2024-06-30,494.19
53444,1161,2024-07-31,293.7
53445,1161,2024-08-31,365.23
53446,1161,2024-09-30,878.93
53447,1161,2024-10-31,648.8
53448,1161,2024-11-30,339.31
53449,1161,2024-12-31,391.41
53450,1161,2025-01-31,521.34
53451,1161,2025-02-28,570.15
53452,1161,2025-03-31,250.0
53453,1161,2025-04-30,363.56
53454,1161,2025-05-31,562.08
53455,1161,2025-06-30,460.33
53456,1161,2025-07-31,568.0
53457,1161,2025-08-31,545.17
53458,1161,2025-09-30,779.65
53459,1161,2025-10-31,279.62
53460,1161,2025-11-30,276.48
53461,1161,2025-12-31,808.86
53462,1162,2024-03-31,675.56
53463,1162,2024-04-30,668.44
53464,1162,2024-05-31,657.23
53465,1162,2024-06-30,752.37
53466,1162,2024-07-31,988.77
53467,1162,2024-08-31,343.25
53468,1162,2024-09-30,342.46
53469,1162,2024-10-31,711.97
53470,1162,2024-11-30,352.07
53471,1162,2024-12-31,557.79
53472,1162,2025-01-31,408.38
53473,1162,2025-02-28,1097.99
53474,1162,2025-03-31,866.53
53475,1162,2025-04-30,577.86
53476,1162,2025-05-31,360.99
53477,1162,2025-06-30,435.43
53478,1162,2025-07-31,602.2
53479,1162,2025-08-31,512.01
53480,1162,2025-09-30,493.85
53481,1162,2025-10-31,598.31
53482,1162,2025-11-30,615.47
53483,1162,2025-12-31,489.46
53484,1163,2024-01-31,2339.42
53485,1163,2024-02-29,2293.3
53486,1163,2024-03-31,1291.81
53487,1163,2024-04-30,915.91
53488,1163,2024-05-31,2290.98
53489,1163,2024-06-30,1496.58
53490,1163,2024-07-31,1445.99
53491,1163,2024-08-31,1184.18
53492,1163,2024-09-30,1606.37
53493,1163,2024-10-31,777.15
53494,1163,2024-11-30,1661.3
53495,1163,2024-12-31,1555.96
53496,1163,2025-01-31,1014.92
53497,1163,2025-02-28,1668.56
53498,1163,2025-03-31,2155.44
53499,1163,2025-04-30,1561.58
53500,1163,2025-05-31,1791.9
53501,1163,2025-06-30,762.22
53502,1163,2025-07-31,1807.38
53503,1163,2025-08-31,1415.71
53504,1163,2025-09-30,1644.53
53505,1163,2025-10-31,1223.39
53506,1163,2025-11-30,599.94
53507,1163,2025-12-31,1621.81
53508,1164,2024-01-31,491.05
53509,1164,2024-02-29,583.37
53510,1164,2024-03-31,698.51
53511,1164,2024-04-30,641.48
53512,1164,2024-05-31,869.43
53513,1164,2024-06-30,737.01
53514,1164,2024-07-31,722.44
53515,1164,2024-08-31,523.53
53516,1164,2024-09-30,823.98
53517,1164,2024-10-31,733.47
53518,1164,2024-11-30,781.2
53519,1164,2024-12-31,753.22
53520,1164,2025-01-31,602.43
53521,1164,2025-02-28,512.4
53522,1164,2025-03-31,567.22
53523,1164,2025-04-30,396.27
53524,1164,2025-05-31,617.65
53525,1164,2025-06-30,814.37
53526,1164,2025-07-31,774.33
53527,1164,2025-08-31,439.14
53528,1164,2025-09-30,314.45
53529,1164,2025-10-31,395.02
53530,1164,2025-11-30,314.42
53531,1164,2025-12-31,352.39
53532,1165,2024-08-31,514.42
53533,1165,2024-09-30,1594.92
53534,1165,2024-10-31,751.74
53535,1165,2024-11-30,854.46
53536,1165,2024-12-31,471.28
53537,1165,2025-01-31,1255.41
53538,1165,2025-02-28,1592.07
53539,1165,2025-03-31,756.72
53540,1165,2025-04-30,977.34
53541,1165,2025-05-31,674.42
53542,1165,2025-06-30,972.42
53543,1165,2025-07-31,886.21
53544,1165,2025-08-31,1348.09
53545,1165,2025-09-30,1187.58
53546,1165,2025-10-31,887.09
53547,1165,2025-11-30,527.3
53548,1165,2025-12-31,1063.29
53549,1166,2024-01-31,592.59
53550,1166,2024-02-29,654.69
53551,1166,2024-03-31,671.77
53552,1166,2024-04-30,542.57
53553,1166,2024-05-31,416.98
53554,1166,2024-06-30,450.53
53555,1166,2024-07-31,731.98
53556,1166,2024-08-31,585.8
53557,1166,2024-09-30,835.99
53558,1166,2024-10-31,359.9
53559,1166,2024-11-30,401.97
53560,1166,2024-12-31,329.94
53561,1166,2025-01-31,647.76
53562,1166,2025-02-28,408.82
53563,1166,2025-03-31,685.49
53564,1166,2025-04-30,418.68
53565,1166,2025-05-31,360.59
53566,1166,2025-06-30,338.87
53567,1166,2025-07-31,287.47
53568,1166,2025-08-31,289.8
53569,1166,2025-09-30,637.96
53570,1166,2025-10-31,687.86
53571,1166,2025-11-30,371.84
53572,1166,2025-12-31,587.89
53573,1167,2024-01-31,1915.22
53574,1167,2024-02-29,1989.4
53575,1167,2024-03-31,1029.26
53576,1167,2024-04-30,1052.79
53577,1167,2024-05-31,537.08
53578,1167,2024-06-30,1852.98
53579,1167,2024-07-31,1558.26
53580,1167,2024-08-31,1110.43
53581,1167,2024-09-30,1087.62
53582,1167,2024-10-31,1614.71
53583,1167,2024-11-30,1902.47
53584,1167,2024-12-31,1434.53
53585,1167,2025-01-31,1292.73
53586,1167,2025-02-28,1559.93
53587,1167,2025-03-31,1971.56
53588,1167,2025-04-30,1754.16
53589,1167,2025-05-31,1692.66
53590,1167,2025-06-30,1172.03
53591,1167,2025-07-31,1648.11
53592,1167,2025-08-31,654.03
53593,1167,2025-09-30,1319.45
53594,1167,2025-10-31,1219.69
53595,1167,2025-11-30,711.18
53596,1167,2025-12-31,617.87
53597,1168,2024-01-31,977.84
53598,1168,2024-02-29,1275.34
53599,1168,2024-03-31,1016.04
53600,1168,2024-04-30,1322.08
53601,1168,2024-05-31,543.82
53602,1168,2024-06-30,1555.87
53603,1168,2024-07-31,1126.34
53604,1168,2024-08-31,1615.86
53605,1168,2024-09-30,942.16
53606,1168,2024-10-31,1101.31
53607,1168,2024-11-30,660.8
53608,1168,2024-12-31,801.16
53609,1168,2025-01-31,727.55
53610,1168,2025-02-28,1269.31
53611,1168,2025-03-31,1298.22
53612,1168,2025-04-30,1467.17
53613,1168,2025-05-31,868.95
53614,1168,2025-06-30,1292.19
53615,1168,2025-07-31,1295.42
53616,1168,2025-08-31,1030.34
53617,1168,2025-09-30,976.63
53618,1168,2025-10-31,879.05
53619,1168,2025-11-30,1087.31
53620,1168,2025-12-31,1163.97
53621,1169,2024-01-31,456.7
53622,1169,2024-02-29,918.02
53623,1169,2024-03-31,456.92
53624,1169,2024-04-30,795.6
53625,1169,2024-05-31,1101.67
53626,1169,2024-06-30,923.89
53627,1169,2024-07-31,974.17
53628,1169,2024-08-31,984.34
53629,1169,2024-09-30,329.51
53630,1169,2024-10-31,1048.97
53631,1169,2024-11-30,851.4
53632,1169,2024-12-31,829.76
53633,1169,2025-01-31,904.09
53634,1169,2025-02-28,525.33
53635,1169,2025-03-31,1216.14
53636,1169,2025-04-30,399.33
53637,1169,2025-05-31,494.1
53638,1169,2025-06-30,572.77
53639,1169,2025-07-31,735.61
53640,1169,2025-08-31,753.59
53641,1169,2025-09-30,823.16
53642,1169,2025-10-31,641.76
53643,1169,2025-11-30,473.48
53644,1169,2025-12-31,741.68
53645,1170,2024-01-31,820.85
53646,1170,2024-02-29,1281.83
53647,1170,2024-03-31,994.32
53648,1170,2024-04-30,671.13
53649,1170,2024-05-31,874.76
53650,1170,2024-06-30,865.56
53651,1170,2024-07-31,698.05
53652,1170,2024-08-31,1079.66
53653,1170,2024-09-30,683.97
53654,1170,2024-10-31,553.52
53655,1170,2024-11-30,469.97
53656,1170,2024-12-31,680.36
53657,1170,2025-01-31,545.04
53658,1170,2025-02-28,1001.65
53659,1170,2025-03-31,548.45
53660,1170,2025-04-30,1097.08
53661,1170,2025-05-31,707.27
53662,1170,2025-06-30,991.31
53663,1170,2025-07-31,482.9
53664,1170,2025-08-31,459.84
53665,1170,2025-09-30,1214.33
53666,1170,2025-10-31,1187.04
53667,1170,2025-11-30,753.11
53668,1170,2025-12-31,613.46
53669,1171,2024-01-31,552.1
53670,1171,2024-02-29,548.32
53671,1171,2024-03-31,665.78
53672,1171,2024-04-30,369.65
53673,1171,2024-05-31,459.79
53674,1171,2024-06-30,627.82
53675,1171,2024-07-31,317.13
53676,1171,2024-08-31,427.72
53677,1171,2024-09-30,832.15
53678,1171,2024-10-31,951.7
53679,1171,2024-11-30,687.19
53680,1171,2024-12-31,782.03
53681,1171,2025-01-31,577.21
53682,1171,2025-02-28,347.73
53683,1171,2025-03-31,594.64
53684,1171,2025-04-30,418.28
53685,1171,2025-05-31,453.35
53686,1171,2025-06-30,735.72
53687,1171,2025-07-31,351.06
53688,1171,2025-08-31,610.06
53689,1171,2025-09-30,529.28
53690,1171,2025-10-31,631.86
53691,1171,2025-11-30,899.39
53692,1171,2025-12-31,343.79
53693,1172,2024-01-31,1351.16
53694,1172,2024-02-29,973.91
53695,1172,2024-03-31,1079.38
53696,1172,2024-04-30,703.46
53697,1172,2024-05-31,1254.46
53698,1172,2024-06-30,778.7
53699,1172,2024-07-31,540.4
53700,1172,2024-08-31,1540.8
53701,1172,2024-09-30,708.47
53702,1172,2024-10-31,564.63
53703,1172,2024-11-30,933.0
53704,1172,2024-12-31,964.2
53705,1172,2025-01-31,950.61
53706,1172,2025-02-28,608.28
53707,1172,2025-03-31,1295.12
53708,1172,2025-04-30,677.45
53709,1172,2025-05-31,808.69
53710,1172,2025-06-30,1189.65
53711,1172,2025-07-31,862.32
53712,1172,2025-08-31,757.26
53713,1172,2025-09-30,900.28
53714,1172,2025-10-31,757.53
53715,1172,2025-11-30,533.24
53716,1172,2025-12-31,1303.84
53717,1173,2024-09-30,911.22
53718,1173,2024-10-31,803.15
53719,1173,2024-11-30,468.14
53720,1173,2024-12-31,985.24
53721,1173,2025-01-31,750.49
53722,1173,2025-02-28,428.53
53723,1173,2025-03-31,746.92
53724,1173,2025-04-30,649.1
53725,1173,2025-05-31,1171.47
53726,1173,2025-06-30,618.77
53727,1173,2025-07-31,418.19
53728,1173,2025-08-31,875.86
53729,1173,2025-09-30,1023.59
53730,1173,2025-10-31,709.25
53731,1173,2025-11-30,602.58
53732,1173,2025-12-31,796.85
53733,1174,2024-01-31,250.0
53734,1174,2024-02-29,254.37
53735,1174,2024-03-31,745.72
53736,1174,2024-04-30,497.73
53737,1174,2024-05-31,406.21
53738,1174,2024-06-30,439.95
53739,1174,2024-07-31,607.01
53740,1174,2024-08-31,448.62
53741,1174,2024-09-30,283.34
53742,1174,2024-10-31,518.63
53743,1174,2024-11-30,514.68
53744,1174,2024-12-31,594.17
53745,1174,2025-01-31,577.78
53746,1174,2025-02-28,273.57
53747,1174,2025-03-31,553.36
53748,1174,2025-04-30,358.3
53749,1174,2025-05-31,332.66
53750,1174,2025-06-30,806.36
53751,1174,2025-07-31,268.56
53752,1174,2025-08-31,426.05
53753,1174,2025-09-30,654.1
53754,1174,2025-10-31,738.71
53755,1174,2025-11-30,406.99
53756,1174,2025-12-31,817.82
53757,1175,2024-07-31,494.13
53758,1175,2024-08-31,830.96
53759,1175,2024-09-30,693.11
53760,1175,2024-10-31,574.81
53761,1175,2024-11-30,405.52
53762,1175,2024-12-31,280.89
53763,1175,2025-01-31,250.0
53764,1175,2025-02-28,250.0
53765,1175,2025-03-31,671.98
53766,1175,2025-04-30,484.4
53767,1175,2025-05-31,413.62
53768,1175,2025-06-30,437.26
53769,1175,2025-07-31,508.89
53770,1175,2025-08-31,434.59
53771,1175,2025-09-30,325.47
53772,1175,2025-10-31,613.18
53773,1175,2025-11-30,744.65
53774,1175,2025-12-31,447.37
53775,1176,2024-10-31,1138.35
53776,1176,2024-11-30,889.79
53777,1176,2024-12-31,565.44
53778,1176,2025-01-31,1341.66
53779,1176,2025-02-28,918.22
53780,1176,2025-03-31,646.51
53781,1176,2025-04-30,428.2
53782,1176,2025-05-31,786.26
53783,1176,2025-06-30,697.07
53784,1176,2025-07-31,697.7
53785,1176,2025-08-31,998.28
53786,1176,2025-09-30,736.7
53787,1176,2025-10-31,1176.09
53788,1176,2025-11-30,558.84
53789,1176,2025-12-31,562.09
53790,1177,2024-01-31,1528.25
53791,1177,2024-02-29,796.56
53792,1177,2024-03-31,1675.9
53793,1177,2024-04-30,1541.22
53794,1177,2024-05-31,1440.48
53795,1177,2024-06-30,1596.1
53796,1177,2024-07-31,929.8
53797,1177,2024-08-31,1339.0
53798,1177,2024-09-30,872.17
53799,1177,2024-10-31,1080.98
53800,1177,2024-11-30,1745.51
53801,1177,2024-12-31,750.81
53802,1177,2025-01-31,736.59
53803,1177,2025-02-28,1686.86
53804,1177,2025-03-31,1833.3
53805,1177,2025-04-30,1927.95
53806,1177,2025-05-31,1654.97
53807,1177,2025-06-30,1613.52
53808,1177,2025-07-31,1431.54
53809,1177,2025-08-31,1195.45
53810,1177,2025-09-30,1260.82
53811,1177,2025-10-31,864.98
53812,1177,2025-11-30,1090.64
53813,1177,2025-12-31,549.3
53814,1178,2024-01-31,1282.93
53815,1178,2024-02-29,1076.49
53816,1178,2024-03-31,618.59
53817,1178,2024-04-30,1284.86
53818,1178,2024-05-31,1374.08
53819,1178,2024-06-30,880.87
53820,1178,2024-07-31,1029.06
53821,1178,2024-08-31,861.77
53822,1178,2024-09-30,1056.33
53823,1178,2024-10-31,1072.17
53824,1178,2024-11-30,1225.67
53825,1178,2024-12-31,556.46
53826,1178,2025-01-31,751.18
53827,1178,2025-02-28,880.18
53828,1178,2025-03-31,1054.09
53829,1178,2025-04-30,990.71
53830,1178,2025-05-31,1245.38
53831,1178,2025-06-30,1022.54
53832,1178,2025-07-31,459.44
53833,1178,2025-08-31,1022.27
53834,1178,2025-09-30,993.38
53835,1178,2025-10-31,1098.13
53836,1178,2025-11-30,467.97
53837,1178,2025-12-31,923.77
53838,1179,2024-07-31,928.63
53839,1179,2024-08-31,838.72
53840,1179,2024-09-30,626.12
53841,1179,2024-10-31,818.01
53842,1179,2024-11-30,557.96
53843,1179,2024-12-31,857.7
53844,1179,2025-01-31,751.48
53845,1179,2025-02-28,549.21
53846,1179,2025-03-31,989.55
53847,1179,2025-04-30,769.69
53848,1179,2025-05-31,737.5
53849,1179,2025-06-30,1042.08
53850,1179,2025-07-31,891.14
53851,1179,2025-08-31,1280.98
53852,1179,2025-09-30,590.45
53853,1179,2025-10-31,946.58
53854,1179,2025-11-30,794.67
53855,1179,2025-12-31,944.05
53856,1180,2024-12-31,510.01
53857,1180,2025-01-31,1309.84
53858,1180,2025-02-28,1627.27
53859,1180,2025-03-31,1013.18
53860,1180,2025-04-30,619.09
53861,1180,2025-05-31,1114.79
53862,1180,2025-06-30,747.99
53863,1180,2025-07-31,888.88
53864,1180,2025-08-31,1220.53
53865,1180,2025-09-30,1301.52
53866,1180,2025-10-31,1039.97
53867,1180,2025-11-30,621.62
53868,1180,2025-12-31,1248.81
53869,1181,2024-01-31,1828.58
53870,1181,2024-02-29,455.29
53871,1181,2024-03-31,796.64
53872,1181,2024-04-30,1079.68
53873,1181,2024-05-31,1525.89
53874,1181,2024-06-30,838.12
53875,1181,2024-07-31,1361.49
53876,1181,2024-08-31,837.85
53877,1181,2024-09-30,1020.06
53878,1181,2024-10-31,1357.15
53879,1181,2024-11-30,1760.83
53880,1181,2024-12-31,969.55
53881,1181,2025-01-31,1166.54
53882,1181,2025-02-28,892.5
53883,1181,2025-03-31,1865.61
53884,1181,2025-04-30,684.14
53885,1181,2025-05-31,1149.01
53886,1181,2025-06-30,632.19
53887,1181,2025-07-31,807.28
53888,1181,2025-08-31,783.36
53889,1181,2025-09-30,1288.28
53890,1181,2025-10-31,1026.84
53891,1181,2025-11-30,958.42
53892,1181,2025-12-31,1136.11
53893,1182,2024-12-31,726.34
53894,1182,2025-01-31,1111.06
53895,1182,2025-02-28,1271.85
53896,1182,2025-03-31,813.84
53897,1182,2025-04-30,1071.21
53898,1182,2025-05-31,951.3
53899,1182,2025-06-30,1127.04
53900,1182,2025-07-31,959.43
53901,1182,2025-08-31,1036.54
53902,1182,2025-09-30,1512.81
53903,1182,2025-10-31,980.1
53904,1182,2025-11-30,767.46
53905,1182,2025-12-31,757.43
53906,1183,2024-11-30,512.83
53907,1183,2024-12-31,973.71
53908,1183,2025-01-31,622.77
53909,1183,2025-02-28,408.01
53910,1183,2025-03-31,360.9
53911,1183,2025-04-30,694.56
53912,1183,2025-05-31,590.61
53913,1183,2025-06-30,1045.42
53914,1183,2025-07-31,934.2
53915,1183,2025-08-31,1196.82
53916,1183,2025-09-30,1039.82
53917,1183,2025-10-31,513.52
53918,1183,2025-11-30,980.02
53919,1183,2025-12-31,417.99
53920,1184,2024-01-31,1206.57
53921,1184,2024-02-29,1352.29
53922,1184,2024-03-31,1186.4
53923,1184,2024-04-30,1140.31
53924,1184,2024-05-31,1724.73
53925,1184,2024-06-30,857.57
53926,1184,2024-07-31,775.5
53927,1184,2024-08-31,1238.5
53928,1184,2024-09-30,761.32
53929,1184,2024-10-31,793.09
53930,1184,2024-11-30,894.55
53931,1184,2024-12-31,1578.18
53932,1184,2025-01-31,690.72
53933,1184,2025-02-28,1837.45
53934,1184,2025-03-31,1596.07
53935,1184,2025-04-30,994.59
53936,1184,2025-05-31,1147.05
53937,1184,2025-06-30,1317.01
53938,1184,2025-07-31,934.37
53939,1184,2025-08-31,1336.17
53940,1184,2025-09-30,1181.67
53941,1184,2025-10-31,1931.18
53942,1184,2025-11-30,1329.73
53943,1184,2025-12-31,1582.26
53944,1185,2024-01-31,895.61
53945,1185,2024-02-29,772.37
53946,1185,2024-03-31,661.36
53947,1185,2024-04-30,902.4
53948,1185,2024-05-31,738.64
53949,1185,2024-06-30,549.61
53950,1185,2024-07-31,687.31
53951,1185,2024-08-31,1065.63
53952,1185,2024-09-30,1004.36
53953,1185,2024-10-31,743.99
53954,1185,2024-11-30,1284.67
53955,1185,2024-12-31,1072.02
53956,1185,2025-01-31,796.12
53957,1185,2025-02-28,927.83
53958,1185,2025-03-31,933.77
53959,1185,2025-04-30,686.14
53960,1185,2025-05-31,660.98
53961,1185,2025-06-30,836.06
53962,1185,2025-07-31,859.82
53963,1185,2025-08-31,1316.15
53964,1185,2025-09-30,1032.24
53965,1185,2025-10-31,833.15
53966,1185,2025-11-30,815.1
53967,1185,2025-12-31,606.53
53968,1186,2024-06-30,1420.53
53969,1186,2024-07-31,710.12
53970,1186,2024-08-31,1974.51
53971,1186,2024-09-30,1137.33
53972,1186,2024-10-31,735.86
53973,1186,2024-11-30,1078.88
53974,1186,2024-12-31,1479.79
53975,1186,2025-01-31,1119.13
53976,1186,2025-02-28,1785.69
53977,1186,2025-03-31,1946.3
53978,1186,2025-04-30,643.13
53979,1186,2025-05-31,1476.06
53980,1186,2025-06-30,2126.66
53981,1186,2025-07-31,1082.9
53982,1186,2025-08-31,727.63
53983,1186,2025-09-30,1348.4
53984,1186,2025-10-31,1799.1
53985,1186,2025-11-30,850.79
53986,1186,2025-12-31,1975.81
53987,1187,2024-01-31,1244.94
53988,1187,2024-02-29,898.22
53989,1187,2024-03-31,1184.21
53990,1187,2024-04-30,531.33
53991,1187,2024-05-31,750.74
53992,1187,2024-06-30,549.1
53993,1187,2024-07-31,1365.5
53994,1187,2024-08-31,824.58
53995,1187,2024-09-30,589.95
53996,1187,2024-10-31,853.69
53997,1187,2024-11-30,754.44
53998,1187,2024-12-31,631.04
53999,1187,2025-01-31,654.24
54000,1187,2025-02-28,566.63
54001,1187,2025-03-31,1145.05
54002,1187,2025-04-30,1379.57
54003,1187,2025-05-31,836.18
54004,1187,2025-06-30,479.16
54005,1187,2025-07-31,400.73
54006,1187,2025-08-31,1400.04
54007,1187,2025-09-30,597.69
54008,1187,2025-10-31,1314.67
54009,1187,2025-11-30,589.29
54010,1187,2025-12-31,469.83
54011,1188,2024-03-31,559.96
54012,1188,2024-04-30,294.67
54013,1188,2024-05-31,398.98
54014,1188,2024-06-30,637.16
54015,1188,2024-07-31,600.65
54016,1188,2024-08-31,296.67
54017,1188,2024-09-30,486.56
54018,1188,2024-10-31,342.33
54019,1188,2024-11-30,297.02
54020,1188,2024-12-31,362.04
54021,1188,2025-01-31,315.18
54022,1188,2025-02-28,525.93
54023,1188,2025-03-31,661.26
54024,1188,2025-04-30,618.42
54025,1188,2025-05-31,369.23
54026,1188,2025-06-30,497.23
54027,1188,2025-07-31,703.06
54028,1188,2025-08-31,294.73
54029,1188,2025-09-30,521.43
54030,1188,2025-10-31,680.81
54031,1188,2025-11-30,763.61
54032,1188,2025-12-31,701.56
54033,1189,2024-01-31,728.43
54034,1189,2024-02-29,417.8
54035,1189,2024-03-31,391.9
54036,1189,2024-04-30,250.0
54037,1189,2024-05-31,596.53
54038,1189,2024-06-30,367.33
54039,1189,2024-07-31,451.79
54040,1189,2024-08-31,511.56
54041,1189,2024-09-30,364.27
54042,1189,2024-10-31,341.23
54043,1189,2024-11-30,419.17
54044,1189,2024-12-31,476.72
54045,1189,2025-01-31,541.99
54046,1189,2025-02-28,329.47
54047,1189,2025-03-31,715.52
54048,1189,2025-04-30,509.28
54049,1189,2025-05-31,268.54
54050,1189,2025-06-30,573.89
54051,1189,2025-07-31,407.2
54052,1189,2025-08-31,298.45
54053,1189,2025-09-30,587.96
54054,1189,2025-10-31,696.66
54055,1189,2025-11-30,250.0
54056,1189,2025-12-31,471.2
54057,1190,2024-05-31,1403.29
54058,1190,2024-06-30,1518.48
54059,1190,2024-07-31,1313.46
54060,1190,2024-08-31,1469.27
54061,1190,2024-09-30,1636.77
54062,1190,2024-10-31,1075.09
54063,1190,2024-11-30,804.74
54064,1190,2024-12-31,1611.89
54065,1190,2025-01-31,1136.16
54066,1190,2025-02-28,1761.16
54067,1190,2025-03-31,1623.56
54068,1190,2025-04-30,697.65
54069,1190,2025-05-31,1736.11
54070,1190,2025-06-30,1737.14
54071,1190,2025-07-31,771.05
54072,1190,2025-08-31,706.7
54073,1190,2025-09-30,1377.51
54074,1190,2025-10-31,785.97
54075,1190,2025-11-30,572.28
54076,1190,2025-12-31,1041.0
54077,1191,2024-01-31,1714.8
54078,1191,2024-02-29,918.43
54079,1191,2024-03-31,1509.51
54080,1191,2024-04-30,1269.07
54081,1191,2024-05-31,985.51
54082,1191,2024-06-30,1373.4
54083,1191,2024-07-31,1320.37
54084,1191,2024-08-31,1836.59
54085,1191,2024-09-30,1215.6
54086,1191,2024-10-31,1383.06
54087,1191,2024-11-30,1691.74
54088,1191,2024-12-31,959.56
54089,1191,2025-01-31,1278.7
54090,1191,2025-02-28,1084.44
54091,1191,2025-03-31,1446.21
54092,1191,2025-04-30,2208.91
54093,1191,2025-05-31,780.74
54094,1191,2025-06-30,1175.24
54095,1191,2025-07-31,859.85
54096,1191,2025-08-31,1182.13
54097,1191,2025-09-30,1457.28
54098,1191,2025-10-31,1220.38
54099,1191,2025-11-30,2031.2
54100,1191,2025-12-31,1474.5
54101,1192,2024-01-31,767.94
54102,1192,2024-02-29,980.03
54103,1192,2024-03-31,1077.34
54104,1192,2024-04-30,773.23
54105,1192,2024-05-31,1366.84
54106,1192,2024-06-30,637.55
54107,1192,2024-07-31,524.83
54108,1192,2024-08-31,623.79
54109,1192,2024-09-30,768.11
54110,1192,2024-10-31,598.86
54111,1192,2024-11-30,784.54
54112,1192,2024-12-31,575.08
54113,1192,2025-01-31,1101.25
54114,1192,2025-02-28,1257.0
54115,1192,2025-03-31,1154.47
54116,1192,2025-04-30,1039.13
54117,1192,2025-05-31,792.11
54118,1192,2025-06-30,823.91
54119,1192,2025-07-31,846.99
54120,1192,2025-08-31,846.05
54121,1192,2025-09-30,1054.66
54122,1192,2025-10-31,1224.44
54123,1192,2025-11-30,741.26
54124,1192,2025-12-31,1062.18
54125,1193,2024-01-31,745.66
54126,1193,2024-02-29,1075.63
54127,1193,2024-03-31,663.07
54128,1193,2024-04-30,866.6
54129,1193,2024-05-31,745.73
54130,1193,2024-06-30,451.56
54131,1193,2024-07-31,1044.67
54132,1193,2024-08-31,565.11
54133,1193,2024-09-30,685.19
54134,1193,2024-10-31,793.62
54135,1193,2024-11-30,984.61
54136,1193,2024-12-31,1033.92
54137,1193,2025-01-31,720.15
54138,1193,2025-02-28,573.84
54139,1193,2025-03-31,398.83
54140,1193,2025-04-30,434.41
54141,1193,2025-05-31,908.19
54142,1193,2025-06-30,785.45
54143,1193,2025-07-31,457.74
54144,1193,2025-08-31,642.83
54145,1193,2025-09-30,446.03
54146,1193,2025-10-31,833.58
54147,1193,2025-11-30,659.0
54148,1193,2025-12-31,759.9
54149,1194,2024-01-31,592.96
54150,1194,2024-02-29,1812.5
54151,1194,2024-03-31,1613.85
54152,1194,2024-04-30,1978.61
54153,1194,2024-05-31,816.02
54154,1194,2024-06-30,1462.05
54155,1194,2024-07-31,1447.08
54156,1194,2024-08-31,1638.81
54157,1194,2024-09-30,1203.66
54158,1194,2024-10-31,2030.38
54159,1194,2024-11-30,1509.61
54160,1194,2024-12-31,1723.36
54161,1194,2025-01-31,1207.76
54162,1194,2025-02-28,673.24
54163,1194,2025-03-31,708.11
54164,1194,2025-04-30,2277.24
54165,1194,2025-05-31,772.55
54166,1194,2025-06-30,880.38
54167,1194,2025-07-31,1052.72
54168,1194,2025-08-31,1944.45
54169,1194,2025-09-30,1979.75
54170,1194,2025-10-31,1585.44
54171,1194,2025-11-30,666.94
54172,1194,2025-12-31,895.46
54173,1195,2024-01-31,423.27
54174,1195,2024-02-29,893.05
54175,1195,2024-03-31,664.29
54176,1195,2024-04-30,497.08
54177,1195,2024-05-31,805.26
54178,1195,2024-06-30,997.29
54179,1195,2024-07-31,757.49
54180,1195,2024-08-31,893.02
54181,1195,2024-09-30,625.04
54182,1195,2024-10-31,436.32
54183,1195,2024-11-30,683.82
54184,1195,2024-12-31,438.9
54185,1195,2025-01-31,637.54
54186,1195,2025-02-28,633.4
54187,1195,2025-03-31,767.84
54188,1195,2025-04-30,322.57
54189,1195,2025-05-31,351.55
54190,1195,2025-06-30,901.12
54191,1195,2025-07-31,605.85
54192,1195,2025-08-31,531.25
54193,1195,2025-09-30,349.34
54194,1195,2025-10-31,828.24
54195,1195,2025-11-30,351.57
54196,1195,2025-12-31,544.8
54197,1196,2024-01-31,828.58
54198,1196,2024-02-29,484.29
54199,1196,2024-03-31,1151.34
54200,1196,2024-04-30,351.79
54201,1196,2024-05-31,805.11
54202,1196,2024-06-30,536.23
54203,1196,2024-07-31,934.2
54204,1196,2024-08-31,550.99
54205,1196,2024-09-30,1104.17
54206,1196,2024-10-31,1174.31
54207,1196,2024-11-30,562.46
54208,1196,2024-12-31,1117.74
54209,1196,2025-01-31,718.24
54210,1196,2025-02-28,459.25
54211,1196,2025-03-31,611.15
54212,1196,2025-04-30,884.46
54213,1196,2025-05-31,372.09
54214,1196,2025-06-30,775.63
54215,1196,2025-07-31,603.56
54216,1196,2025-08-31,395.07
54217,1196,2025-09-30,442.79
54218,1196,2025-10-31,1011.14
54219,1196,2025-11-30,927.24
54220,1196,2025-12-31,778.16
54221,1197,2024-08-31,1174.6
54222,1197,2024-09-30,693.73
54223,1197,2024-10-31,1239.44
54224,1197,2024-11-30,1395.81
54225,1197,2024-12-31,1020.3
54226,1197,2025-01-31,1104.65
54227,1197,2025-02-28,1694.56
54228,1197,2025-03-31,752.31
54229,1197,2025-04-30,659.92
54230,1197,2025-05-31,482.87
54231,1197,2025-06-30,994.17
54232,1197,2025-07-31,1025.95
54233,1197,2025-08-31,1180.73
54234,1197,2025-09-30,1325.47
54235,1197,2025-10-31,962.93
54236,1197,2025-11-30,1020.9
54237,1197,2025-12-31,702.43
54238,1198,2024-03-31,751.22
54239,1198,2024-04-30,785.7
54240,1198,2024-05-31,1039.84
54241,1198,2024-06-30,1047.03
54242,1198,2024-07-31,498.11
54243,1198,2024-08-31,1055.07
54244,1198,2024-09-30,404.15
54245,1198,2024-10-31,902.33
54246,1198,2024-11-30,766.17
54247,1198,2024-12-31,550.67
54248,1198,2025-01-31,409.48
54249,1198,2025-02-28,849.54
54250,1198,2025-03-31,1027.55
54251,1198,2025-04-30,924.97
54252,1198,2025-05-31,837.17
54253,1198,2025-06-30,1089.73
54254,1198,2025-07-31,765.9
54255,1198,2025-08-31,842.77
54256,1198,2025-09-30,316.67
54257,1198,2025-10-31,763.65
54258,1198,2025-11-30,1005.82
54259,1198,2025-12-31,577.68
54260,1199,2024-01-31,1152.81
54261,1199,2024-02-29,1213.17
54262,1199,2024-03-31,695.94
54263,1199,2024-04-30,732.16
54264,1199,2024-05-31,668.97
54265,1199,2024-06-30,495.7
54266,1199,2024-07-31,805.31
54267,1199,2024-08-31,521.99
54268,1199,2024-09-30,795.78
54269,1199,2024-10-31,746.09
54270,1199,2024-11-30,1058.44
54271,1199,2024-12-31,1059.29
54272,1199,2025-01-31,674.72
54273,1199,2025-02-28,1318.22
54274,1199,2025-03-31,594.68
54275,1199,2025-04-30,716.79
54276,1199,2025-05-31,631.22
54277,1199,2025-06-30,960.7
54278,1199,2025-07-31,977.94
54279,1199,2025-08-31,1605.24
54280,1199,2025-09-30,934.55
54281,1199,2025-10-31,863.9
54282,1199,2025-11-30,1171.74
54283,1199,2025-12-31,1115.51
54284,1200,2024-12-31,452.8
54285,1200,2025-01-31,1167.5
54286,1200,2025-02-28,836.84
54287,1200,2025-03-31,1028.49
54288,1200,2025-04-30,809.61
54289,1200,2025-05-31,630.58
54290,1200,2025-06-30,626.88
54291,1200,2025-07-31,363.08
54292,1200,2025-08-31,816.53
54293,1200,2025-09-30,450.95
54294,1200,2025-10-31,1115.71
54295,1200,2025-11-30,707.44
54296,1200,2025-12-31,1164.07
54297,1201,2024-04-30,957.29
54298,1201,2024-05-31,909.81
54299,1201,2024-06-30,1386.36
54300,1201,2024-07-31,1068.05
54301,1201,2024-08-31,622.1
54302,1201,2024-09-30,747.08
54303,1201,2024-10-31,554.02
54304,1201,2024-11-30,910.91
54305,1201,2024-12-31,979.83
54306,1201,2025-01-31,1179.71
54307,1201,2025-02-28,605.6
54308,1201,2025-03-31,943.59
54309,1201,2025-04-30,894.52
54310,1201,2025-05-31,1068.05
54311,1201,2025-06-30,735.37
54312,1201,2025-07-31,451.62
54313,1201,2025-08-31,881.58
54314,1201,2025-09-30,772.13
54315,1201,2025-10-31,726.3
54316,1201,2025-11-30,430.65
54317,1201,2025-12-31,465.96
54318,1202,2024-05-31,1149.0
54319,1202,2024-06-30,1756.52
54320,1202,2024-07-31,1421.18
54321,1202,2024-08-31,1058.68
54322,1202,2024-09-30,874.37
54323,1202,2024-10-31,976.8
54324,1202,2024-11-30,1424.42
54325,1202,2024-12-31,942.02
54326,1202,2025-01-31,685.24
54327,1202,2025-02-28,1591.21
54328,1202,2025-03-31,1142.04
54329,1202,2025-04-30,1093.21
54330,1202,2025-05-31,948.55
54331,1202,2025-06-30,1981.11
54332,1202,2025-07-31,1938.87
54333,1202,2025-08-31,1192.54
54334,1202,2025-09-30,1540.79
54335,1202,2025-10-31,1314.8
54336,1202,2025-11-30,938.68
54337,1202,2025-12-31,1514.92
54338,1203,2024-01-31,995.06
54339,1203,2024-02-29,1171.04
54340,1203,2024-03-31,721.83
54341,1203,2024-04-30,1337.6
54342,1203,2024-05-31,965.85
54343,1203,2024-06-30,534.72
54344,1203,2024-07-31,415.88
54345,1203,2024-08-31,1015.56
54346,1203,2024-09-30,466.56
54347,1203,2024-10-31,461.38
54348,1203,2024-11-30,646.37
54349,1203,2024-12-31,1508.78
54350,1203,2025-01-31,823.87
54351,1203,2025-02-28,658.18
54352,1203,2025-03-31,1564.04
54353,1203,2025-04-30,724.45
54354,1203,2025-05-31,1022.84
54355,1203,2025-06-30,439.4
54356,1203,2025-07-31,1301.18
54357,1203,2025-08-31,991.77
54358,1203,2025-09-30,779.15
54359,1203,2025-10-31,1285.65
54360,1203,2025-11-30,654.92
54361,1203,2025-12-31,411.88
54362,1204,2024-06-30,804.57
54363,1204,2024-07-31,578.93
54364,1204,2024-08-31,1369.3
54365,1204,2024-09-30,706.83
54366,1204,2024-10-31,1006.01
54367,1204,2024-11-30,1001.71
54368,1204,2024-12-31,878.85
54369,1204,2025-01-31,761.76
54370,1204,2025-02-28,1013.08
54371,1204,2025-03-31,919.33
54372,1204,2025-04-30,929.39
54373,1204,2025-05-31,559.0
54374,1204,2025-06-30,907.39
54375,1204,2025-07-31,529.61
54376,1204,2025-08-31,1154.72
54377,1204,2025-09-30,1492.71
54378,1204,2025-10-31,1175.14
54379,1204,2025-11-30,1436.41
54380,1204,2025-12-31,972.71
54381,1205,2024-02-29,250.0
54382,1205,2024-03-31,304.71
54383,1205,2024-04-30,439.94
54384,1205,2024-05-31,250.0
54385,1205,2024-06-30,259.99
54386,1205,2024-07-31,357.51
54387,1205,2024-08-31,343.45
54388,1205,2024-09-30,306.18
54389,1205,2024-10-31,360.48
54390,1205,2024-11-30,276.31
54391,1205,2024-12-31,525.37
54392,1205,2025-01-31,515.36
54393,1205,2025-02-28,250.0
54394,1205,2025-03-31,459.83
54395,1205,2025-04-30,250.0
54396,1205,2025-05-31,284.64
54397,1205,2025-06-30,291.65
54398,1205,2025-07-31,266.54
54399,1205,2025-08-31,468.72
54400,1205,2025-09-30,331.14
54401,1205,2025-10-31,374.52
54402,1205,2025-11-30,364.18
54403,1205,2025-12-31,352.11
54404,1206,2024-12-31,495.34
54405,1206,2025-01-31,649.44
54406,1206,2025-02-28,768.31
54407,1206,2025-03-31,731.99
54408,1206,2025-04-30,549.6
54409,1206,2025-05-31,1122.96
54410,1206,2025-06-30,564.83
54411,1206,2025-07-31,507.02
54412,1206,2025-08-31,631.63
54413,1206,2025-09-30,1043.48
54414,1206,2025-10-31,975.25
54415,1206,2025-11-30,861.38
54416,1206,2025-12-31,591.84
54417,1207,2024-01-31,806.04
54418,1207,2024-02-29,928.78
54419,1207,2024-03-31,956.14
54420,1207,2024-04-30,399.58
54421,1207,2024-05-31,668.31
54422,1207,2024-06-30,311.22
54423,1207,2024-07-31,846.34
54424,1207,2024-08-31,667.48
54425,1207,2024-09-30,364.63
54426,1207,2024-10-31,718.39
54427,1207,2024-11-30,394.91
54428,1207,2024-12-31,414.8
54429,1207,2025-01-31,276.03
54430,1207,2025-02-28,358.95
54431,1207,2025-03-31,284.7
54432,1207,2025-04-30,274.92
54433,1207,2025-05-31,829.44
54434,1207,2025-06-30,392.2
54435,1207,2025-07-31,586.01
54436,1207,2025-08-31,484.68
54437,1207,2025-09-30,551.12
54438,1207,2025-10-31,623.75
54439,1207,2025-11-30,292.38
54440,1207,2025-12-31,652.71
54441,1208,2024-05-31,523.64
54442,1208,2024-06-30,523.52
54443,1208,2024-07-31,482.56
54444,1208,2024-08-31,442.95
54445,1208,2024-09-30,733.09
54446,1208,2024-10-31,385.75
54447,1208,2024-11-30,493.55
54448,1208,2024-12-31,500.87
54449,1208,2025-01-31,678.06
54450,1208,2025-02-28,714.91
54451,1208,2025-03-31,519.61
54452,1208,2025-04-30,564.58
54453,1208,2025-05-31,658.24
54454,1208,2025-06-30,466.39
54455,1208,2025-07-31,368.98
54456,1208,2025-08-31,414.9
54457,1208,2025-09-30,260.96
54458,1208,2025-10-31,516.84
54459,1208,2025-11-30,799.02
54460,1208,2025-12-31,506.41
54461,1209,2024-01-31,711.9
54462,1209,2024-02-29,494.27
54463,1209,2024-03-31,1049.37
54464,1209,2024-04-30,1304.27
54465,1209,2024-05-31,608.29
54466,1209,2024-06-30,962.92
54467,1209,2024-07-31,689.81
54468,1209,2024-08-31,857.47
54469,1209,2024-09-30,1331.12
54470,1209,2024-10-31,856.48
54471,1209,2024-11-30,677.17
54472,1209,2024-12-31,907.47
54473,1209,2025-01-31,681.25
54474,1209,2025-02-28,472.77
54475,1209,2025-03-31,601.68
54476,1209,2025-04-30,586.67
54477,1209,2025-05-31,1175.99
54478,1209,2025-06-30,1139.78
54479,1209,2025-07-31,866.35
54480,1209,2025-08-31,727.98
54481,1209,2025-09-30,1119.01
54482,1209,2025-10-31,510.62
54483,1209,2025-11-30,677.87
54484,1209,2025-12-31,1236.53
54485,1210,2024-01-31,773.12
54486,1210,2024-02-29,1118.19
54487,1210,2024-03-31,757.91
54488,1210,2024-04-30,1094.61
54489,1210,2024-05-31,1023.09
54490,1210,2024-06-30,603.93
54491,1210,2024-07-31,609.2
54492,1210,2024-08-31,872.22
54493,1210,2024-09-30,503.77
54494,1210,2024-10-31,396.36
54495,1210,2024-11-30,412.85
54496,1210,2024-12-31,401.66
54497,1210,2025-01-31,619.71
54498,1210,2025-02-28,678.19
54499,1210,2025-03-31,741.87
54500,1210,2025-04-30,851.22
54501,1210,2025-05-31,508.94
54502,1210,2025-06-30,601.84
54503,1210,2025-07-31,750.01
54504,1210,2025-08-31,752.64
54505,1210,2025-09-30,940.69
54506,1210,2025-10-31,683.39
54507,1210,2025-11-30,865.66
54508,1210,2025-12-31,614.94
54509,1211,2024-01-31,938.03
54510,1211,2024-02-29,725.95
54511,1211,2024-03-31,675.47
54512,1211,2024-04-30,1575.49
54513,1211,2024-05-31,965.57
54514,1211,2024-06-30,1873.37
54515,1211,2024-07-31,1152.7
54516,1211,2024-08-31,1048.67
54517,1211,2024-09-30,996.68
54518,1211,2024-10-31,1220.63
54519,1211,2024-11-30,1164.98
54520,1211,2024-12-31,1070.14
54521,1211,2025-01-31,691.56
54522,1211,2025-02-28,1385.45
54523,1211,2025-03-31,1734.7
54524,1211,2025-04-30,838.62
54525,1211,2025-05-31,777.98
54526,1211,2025-06-30,595.98
54527,1211,2025-07-31,518.56
54528,1211,2025-08-31,797.06
54529,1211,2025-09-30,727.49
54530,1211,2025-10-31,972.27
54531,1211,2025-11-30,755.26
54532,1211,2025-12-31,1825.77
54533,1212,2024-09-30,300.7
54534,1212,2024-10-31,255.51
54535,1212,2024-11-30,639.07
54536,1212,2024-12-31,608.81
54537,1212,2025-01-31,516.19
54538,1212,2025-02-28,545.0
54539,1212,2025-03-31,592.29
54540,1212,2025-04-30,268.05
54541,1212,2025-05-31,430.45
54542,1212,2025-06-30,595.34
54543,1212,2025-07-31,655.79
54544,1212,2025-08-31,295.01
54545,1212,2025-09-30,254.97
54546,1212,2025-10-31,638.36
54547,1212,2025-11-30,302.47
54548,1212,2025-12-31,421.35
54549,1213,2024-06-30,727.98
54550,1213,2024-07-31,1062.54
54551,1213,2024-08-31,1158.88
54552,1213,2024-09-30,1398.56
54553,1213,2024-10-31,1169.5
54554,1213,2024-11-30,949.84
54555,1213,2024-12-31,765.74
54556,1213,2025-01-31,1110.78
54557,1213,2025-02-28,475.06
54558,1213,2025-03-31,746.06
54559,1213,2025-04-30,850.64
54560,1213,2025-05-31,790.72
54561,1213,2025-06-30,758.64
54562,1213,2025-07-31,1315.42
54563,1213,2025-08-31,891.08
54564,1213,2025-09-30,867.5
54565,1213,2025-10-31,761.66
54566,1213,2025-11-30,465.69
54567,1213,2025-12-31,580.87
54568,1214,2024-01-31,789.96
54569,1214,2024-02-29,685.79
54570,1214,2024-03-31,796.02
54571,1214,2024-04-30,621.52
54572,1214,2024-05-31,983.6
54573,1214,2024-06-30,908.63
54574,1214,2024-07-31,355.46
54575,1214,2024-08-31,941.1
54576,1214,2024-09-30,793.2
54577,1214,2024-10-31,549.93
54578,1214,2024-11-30,358.1
54579,1214,2024-12-31,906.73
54580,1214,2025-01-31,515.0
54581,1214,2025-02-28,586.61
54582,1214,2025-03-31,834.97
54583,1214,2025-04-30,1188.95
54584,1214,2025-05-31,515.75
54585,1214,2025-06-30,439.56
54586,1214,2025-07-31,842.97
54587,1214,2025-08-31,367.63
54588,1214,2025-09-30,678.94
54589,1214,2025-10-31,414.06
54590,1214,2025-11-30,639.07
54591,1214,2025-12-31,918.09
54592,1215,2024-05-31,697.66
54593,1215,2024-06-30,737.41
54594,1215,2024-07-31,884.18
54595,1215,2024-08-31,978.23
54596,1215,2024-09-30,841.88
54597,1215,2024-10-31,556.74
54598,1215,2024-11-30,567.38
54599,1215,2024-12-31,618.82
54600,1215,2025-01-31,426.36
54601,1215,2025-02-28,382.73
54602,1215,2025-03-31,660.79
54603,1215,2025-04-30,848.26
54604,1215,2025-05-31,431.93
54605,1215,2025-06-30,896.31
54606,1215,2025-07-31,625.05
54607,1215,2025-08-31,677.84
54608,1215,2025-09-30,770.24
54609,1215,2025-10-31,1192.15
54610,1215,2025-11-30,912.17
54611,1215,2025-12-31,850.07
54612,1216,2024-01-31,979.16
54613,1216,2024-02-29,733.49
54614,1216,2024-03-31,1372.0
54615,1216,2024-04-30,1390.67
54616,1216,2024-05-31,1152.02
54617,1216,2024-06-30,1221.96
54618,1216,2024-07-31,1048.36
54619,1216,2024-08-31,1323.35
54620,1216,2024-09-30,997.62
54621,1216,2024-10-31,1111.37
54622,1216,2024-11-30,932.81
54623,1216,2024-12-31,884.05
54624,1216,2025-01-31,868.84
54625,1216,2025-02-28,664.62
54626,1216,2025-03-31,1763.99
54627,1216,2025-04-30,673.49
54628,1216,2025-05-31,668.93
54629,1216,2025-06-30,1808.84
54630,1216,2025-07-31,1025.23
54631,1216,2025-08-31,1066.85
54632,1216,2025-09-30,1098.76
54633,1216,2025-10-31,1412.43
54634,1216,2025-11-30,1180.96
54635,1216,2025-12-31,1154.2
54636,1217,2024-01-31,982.66
54637,1217,2024-02-29,1580.75
54638,1217,2024-03-31,1499.81
54639,1217,2024-04-30,1202.72
54640,1217,2024-05-31,1650.68
54641,1217,2024-06-30,1494.04
54642,1217,2024-07-31,659.28
54643,1217,2024-08-31,500.51
54644,1217,2024-09-30,594.06
54645,1217,2024-10-31,929.24
54646,1217,2024-11-30,888.82
54647,1217,2024-12-31,1092.98
54648,1217,2025-01-31,1096.54
54649,1217,2025-02-28,1540.32
54650,1217,2025-03-31,1088.42
54651,1217,2025-04-30,1249.45
54652,1217,2025-05-31,538.11
54653,1217,2025-06-30,770.56
54654,1217,2025-07-31,857.05
54655,1217,2025-08-31,710.2
54656,1217,2025-09-30,1235.43
54657,1217,2025-10-31,1039.02
54658,1217,2025-11-30,475.64
54659,1217,2025-12-31,573.05
54660,1218,2024-01-31,1506.1
54661,1218,2024-02-29,1985.25
54662,1218,2024-03-31,801.21
54663,1218,2024-04-30,718.31
54664,1218,2024-05-31,624.14
54665,1218,2024-06-30,819.39
54666,1218,2024-07-31,1138.27
54667,1218,2024-08-31,605.03
54668,1218,2024-09-30,1262.32
54669,1218,2024-10-31,835.92
54670,1218,2024-11-30,1200.63
54671,1218,2024-12-31,1036.05
54672,1218,2025-01-31,1459.78
54673,1218,2025-02-28,1473.77
54674,1218,2025-03-31,933.38
54675,1218,2025-04-30,1143.43
54676,1218,2025-05-31,1147.44
54677,1218,2025-06-30,1089.97
54678,1218,2025-07-31,598.88
54679,1218,2025-08-31,696.18
54680,1218,2025-09-30,1168.89
54681,1218,2025-10-31,1235.89
54682,1218,2025-11-30,1291.11
54683,1218,2025-12-31,1580.75
54684,1219,2024-04-30,571.19
54685,1219,2024-05-31,536.8
54686,1219,2024-06-30,596.95
54687,1219,2024-07-31,878.69
54688,1219,2024-08-31,493.79
54689,1219,2024-09-30,655.99
54690,1219,2024-10-31,1313.78
54691,1219,2024-11-30,958.36
54692,1219,2024-12-31,977.2
54693,1219,2025-01-31,718.25
54694,1219,2025-02-28,369.96
54695,1219,2025-03-31,327.32
54696,1219,2025-04-30,1083.5
54697,1219,2025-05-31,1159.15
54698,1219,2025-06-30,727.0
54699,1219,2025-07-31,1235.44
54700,1219,2025-08-31,1348.31
54701,1219,2025-09-30,730.54
54702,1219,2025-10-31,1017.29
54703,1219,2025-11-30,840.6
54704,1219,2025-12-31,878.37
54705,1220,2024-11-30,727.91
54706,1220,2024-12-31,781.7
54707,1220,2025-01-31,780.94
54708,1220,2025-02-28,722.21
54709,1220,2025-03-31,327.61
54710,1220,2025-04-30,898.94
54711,1220,2025-05-31,482.65
54712,1220,2025-06-30,660.7
54713,1220,2025-07-31,959.43
54714,1220,2025-08-31,372.38
54715,1220,2025-09-30,686.82
54716,1220,2025-10-31,437.8
54717,1220,2025-11-30,517.62
54718,1220,2025-12-31,577.61
54719,1221,2024-07-31,682.85
54720,1221,2024-08-31,1403.43
54721,1221,2024-09-30,1118.42
54722,1221,2024-10-31,1420.48
54723,1221,2024-11-30,999.79
54724,1221,2024-12-31,388.07
54725,1221,2025-01-31,576.99
54726,1221,2025-02-28,684.96
54727,1221,2025-03-31,432.25
54728,1221,2025-04-30,737.79
54729,1221,2025-05-31,440.92
54730,1221,2025-06-30,699.5
54731,1221,2025-07-31,413.21
54732,1221,2025-08-31,773.7
54733,1221,2025-09-30,1214.15
54734,1221,2025-10-31,740.14
54735,1221,2025-11-30,468.17
54736,1221,2025-12-31,846.41
54737,1222,2024-01-31,836.59
54738,1222,2024-02-29,1026.89
54739,1222,2024-03-31,1085.01
54740,1222,2024-04-30,876.94
54741,1222,2024-05-31,1107.69
54742,1222,2024-06-30,787.57
54743,1222,2024-07-31,1135.62
54744,1222,2024-08-31,902.7
54745,1222,2024-09-30,1276.2
54746,1222,2024-10-31,858.55
54747,1222,2024-11-30,631.9
54748,1222,2024-12-31,980.32
54749,1222,2025-01-31,1219.58
54750,1222,2025-02-28,483.54
54751,1222,2025-03-31,1486.66
54752,1222,2025-04-30,1266.29
54753,1222,2025-05-31,908.39
54754,1222,2025-06-30,1101.64
54755,1222,2025-07-31,1144.95
54756,1222,2025-08-31,1072.5
54757,1222,2025-09-30,473.31
54758,1222,2025-10-31,1067.4
54759,1222,2025-11-30,785.06
54760,1222,2025-12-31,1364.42
54761,1223,2024-08-31,443.24
54762,1223,2024-09-30,894.63
54763,1223,2024-10-31,950.32
54764,1223,2024-11-30,854.77
54765,1223,2024-12-31,1207.26
54766,1223,2025-01-31,798.78
54767,1223,2025-02-28,523.31
54768,1223,2025-03-31,382.43
54769,1223,2025-04-30,531.88
54770,1223,2025-05-31,1114.97
54771,1223,2025-06-30,593.82
54772,1223,2025-07-31,421.31
54773,1223,2025-08-31,1527.13
54774,1223,2025-09-30,1373.4
54775,1223,2025-10-31,1123.43
54776,1223,2025-11-30,736.37
54777,1223,2025-12-31,706.27
54778,1224,2024-01-31,951.75
54779,1224,2024-02-29,839.08
54780,1224,2024-03-31,476.84
54781,1224,2024-04-30,563.5
54782,1224,2024-05-31,754.56
54783,1224,2024-06-30,411.16
54784,1224,2024-07-31,978.44
54785,1224,2024-08-31,280.65
54786,1224,2024-09-30,588.07
54787,1224,2024-10-31,503.43
54788,1224,2024-11-30,617.91
54789,1224,2024-12-31,436.54
54790,1224,2025-01-31,593.01
54791,1224,2025-02-28,645.79
54792,1224,2025-03-31,375.7
54793,1224,2025-04-30,898.64
54794,1224,2025-05-31,300.76
54795,1224,2025-06-30,946.02
54796,1224,2025-07-31,561.59
54797,1224,2025-08-31,465.79
54798,1224,2025-09-30,809.91
54799,1224,2025-10-31,403.41
54800,1224,2025-11-30,412.97
54801,1224,2025-12-31,855.32
54802,1225,2024-08-31,954.76
54803,1225,2024-09-30,499.48
54804,1225,2024-10-31,873.35
54805,1225,2024-11-30,544.87
54806,1225,2024-12-31,1077.39
54807,1225,2025-01-31,516.95
54808,1225,2025-02-28,923.49
54809,1225,2025-03-31,1141.26
54810,1225,2025-04-30,360.12
54811,1225,2025-05-31,541.87
54812,1225,2025-06-30,866.72
54813,1225,2025-07-31,867.1
54814,1225,2025-08-31,518.37
54815,1225,2025-09-30,774.44
54816,1225,2025-10-31,1059.96
54817,1225,2025-11-30,921.06
54818,1225,2025-12-31,761.22
54819,1226,2024-01-31,1071.6
54820,1226,2024-02-29,594.54
54821,1226,2024-03-31,983.2
54822,1226,2024-04-30,628.14
54823,1226,2024-05-31,1013.29
54824,1226,2024-06-30,472.2
54825,1226,2024-07-31,1448.68
54826,1226,2024-08-31,1137.65
54827,1226,2024-09-30,567.23
54828,1226,2024-10-31,533.73
54829,1226,2024-11-30,638.72
54830,1226,2024-12-31,646.29
54831,1226,2025-01-31,1101.77
54832,1226,2025-02-28,619.73
54833,1226,2025-03-31,545.37
54834,1226,2025-04-30,1283.84
54835,1226,2025-05-31,1280.11
54836,1226,2025-06-30,908.51
54837,1226,2025-07-31,584.54
54838,1226,2025-08-31,1043.65
54839,1226,2025-09-30,673.25
54840,1226,2025-10-31,935.77
54841,1226,2025-11-30,1455.59
54842,1226,2025-12-31,1345.49
54843,1227,2024-01-31,1218.45
54844,1227,2024-02-29,1364.53
54845,1227,2024-03-31,2300.28
54846,1227,2024-04-30,965.35
54847,1227,2024-05-31,1915.95
54848,1227,2024-06-30,1753.91
54849,1227,2024-07-31,2217.94
54850,1227,2024-08-31,1040.93
54851,1227,2024-09-30,1182.48
54852,1227,2024-10-31,773.15
54853,1227,2024-11-30,1639.93
54854,1227,2024-12-31,1022.96
54855,1227,2025-01-31,1743.32
54856,1227,2025-02-28,2011.59
54857,1227,2025-03-31,2259.2
54858,1227,2025-04-30,858.32
54859,1227,2025-05-31,1192.91
54860,1227,2025-06-30,1879.23
54861,1227,2025-07-31,1585.06
54862,1227,2025-08-31,1299.66
54863,1227,2025-09-30,1366.08
54864,1227,2025-10-31,1848.02
54865,1227,2025-11-30,2448.3
54866,1227,2025-12-31,1472.46
54867,1228,2024-01-31,840.6
54868,1228,2024-02-29,837.6
54869,1228,2024-03-31,1030.02
54870,1228,2024-04-30,1394.25
54871,1228,2024-05-31,1004.38
54872,1228,2024-06-30,871.66
54873,1228,2024-07-31,643.57
54874,1228,2024-08-31,800.79
54875,1228,2024-09-30,912.44
54876,1228,2024-10-31,1397.61
54877,1228,2024-11-30,1127.36
54878,1228,2024-12-31,1309.38
54879,1228,2025-01-31,663.8
54880,1228,2025-02-28,1127.61
54881,1228,2025-03-31,580.16
54882,1228,2025-04-30,859.45
54883,1228,2025-05-31,1025.75
54884,1228,2025-06-30,1477.11
54885,1228,2025-07-31,1229.4
54886,1228,2025-08-31,1273.7
54887,1228,2025-09-30,1038.39
54888,1228,2025-10-31,1157.18
54889,1228,2025-11-30,1001.3
54890,1228,2025-12-31,1081.99
54891,1229,2024-12-31,590.35
54892,1229,2025-01-31,380.68
54893,1229,2025-02-28,668.56
54894,1229,2025-03-31,353.19
54895,1229,2025-04-30,496.56
54896,1229,2025-05-31,728.45
54897,1229,2025-06-30,417.63
54898,1229,2025-07-31,481.67
54899,1229,2025-08-31,756.2
54900,1229,2025-09-30,548.8
54901,1229,2025-10-31,689.76
54902,1229,2025-11-30,1110.52
54903,1229,2025-12-31,803.71
54904,1230,2024-01-31,864.73
54905,1230,2024-02-29,1180.56
54906,1230,2024-03-31,515.08
54907,1230,2024-04-30,1218.11
54908,1230,2024-05-31,599.34
54909,1230,2024-06-30,379.79
54910,1230,2024-07-31,943.43
54911,1230,2024-08-31,702.03
54912,1230,2024-09-30,1104.48
54913,1230,2024-10-31,389.65
54914,1230,2024-11-30,1433.18
54915,1230,2024-12-31,1064.15
54916,1230,2025-01-31,1453.22
54917,1230,2025-02-28,1009.55
54918,1230,2025-03-31,1026.39
54919,1230,2025-04-30,885.03
54920,1230,2025-05-31,1353.26
54921,1230,2025-06-30,615.88
54922,1230,2025-07-31,408.04
54923,1230,2025-08-31,869.49
54924,1230,2025-09-30,1025.55
54925,1230,2025-10-31,808.84
54926,1230,2025-11-30,943.72
54927,1230,2025-12-31,698.5
54928,1231,2024-11-30,561.64
54929,1231,2024-12-31,383.22
54930,1231,2025-01-31,408.6
54931,1231,2025-02-28,306.99
54932,1231,2025-03-31,463.01
54933,1231,2025-04-30,644.5
54934,1231,2025-05-31,250.0
54935,1231,2025-06-30,693.15
54936,1231,2025-07-31,521.75
54937,1231,2025-08-31,470.74
54938,1231,2025-09-30,445.87
54939,1231,2025-10-31,387.75
54940,1231,2025-11-30,323.65
54941,1231,2025-12-31,250.0
54942,1232,2024-06-30,1195.36
54943,1232,2024-07-31,452.42
54944,1232,2024-08-31,532.74
54945,1232,2024-09-30,423.87
54946,1232,2024-10-31,329.17
54947,1232,2024-11-30,1049.87
54948,1232,2024-12-31,1096.86
54949,1232,2025-01-31,889.81
54950,1232,2025-02-28,1034.42
54951,1232,2025-03-31,617.14
54952,1232,2025-04-30,579.94
54953,1232,2025-05-31,783.78
54954,1232,2025-06-30,796.24
54955,1232,2025-07-31,505.5
54956,1232,2025-08-31,630.48
54957,1232,2025-09-30,344.19
54958,1232,2025-10-31,761.2
54959,1232,2025-11-30,804.6
54960,1232,2025-12-31,787.92
54961,1233,2024-01-31,534.36
54962,1233,2024-02-29,411.14
54963,1233,2024-03-31,955.59
54964,1233,2024-04-30,396.45
54965,1233,2024-05-31,640.07
54966,1233,2024-06-30,1122.02
54967,1233,2024-07-31,1383.48
54968,1233,2024-08-31,1244.86
54969,1233,2024-09-30,1214.1
54970,1233,2024-10-31,1215.45
54971,1233,2024-11-30,564.11
54972,1233,2024-12-31,596.35
54973,1233,2025-01-31,629.73
54974,1233,2025-02-28,1162.91
54975,1233,2025-03-31,661.55
54976,1233,2025-04-30,1121.23
54977,1233,2025-05-31,1221.74
54978,1233,2025-06-30,549.79
54979,1233,2025-07-31,1130.47
54980,1233,2025-08-31,725.66
54981,1233,2025-09-30,1435.93
54982,1233,2025-10-31,771.88
54983,1233,2025-11-30,532.62
54984,1233,2025-12-31,617.56
54985,1234,2024-09-30,1594.14
54986,1234,2024-10-31,1338.7
54987,1234,2024-11-30,642.7
54988,1234,2024-12-31,877.48
54989,1234,2025-01-31,1003.06
54990,1234,2025-02-28,1195.91
54991,1234,2025-03-31,788.34
54992,1234,2025-04-30,1485.04
54993,1234,2025-05-31,769.95
54994,1234,2025-06-30,784.83
54995,1234,2025-07-31,1590.13
54996,1234,2025-08-31,1539.12
54997,1234,2025-09-30,1374.2
54998,1234,2025-10-31,998.03
54999,1234,2025-11-30,1344.37
55000,1234,2025-12-31,1747.08
55001,1235,2024-01-31,465.78
55002,1235,2024-02-29,824.44
55003,1235,2024-03-31,743.29
55004,1235,2024-04-30,387.53
55005,1235,2024-05-31,756.91
55006,1235,2024-06-30,712.84
55007,1235,2024-07-31,595.68
55008,1235,2024-08-31,416.74
55009,1235,2024-09-30,646.21
55010,1235,2024-10-31,577.34
55011,1235,2024-11-30,831.0
55012,1235,2024-12-31,692.48
55013,1235,2025-01-31,369.4
55014,1235,2025-02-28,666.94
55015,1235,2025-03-31,974.68
55016,1235,2025-04-30,428.78
55017,1235,2025-05-31,578.14
55018,1235,2025-06-30,390.17
55019,1235,2025-07-31,404.46
55020,1235,2025-08-31,683.06
55021,1235,2025-09-30,1086.07
55022,1235,2025-10-31,279.78
55023,1235,2025-11-30,689.29
55024,1235,2025-12-31,716.08
55025,1236,2024-01-31,279.68
55026,1236,2024-02-29,750.52
55027,1236,2024-03-31,464.14
55028,1236,2024-04-30,588.24
55029,1236,2024-05-31,557.41
55030,1236,2024-06-30,756.88
55031,1236,2024-07-31,465.54
55032,1236,2024-08-31,512.01
55033,1236,2024-09-30,1121.19
55034,1236,2024-10-31,823.18
55035,1236,2024-11-30,718.42
55036,1236,2024-12-31,729.6
55037,1236,2025-01-31,504.32
55038,1236,2025-02-28,574.42
55039,1236,2025-03-31,445.38
55040,1236,2025-04-30,885.3
55041,1236,2025-05-31,321.95
55042,1236,2025-06-30,779.52
55043,1236,2025-07-31,259.92
55044,1236,2025-08-31,817.27
55045,1236,2025-09-30,623.22
55046,1236,2025-10-31,823.68
55047,1236,2025-11-30,891.49
55048,1236,2025-12-31,773.42
55049,1237,2024-02-29,467.64
55050,1237,2024-03-31,505.13
55051,1237,2024-04-30,466.0
55052,1237,2024-05-31,512.12
55053,1237,2024-06-30,514.3
55054,1237,2024-07-31,329.73
55055,1237,2024-08-31,357.33
55056,1237,2024-09-30,406.87
55057,1237,2024-10-31,416.43
55058,1237,2024-11-30,505.53
55059,1237,2024-12-31,325.13
55060,1237,2025-01-31,262.26
55061,1237,2025-02-28,250.0
55062,1237,2025-03-31,304.69
55063,1237,2025-04-30,557.3
55064,1237,2025-05-31,304.0
55065,1237,2025-06-30,375.12
55066,1237,2025-07-31,428.25
55067,1237,2025-08-31,250.0
55068,1237,2025-09-30,356.7
55069,1237,2025-10-31,382.41
55070,1237,2025-11-30,451.02
55071,1237,2025-12-31,353.57
55072,1238,2024-01-31,726.25
55073,1238,2024-02-29,971.39
55074,1238,2024-03-31,1070.37
55075,1238,2024-04-30,407.07
55076,1238,2024-05-31,608.78
55077,1238,2024-06-30,570.16
55078,1238,2024-07-31,1172.65
55079,1238,2024-08-31,620.38
55080,1238,2024-09-30,946.7
55081,1238,2024-10-31,436.6
55082,1238,2024-11-30,485.98
55083,1238,2024-12-31,657.75
55084,1238,2025-01-31,602.11
55085,1238,2025-02-28,539.64
55086,1238,2025-03-31,1303.96
55087,1238,2025-04-30,1377.37
55088,1238,2025-05-31,804.87
55089,1238,2025-06-30,1080.22
55090,1238,2025-07-31,523.18
55091,1238,2025-08-31,1144.19
55092,1238,2025-09-30,480.58
55093,1238,2025-10-31,658.02
55094,1238,2025-11-30,679.71
55095,1238,2025-12-31,916.88
55096,1239,2024-01-31,334.01
55097,1239,2024-02-29,438.26
55098,1239,2024-03-31,360.23
55099,1239,2024-04-30,897.98
55100,1239,2024-05-31,494.36
55101,1239,2024-06-30,820.58
55102,1239,2024-07-31,423.89
55103,1239,2024-08-31,604.64
55104,1239,2024-09-30,379.0
55105,1239,2024-10-31,423.97
55106,1239,2024-11-30,699.73
55107,1239,2024-12-31,536.99
55108,1239,2025-01-31,541.98
55109,1239,2025-02-28,817.76
55110,1239,2025-03-31,672.32
55111,1239,2025-04-30,414.24
55112,1239,2025-05-31,651.24
55113,1239,2025-06-30,410.41
55114,1239,2025-07-31,293.49
55115,1239,2025-08-31,463.36
55116,1239,2025-09-30,405.47
55117,1239,2025-10-31,799.88
55118,1239,2025-11-30,464.42
55119,1239,2025-12-31,278.2
55120,1240,2024-01-31,573.47
55121,1240,2024-02-29,384.32
55122,1240,2024-03-31,690.44
55123,1240,2024-04-30,492.29
55124,1240,2024-05-31,715.2
55125,1240,2024-06-30,449.07
55126,1240,2024-07-31,994.45
55127,1240,2024-08-31,624.76
55128,1240,2024-09-30,1343.7
55129,1240,2024-10-31,683.17
55130,1240,2024-11-30,780.44
55131,1240,2024-12-31,1241.04
55132,1240,2025-01-31,688.65
55133,1240,2025-02-28,535.09
55134,1240,2025-03-31,447.91
55135,1240,2025-04-30,1143.88
55136,1240,2025-05-31,1200.49
55137,1240,2025-06-30,1332.95
55138,1240,2025-07-31,675.64
55139,1240,2025-08-31,975.6
55140,1240,2025-09-30,999.46
55141,1240,2025-10-31,1066.55
55142,1240,2025-11-30,922.59
55143,1240,2025-12-31,862.77
55144,1241,2024-03-31,923.94
55145,1241,2024-04-30,1185.69
55146,1241,2024-05-31,601.86
55147,1241,2024-06-30,461.21
55148,1241,2024-07-31,624.38
55149,1241,2024-08-31,632.21
55150,1241,2024-09-30,417.04
55151,1241,2024-10-31,480.43
55152,1241,2024-11-30,581.06
55153,1241,2024-12-31,1008.23
55154,1241,2025-01-31,790.95
55155,1241,2025-02-28,589.61
55156,1241,2025-03-31,417.41
55157,1241,2025-04-30,796.05
55158,1241,2025-05-31,354.91
55159,1241,2025-06-30,790.28
55160,1241,2025-07-31,596.74
55161,1241,2025-08-31,599.41
55162,1241,2025-09-30,505.79
55163,1241,2025-10-31,600.92
55164,1241,2025-11-30,579.02
55165,1241,2025-12-31,618.13
55166,1242,2024-01-31,472.89
55167,1242,2024-02-29,1027.29
55168,1242,2024-03-31,800.98
55169,1242,2024-04-30,1005.53
55170,1242,2024-05-31,621.24
55171,1242,2024-06-30,533.58
55172,1242,2024-07-31,1041.43
55173,1242,2024-08-31,406.18
55174,1242,2024-09-30,752.5
55175,1242,2024-10-31,651.67
55176,1242,2024-11-30,491.02
55177,1242,2024-12-31,1335.47
55178,1242,2025-01-31,466.75
55179,1242,2025-02-28,1087.71
55180,1242,2025-03-31,679.63
55181,1242,2025-04-30,430.28
55182,1242,2025-05-31,499.58
55183,1242,2025-06-30,811.75
55184,1242,2025-07-31,928.72
55185,1242,2025-08-31,949.15
55186,1242,2025-09-30,384.85
55187,1242,2025-10-31,683.09
55188,1242,2025-11-30,1083.04
55189,1242,2025-12-31,1029.41
55190,1243,2024-01-31,471.24
55191,1243,2024-02-29,611.08
55192,1243,2024-03-31,439.18
55193,1243,2024-04-30,256.86
55194,1243,2024-05-31,511.31
55195,1243,2024-06-30,519.87
55196,1243,2024-07-31,472.34
55197,1243,2024-08-31,486.63
55198,1243,2024-09-30,719.21
55199,1243,2024-10-31,319.13
55200,1243,2024-11-30,342.71
55201,1243,2024-12-31,261.87
55202,1243,2025-01-31,417.96
55203,1243,2025-02-28,426.52
55204,1243,2025-03-31,847.84
55205,1243,2025-04-30,543.41
55206,1243,2025-05-31,546.17
55207,1243,2025-06-30,443.27
55208,1243,2025-07-31,657.63
55209,1243,2025-08-31,285.6
55210,1243,2025-09-30,325.33
55211,1243,2025-10-31,560.02
55212,1243,2025-11-30,554.73
55213,1243,2025-12-31,402.11
55214,1244,2024-02-29,543.8
55215,1244,2024-03-31,250.0
55216,1244,2024-04-30,455.03
55217,1244,2024-05-31,619.54
55218,1244,2024-06-30,354.38
55219,1244,2024-07-31,562.28
55220,1244,2024-08-31,338.32
55221,1244,2024-09-30,439.01
55222,1244,2024-10-31,635.05
55223,1244,2024-11-30,255.74
55224,1244,2024-12-31,276.97
55225,1244,2025-01-31,474.92
55226,1244,2025-02-28,665.2
55227,1244,2025-03-31,250.0
55228,1244,2025-04-30,280.91
55229,1244,2025-05-31,400.79
55230,1244,2025-06-30,291.0
55231,1244,2025-07-31,679.42
55232,1244,2025-08-31,250.0
55233,1244,2025-09-30,267.25
55234,1244,2025-10-31,443.04
55235,1244,2025-11-30,569.81
55236,1244,2025-12-31,523.29
55237,1245,2024-01-31,1201.07
55238,1245,2024-02-29,1059.37
55239,1245,2024-03-31,836.12
55240,1245,2024-04-30,2073.87
55241,1245,2024-05-31,2280.96
55242,1245,2024-06-30,1293.34
55243,1245,2024-07-31,1016.81
55244,1245,2024-08-31,1824.86
55245,1245,2024-09-30,795.95
55246,1245,2024-10-31,1122.29
55247,1245,2024-11-30,763.09
55248,1245,2024-12-31,1095.93
55249,1245,2025-01-31,1672.38
55250,1245,2025-02-28,1570.45
55251,1245,2025-03-31,1223.11
55252,1245,2025-04-30,1386.34
55253,1245,2025-05-31,1752.64
55254,1245,2025-06-30,1618.81
55255,1245,2025-07-31,1213.82
55256,1245,2025-08-31,1251.6
55257,1245,2025-09-30,1503.31
55258,1245,2025-10-31,1015.59
55259,1245,2025-11-30,634.18
55260,1245,2025-12-31,907.99
55261,1246,2024-05-31,320.76
55262,1246,2024-06-30,383.4
55263,1246,2024-07-31,555.6
55264,1246,2024-08-31,516.63
55265,1246,2024-09-30,327.98
55266,1246,2024-10-31,351.71
55267,1246,2024-11-30,290.62
55268,1246,2024-12-31,544.52
55269,1246,2025-01-31,436.25
55270,1246,2025-02-28,331.69
55271,1246,2025-03-31,433.77
55272,1246,2025-04-30,255.35
55273,1246,2025-05-31,854.0
55274,1246,2025-06-30,625.16
55275,1246,2025-07-31,677.01
55276,1246,2025-08-31,559.65
55277,1246,2025-09-30,524.38
55278,1246,2025-10-31,385.42
55279,1246,2025-11-30,390.8
55280,1246,2025-12-31,387.71
55281,1247,2024-01-31,479.3
55282,1247,2024-02-29,401.75
55283,1247,2024-03-31,726.02
55284,1247,2024-04-30,384.19
55285,1247,2024-05-31,553.23
55286,1247,2024-06-30,526.87
55287,1247,2024-07-31,873.27
55288,1247,2024-08-31,506.31
55289,1247,2024-09-30,523.63
55290,1247,2024-10-31,696.83
55291,1247,2024-11-30,567.43
55292,1247,2024-12-31,296.73
55293,1247,2025-01-31,453.46
55294,1247,2025-02-28,477.33
55295,1247,2025-03-31,585.62
55296,1247,2025-04-30,447.76
55297,1247,2025-05-31,602.44
55298,1247,2025-06-30,310.58
55299,1247,2025-07-31,643.89
55300,1247,2025-08-31,468.01
55301,1247,2025-09-30,459.03
55302,1247,2025-10-31,250.0
55303,1247,2025-11-30,292.49
55304,1247,2025-12-31,470.14
55305,1248,2024-04-30,968.64
55306,1248,2024-05-31,933.81
55307,1248,2024-06-30,1569.34
55308,1248,2024-07-31,538.67
55309,1248,2024-08-31,1428.21
55310,1248,2024-09-30,1665.51
55311,1248,2024-10-31,812.95
55312,1248,2024-11-30,1713.18
55313,1248,2024-12-31,1057.59
55314,1248,2025-01-31,926.95
55315,1248,2025-02-28,844.88
55316,1248,2025-03-31,1610.67
55317,1248,2025-04-30,1318.6
55318,1248,2025-05-31,1244.03
55319,1248,2025-06-30,1415.32
55320,1248,2025-07-31,704.31
55321,1248,2025-08-31,841.32
55322,1248,2025-09-30,1313.76
55323,1248,2025-10-31,656.64
55324,1248,2025-11-30,1939.72
55325,1248,2025-12-31,1806.34
55326,1249,2024-07-31,2348.37
55327,1249,2024-08-31,800.6
55328,1249,2024-09-30,2267.81
55329,1249,2024-10-31,2186.94
55330,1249,2024-11-30,2290.58
55331,1249,2024-12-31,1912.94
55332,1249,2025-01-31,948.6
55333,1249,2025-02-28,1433.35
55334,1249,2025-03-31,2125.57
55335,1249,2025-04-30,2102.64
55336,1249,2025-05-31,2423.78
55337,1249,2025-06-30,980.9
55338,1249,2025-07-31,1472.47
55339,1249,2025-08-31,1704.59
55340,1249,2025-09-30,1912.43
55341,1249,2025-10-31,2585.93
55342,1249,2025-11-30,2105.57
55343,1249,2025-12-31,2015.83
55344,1250,2024-01-31,421.94
55345,1250,2024-02-29,471.22
55346,1250,2024-03-31,646.39
55347,1250,2024-04-30,509.25
55348,1250,2024-05-31,266.4
55349,1250,2024-06-30,419.37
55350,1250,2024-07-31,526.86
55351,1250,2024-08-31,250.0
55352,1250,2024-09-30,250.0
55353,1250,2024-10-31,287.39
55354,1250,2024-11-30,544.89
55355,1250,2024-12-31,499.58
55356,1250,2025-01-31,596.12
55357,1250,2025-02-28,495.71
55358,1250,2025-03-31,592.45
55359,1250,2025-04-30,696.66
55360,1250,2025-05-31,522.44
55361,1250,2025-06-30,250.0
55362,1250,2025-07-31,329.4
55363,1250,2025-08-31,363.47
55364,1250,2025-09-30,642.21
55365,1250,2025-10-31,323.55
55366,1250,2025-11-30,577.63
55367,1250,2025-12-31,360.95
55368,1251,2024-01-31,838.56
55369,1251,2024-02-29,724.98
55370,1251,2024-03-31,444.3
55371,1251,2024-04-30,954.93
55372,1251,2024-05-31,675.77
55373,1251,2024-06-30,1230.94
55374,1251,2024-07-31,835.67
55375,1251,2024-08-31,1393.59
55376,1251,2024-09-30,425.54
55377,1251,2024-10-31,1075.0
55378,1251,2024-11-30,1068.84
55379,1251,2024-12-31,589.7
55380,1251,2025-01-31,583.52
55381,1251,2025-02-28,831.41
55382,1251,2025-03-31,540.98
55383,1251,2025-04-30,533.98
55384,1251,2025-05-31,692.18
55385,1251,2025-06-30,603.89
55386,1251,2025-07-31,998.87
55387,1251,2025-08-31,558.53
55388,1251,2025-09-30,1187.38
55389,1251,2025-10-31,908.76
55390,1251,2025-11-30,486.16
55391,1251,2025-12-31,542.21
55392,1252,2024-02-29,1465.03
55393,1252,2024-03-31,749.29
55394,1252,2024-04-30,1270.8
55395,1252,2024-05-31,682.13
55396,1252,2024-06-30,1560.41
55397,1252,2024-07-31,1128.1
55398,1252,2024-08-31,982.38
55399,1252,2024-09-30,838.41
55400,1252,2024-10-31,1206.36
55401,1252,2024-11-30,601.83
55402,1252,2024-12-31,1332.89
55403,1252,2025-01-31,1351.66
55404,1252,2025-02-28,1406.38
55405,1252,2025-03-31,1422.19
55406,1252,2025-04-30,1500.42
55407,1252,2025-05-31,662.93
55408,1252,2025-06-30,1315.56
55409,1252,2025-07-31,652.61
55410,1252,2025-08-31,1376.66
55411,1252,2025-09-30,1470.01
55412,1252,2025-10-31,1040.04
55413,1252,2025-11-30,1284.58
55414,1252,2025-12-31,1278.24
55415,1253,2024-02-29,976.32
55416,1253,2024-03-31,783.89
55417,1253,2024-04-30,688.64
55418,1253,2024-05-31,1614.95
55419,1253,2024-06-30,1285.31
55420,1253,2024-07-31,1083.77
55421,1253,2024-08-31,1270.92
55422,1253,2024-09-30,1237.24
55423,1253,2024-10-31,1692.43
55424,1253,2024-11-30,968.68
55425,1253,2024-12-31,1939.85
55426,1253,2025-01-31,1364.55
55427,1253,2025-02-28,1442.2
55428,1253,2025-03-31,1163.35
55429,1253,2025-04-30,1477.31
55430,1253,2025-05-31,1120.61
55431,1253,2025-06-30,1751.79
55432,1253,2025-07-31,1200.72
55433,1253,2025-08-31,1273.83
55434,1253,2025-09-30,1049.4
55435,1253,2025-10-31,1009.3
55436,1253,2025-11-30,1163.47
55437,1253,2025-12-31,1488.0
55438,1254,2024-01-31,304.64
55439,1254,2024-02-29,456.79
55440,1254,2024-03-31,887.87
55441,1254,2024-04-30,555.25
55442,1254,2024-05-31,326.21
55443,1254,2024-06-30,682.19
55444,1254,2024-07-31,398.2
55445,1254,2024-08-31,549.17
55446,1254,2024-09-30,768.25
55447,1254,2024-10-31,586.47
55448,1254,2024-11-30,601.09
55449,1254,2024-12-31,708.03
55450,1254,2025-01-31,716.24
55451,1254,2025-02-28,459.17
55452,1254,2025-03-31,368.33
55453,1254,2025-04-30,359.88
55454,1254,2025-05-31,433.43
55455,1254,2025-06-30,326.92
55456,1254,2025-07-31,799.15
55457,1254,2025-08-31,661.7
55458,1254,2025-09-30,375.24
55459,1254,2025-10-31,552.12
55460,1254,2025-11-30,277.51
55461,1254,2025-12-31,708.76
55462,1255,2024-02-29,1018.68
55463,1255,2024-03-31,931.73
55464,1255,2024-04-30,389.47
55465,1255,2024-05-31,331.29
55466,1255,2024-06-30,414.61
55467,1255,2024-07-31,689.94
55468,1255,2024-08-31,917.76
55469,1255,2024-09-30,603.06
55470,1255,2024-10-31,621.73
55471,1255,2024-11-30,1194.51
55472,1255,2024-12-31,1120.83
55473,1255,2025-01-31,742.39
55474,1255,2025-02-28,547.14
55475,1255,2025-03-31,769.31
55476,1255,2025-04-30,864.03
55477,1255,2025-05-31,725.3
55478,1255,2025-06-30,918.84
55479,1255,2025-07-31,774.21
55480,1255,2025-08-31,1032.62
55481,1255,2025-09-30,632.55
55482,1255,2025-10-31,852.61
55483,1255,2025-11-30,505.91
55484,1255,2025-12-31,450.61
55485,1256,2024-01-31,930.72
55486,1256,2024-02-29,781.56
55487,1256,2024-03-31,1071.58
55488,1256,2024-04-30,1151.37
55489,1256,2024-05-31,563.09
55490,1256,2024-06-30,1725.57
55491,1256,2024-07-31,1034.0
55492,1256,2024-08-31,1356.97
55493,1256,2024-09-30,907.49
55494,1256,2024-10-31,1549.62
55495,1256,2024-11-30,1057.75
55496,1256,2024-12-31,568.31
55497,1256,2025-01-31,909.31
55498,1256,2025-02-28,1161.51
55499,1256,2025-03-31,1136.63
55500,1256,2025-04-30,1220.37
55501,1256,2025-05-31,1333.74
55502,1256,2025-06-30,790.3
55503,1256,2025-07-31,744.66
55504,1256,2025-08-31,1365.48
55505,1256,2025-09-30,1433.36
55506,1256,2025-10-31,1031.97
55507,1256,2025-11-30,585.64
55508,1256,2025-12-31,1220.46
55509,1257,2024-02-29,663.29
55510,1257,2024-03-31,1122.42
55511,1257,2024-04-30,1503.81
55512,1257,2024-05-31,1627.56
55513,1257,2024-06-30,826.73
55514,1257,2024-07-31,1241.5
55515,1257,2024-08-31,846.95
55516,1257,2024-09-30,932.78
55517,1257,2024-10-31,721.07
55518,1257,2024-11-30,1262.68
55519,1257,2024-12-31,742.64
55520,1257,2025-01-31,1837.68
55521,1257,2025-02-28,783.49
55522,1257,2025-03-31,991.44
55523,1257,2025-04-30,1246.68
55524,1257,2025-05-31,1093.15
55525,1257,2025-06-30,600.37
55526,1257,2025-07-31,1275.81
55527,1257,2025-08-31,993.43
55528,1257,2025-09-30,1076.15
55529,1257,2025-10-31,1372.13
55530,1257,2025-11-30,1221.48
55531,1257,2025-12-31,1630.48
55532,1258,2024-11-30,789.43
55533,1258,2024-12-31,746.08
55534,1258,2025-01-31,1228.44
55535,1258,2025-02-28,738.88
55536,1258,2025-03-31,1050.66
55537,1258,2025-04-30,1124.35
55538,1258,2025-05-31,1155.72
55539,1258,2025-06-30,728.02
55540,1258,2025-07-31,454.19
55541,1258,2025-08-31,634.09
55542,1258,2025-09-30,379.51
55543,1258,2025-10-31,612.37
55544,1258,2025-11-30,538.09
55545,1258,2025-12-31,528.98
55546,1259,2024-01-31,771.93
55547,1259,2024-02-29,858.25
55548,1259,2024-03-31,1379.54
55549,1259,2024-04-30,943.29
55550,1259,2024-05-31,1169.44
55551,1259,2024-06-30,687.33
55552,1259,2024-07-31,856.36
55553,1259,2024-08-31,583.69
55554,1259,2024-09-30,1121.29
55555,1259,2024-10-31,840.96
55556,1259,2024-11-30,948.43
55557,1259,2024-12-31,1245.45
55558,1259,2025-01-31,481.14
55559,1259,2025-02-28,641.25
55560,1259,2025-03-31,933.96
55561,1259,2025-04-30,708.74
55562,1259,2025-05-31,531.02
55563,1259,2025-06-30,1037.2
55564,1259,2025-07-31,860.45
55565,1259,2025-08-31,966.81
55566,1259,2025-09-30,1385.68
55567,1259,2025-10-31,719.26
55568,1259,2025-11-30,888.62
55569,1259,2025-12-31,1633.77
55570,1260,2024-07-31,451.16
55571,1260,2024-08-31,506.79
55572,1260,2024-09-30,687.42
55573,1260,2024-10-31,365.51
55574,1260,2024-11-30,340.87
55575,1260,2024-12-31,277.97
55576,1260,2025-01-31,729.67
55577,1260,2025-02-28,542.21
55578,1260,2025-03-31,349.95
55579,1260,2025-04-30,309.22
55580,1260,2025-05-31,508.44
55581,1260,2025-06-30,334.04
55582,1260,2025-07-31,407.79
55583,1260,2025-08-31,573.82
55584,1260,2025-09-30,475.24
55585,1260,2025-10-31,549.97
55586,1260,2025-11-30,631.2
55587,1260,2025-12-31,469.78
55588,1261,2024-01-31,509.65
55589,1261,2024-02-29,976.99
55590,1261,2024-03-31,1157.37
55591,1261,2024-04-30,976.62
55592,1261,2024-05-31,721.85
55593,1261,2024-06-30,1067.39
55594,1261,2024-07-31,1070.08
55595,1261,2024-08-31,793.54
55596,1261,2024-09-30,1103.96
55597,1261,2024-10-31,1030.22
55598,1261,2024-11-30,848.87
55599,1261,2024-12-31,1219.47
55600,1261,2025-01-31,1299.8
55601,1261,2025-02-28,625.74
55602,1261,2025-03-31,768.53
55603,1261,2025-04-30,720.48
55604,1261,2025-05-31,826.05
55605,1261,2025-06-30,1045.86
55606,1261,2025-07-31,661.51
55607,1261,2025-08-31,606.03
55608,1261,2025-09-30,828.98
55609,1261,2025-10-31,613.89
55610,1261,2025-11-30,741.13
55611,1261,2025-12-31,1048.93
55612,1262,2024-11-30,537.72
55613,1262,2024-12-31,1159.03
55614,1262,2025-01-31,933.22
55615,1262,2025-02-28,561.52
55616,1262,2025-03-31,895.76
55617,1262,2025-04-30,771.4
55618,1262,2025-05-31,977.3
55619,1262,2025-06-30,1257.9
55620,1262,2025-07-31,903.04
55621,1262,2025-08-31,395.49
55622,1262,2025-09-30,748.71
55623,1262,2025-10-31,752.27
55624,1262,2025-11-30,752.31
55625,1262,2025-12-31,796.74
55626,1263,2024-08-31,988.93
55627,1263,2024-09-30,931.05
55628,1263,2024-10-31,1010.59
55629,1263,2024-11-30,598.39
55630,1263,2024-12-31,1012.12
55631,1263,2025-01-31,515.16
55632,1263,2025-02-28,1193.24
55633,1263,2025-03-31,904.17
55634,1263,2025-04-30,1005.52
55635,1263,2025-05-31,641.81
55636,1263,2025-06-30,1592.63
55637,1263,2025-07-31,1011.23
55638,1263,2025-08-31,727.41
55639,1263,2025-09-30,672.2
55640,1263,2025-10-31,1040.33
55641,1263,2025-11-30,975.28
55642,1263,2025-12-31,1377.61
55643,1264,2024-11-30,785.88
55644,1264,2024-12-31,514.32
55645,1264,2025-01-31,598.52
55646,1264,2025-02-28,731.75
55647,1264,2025-03-31,733.5
55648,1264,2025-04-30,651.35
55649,1264,2025-05-31,516.08
55650,1264,2025-06-30,608.11
55651,1264,2025-07-31,1140.43
55652,1264,2025-08-31,807.07
55653,1264,2025-09-30,1135.04
55654,1264,2025-10-31,630.75
55655,1264,2025-11-30,831.18
55656,1264,2025-12-31,763.09
55657,1265,2024-06-30,1440.06
55658,1265,2024-07-31,992.96
55659,1265,2024-08-31,574.94
55660,1265,2024-09-30,1526.89
55661,1265,2024-10-31,1063.97
55662,1265,2024-11-30,698.29
55663,1265,2024-12-31,1099.23
55664,1265,2025-01-31,1697.7
55665,1265,2025-02-28,678.85
55666,1265,2025-03-31,1389.81
55667,1265,2025-04-30,1393.33
55668,1265,2025-05-31,1378.89
55669,1265,2025-06-30,1286.76
55670,1265,2025-07-31,1158.57
55671,1265,2025-08-31,445.24
55672,1265,2025-09-30,836.76
55673,1265,2025-10-31,1158.84
55674,1265,2025-11-30,793.41
55675,1265,2025-12-31,1043.75
55676,1266,2024-04-30,1299.63
55677,1266,2024-05-31,1188.53
55678,1266,2024-06-30,1304.57
55679,1266,2024-07-31,1714.63
55680,1266,2024-08-31,791.98
55681,1266,2024-09-30,533.91
55682,1266,2024-10-31,1061.85
55683,1266,2024-11-30,1543.47
55684,1266,2024-12-31,1302.38
55685,1266,2025-01-31,1148.47
55686,1266,2025-02-28,1567.91
55687,1266,2025-03-31,505.4
55688,1266,2025-04-30,760.78
55689,1266,2025-05-31,1265.69
55690,1266,2025-06-30,1073.92
55691,1266,2025-07-31,730.48
55692,1266,2025-08-31,1374.46
55693,1266,2025-09-30,968.02
55694,1266,2025-10-31,1679.74
55695,1266,2025-11-30,944.64
55696,1266,2025-12-31,749.86
55697,1267,2024-01-31,532.75
55698,1267,2024-02-29,1115.47
55699,1267,2024-03-31,699.79
55700,1267,2024-04-30,791.77
55701,1267,2024-05-31,1051.06
55702,1267,2024-06-30,992.98
55703,1267,2024-07-31,988.62
55704,1267,2024-08-31,1147.59
55705,1267,2024-09-30,838.63
55706,1267,2024-10-31,1151.71
55707,1267,2024-11-30,572.31
55708,1267,2024-12-31,816.54
55709,1267,2025-01-31,800.78
55710,1267,2025-02-28,906.85
55711,1267,2025-03-31,919.04
55712,1267,2025-04-30,1203.8
55713,1267,2025-05-31,542.73
55714,1267,2025-06-30,704.09
55715,1267,2025-07-31,988.96
55716,1267,2025-08-31,977.71
55717,1267,2025-09-30,1044.6
55718,1267,2025-10-31,688.64
55719,1267,2025-11-30,993.34
55720,1267,2025-12-31,366.81
55721,1268,2024-11-30,664.57
55722,1268,2024-12-31,1335.53
55723,1268,2025-01-31,1125.8
55724,1268,2025-02-28,915.76
55725,1268,2025-03-31,542.95
55726,1268,2025-04-30,1118.23
55727,1268,2025-05-31,1046.65
55728,1268,2025-06-30,1530.33
55729,1268,2025-07-31,990.08
55730,1268,2025-08-31,1184.1
55731,1268,2025-09-30,863.7
55732,1268,2025-10-31,1751.14
55733,1268,2025-11-30,683.23
55734,1268,2025-12-31,838.18
55735,1269,2024-09-30,478.07
55736,1269,2024-10-31,883.41
55737,1269,2024-11-30,1148.0
55738,1269,2024-12-31,1010.62
55739,1269,2025-01-31,1458.51
55740,1269,2025-02-28,1231.11
55741,1269,2025-03-31,595.53
55742,1269,2025-04-30,1350.9
55743,1269,2025-05-31,1079.78
55744,1269,2025-06-30,639.47
55745,1269,2025-07-31,1073.83
55746,1269,2025-08-31,1192.95
55747,1269,2025-09-30,1049.86
55748,1269,2025-10-31,957.81
55749,1269,2025-11-30,1183.45
55750,1269,2025-12-31,1062.55
55751,1270,2024-01-31,1116.68
55752,1270,2024-02-29,1149.66
55753,1270,2024-03-31,792.42
55754,1270,2024-04-30,946.06
55755,1270,2024-05-31,885.36
55756,1270,2024-06-30,827.81
55757,1270,2024-07-31,717.6
55758,1270,2024-08-31,618.69
55759,1270,2024-09-30,1202.93
55760,1270,2024-10-31,948.53
55761,1270,2024-11-30,753.84
55762,1270,2024-12-31,1180.69
55763,1270,2025-01-31,872.65
55764,1270,2025-02-28,1168.85
55765,1270,2025-03-31,487.29
55766,1270,2025-04-30,1049.05
55767,1270,2025-05-31,995.44
55768,1270,2025-06-30,1246.31
55769,1270,2025-07-31,1146.87
55770,1270,2025-08-31,881.1
55771,1270,2025-09-30,867.65
55772,1270,2025-10-31,850.12
55773,1270,2025-11-30,744.27
55774,1270,2025-12-31,1163.24
55775,1271,2024-01-31,390.95
55776,1271,2024-02-29,608.81
55777,1271,2024-03-31,480.71
55778,1271,2024-04-30,845.57
55779,1271,2024-05-31,1028.97
55780,1271,2024-06-30,1159.02
55781,1271,2024-07-31,769.13
55782,1271,2024-08-31,761.63
55783,1271,2024-09-30,510.71
55784,1271,2024-10-31,1239.63
55785,1271,2024-11-30,781.43
55786,1271,2024-12-31,439.46
55787,1271,2025-01-31,673.73
55788,1271,2025-02-28,591.12
55789,1271,2025-03-31,740.57
55790,1271,2025-04-30,773.08
55791,1271,2025-05-31,481.86
55792,1271,2025-06-30,474.4
55793,1271,2025-07-31,679.55
55794,1271,2025-08-31,479.58
55795,1271,2025-09-30,655.58
55796,1271,2025-10-31,1138.68
55797,1271,2025-11-30,814.42
55798,1271,2025-12-31,481.56
55799,1272,2024-01-31,609.84
55800,1272,2024-02-29,793.33
55801,1272,2024-03-31,782.05
55802,1272,2024-04-30,1174.79
55803,1272,2024-05-31,1210.94
55804,1272,2024-06-30,1051.27
55805,1272,2024-07-31,978.47
55806,1272,2024-08-31,614.98
55807,1272,2024-09-30,1104.97
55808,1272,2024-10-31,1011.05
55809,1272,2024-11-30,1195.23
55810,1272,2024-12-31,626.39
55811,1272,2025-01-31,601.05
55812,1272,2025-02-28,458.65
55813,1272,2025-03-31,548.87
55814,1272,2025-04-30,598.27
55815,1272,2025-05-31,923.07
55816,1272,2025-06-30,930.72
55817,1272,2025-07-31,1017.96
55818,1272,2025-08-31,1014.62
55819,1272,2025-09-30,1349.31
55820,1272,2025-10-31,1514.05
55821,1272,2025-11-30,557.51
55822,1272,2025-12-31,1314.62
55823,1273,2024-01-31,921.51
55824,1273,2024-02-29,775.27
55825,1273,2024-03-31,1087.97
55826,1273,2024-04-30,1103.97
55827,1273,2024-05-31,502.3
55828,1273,2024-06-30,686.56
55829,1273,2024-07-31,459.44
55830,1273,2024-08-31,351.9
55831,1273,2024-09-30,821.19
55832,1273,2024-10-31,921.37
55833,1273,2024-11-30,962.95
55834,1273,2024-12-31,1026.2
55835,1273,2025-01-31,710.99
55836,1273,2025-02-28,422.18
55837,1273,2025-03-31,518.63
55838,1273,2025-04-30,456.38
55839,1273,2025-05-31,910.88
55840,1273,2025-06-30,351.38
55841,1273,2025-07-31,630.13
55842,1273,2025-08-31,999.28
55843,1273,2025-09-30,581.56
55844,1273,2025-10-31,1260.63
55845,1273,2025-11-30,559.3
55846,1273,2025-12-31,932.67
55847,1274,2024-01-31,1290.89
55848,1274,2024-02-29,1193.05
55849,1274,2024-03-31,1702.65
55850,1274,2024-04-30,1437.82
55851,1274,2024-05-31,996.56
55852,1274,2024-06-30,1549.0
55853,1274,2024-07-31,748.97
55854,1274,2024-08-31,2498.12
55855,1274,2024-09-30,2405.59
55856,1274,2024-10-31,1049.1
55857,1274,2024-11-30,2107.56
55858,1274,2024-12-31,1244.71
55859,1274,2025-01-31,785.26
55860,1274,2025-02-28,1059.87
55861,1274,2025-03-31,1573.15
55862,1274,2025-04-30,1443.39
55863,1274,2025-05-31,2440.3
55864,1274,2025-06-30,1522.61
55865,1274,2025-07-31,1718.52
55866,1274,2025-08-31,2286.85
55867,1274,2025-09-30,2060.15
55868,1274,2025-10-31,1945.08
55869,1274,2025-11-30,1801.99
55870,1274,2025-12-31,1003.41
55871,1275,2024-01-31,1332.07
55872,1275,2024-02-29,1566.86
55873,1275,2024-03-31,1361.13
55874,1275,2024-04-30,1629.07
55875,1275,2024-05-31,1750.02
55876,1275,2024-06-30,1791.53
55877,1275,2024-07-31,1070.52
55878,1275,2024-08-31,2028.78
55879,1275,2024-09-30,813.27
55880,1275,2024-10-31,866.44
55881,1275,2024-11-30,999.53
55882,1275,2024-12-31,1547.18
55883,1275,2025-01-31,1772.23
55884,1275,2025-02-28,1098.05
55885,1275,2025-03-31,828.93
55886,1275,2025-04-30,1368.64
55887,1275,2025-05-31,1144.87
55888,1275,2025-06-30,1408.49
55889,1275,2025-07-31,1052.74
55890,1275,2025-08-31,1332.66
55891,1275,2025-09-30,733.72
55892,1275,2025-10-31,1605.08
55893,1275,2025-11-30,1287.28
55894,1275,2025-12-31,1819.63
55895,1276,2024-01-31,843.64
55896,1276,2024-02-29,1276.38
55897,1276,2024-03-31,729.27
55898,1276,2024-04-30,1116.78
55899,1276,2024-05-31,781.26
55900,1276,2024-06-30,1225.92
55901,1276,2024-07-31,1315.47
55902,1276,2024-08-31,999.26
55903,1276,2024-09-30,1280.03
55904,1276,2024-10-31,725.83
55905,1276,2024-11-30,960.74
55906,1276,2024-12-31,1227.76
55907,1276,2025-01-31,869.16
55908,1276,2025-02-28,506.29
55909,1276,2025-03-31,974.74
55910,1276,2025-04-30,1142.68
55911,1276,2025-05-31,739.22
55912,1276,2025-06-30,1346.72
55913,1276,2025-07-31,1127.26
55914,1276,2025-08-31,1260.15
55915,1276,2025-09-30,1039.36
55916,1276,2025-10-31,1177.34
55917,1276,2025-11-30,888.16
55918,1276,2025-12-31,1453.12
55919,1277,2024-12-31,872.85
55920,1277,2025-01-31,329.06
55921,1277,2025-02-28,446.92
55922,1277,2025-03-31,719.2
55923,1277,2025-04-30,748.02
55924,1277,2025-05-31,657.52
55925,1277,2025-06-30,367.84
55926,1277,2025-07-31,512.55
55927,1277,2025-08-31,408.01
55928,1277,2025-09-30,334.22
55929,1277,2025-10-31,948.06
55930,1277,2025-11-30,916.51
55931,1277,2025-12-31,555.44
55932,1278,2024-01-31,765.2
55933,1278,2024-02-29,625.35
55934,1278,2024-03-31,470.47
55935,1278,2024-04-30,308.89
55936,1278,2024-05-31,708.05
55937,1278,2024-06-30,630.89
55938,1278,2024-07-31,485.59
55939,1278,2024-08-31,764.34
55940,1278,2024-09-30,926.75
55941,1278,2024-10-31,595.58
55942,1278,2024-11-30,443.39
55943,1278,2024-12-31,956.94
55944,1278,2025-01-31,290.62
55945,1278,2025-02-28,784.19
55946,1278,2025-03-31,691.72
55947,1278,2025-04-30,286.57
55948,1278,2025-05-31,608.36
55949,1278,2025-06-30,886.8
55950,1278,2025-07-31,967.85
55951,1278,2025-08-31,839.32
55952,1278,2025-09-30,264.16
55953,1278,2025-10-31,407.04
55954,1278,2025-11-30,1140.9
55955,1278,2025-12-31,750.16
55956,1279,2024-04-30,1310.36
55957,1279,2024-05-31,856.72
55958,1279,2024-06-30,694.12
55959,1279,2024-07-31,1834.54
55960,1279,2024-08-31,1507.2
55961,1279,2024-09-30,713.38
55962,1279,2024-10-31,879.32
55963,1279,2024-11-30,1029.07
55964,1279,2024-12-31,1140.21
55965,1279,2025-01-31,1044.96
55966,1279,2025-02-28,1390.79
55967,1279,2025-03-31,1521.31
55968,1279,2025-04-30,1534.03
55969,1279,2025-05-31,1237.8
55970,1279,2025-06-30,1910.7
55971,1279,2025-07-31,1497.87
55972,1279,2025-08-31,681.97
55973,1279,2025-09-30,469.11
55974,1279,2025-10-31,609.03
55975,1279,2025-11-30,605.73
55976,1279,2025-12-31,1098.51
55977,1280,2024-01-31,1151.97
55978,1280,2024-02-29,1099.81
55979,1280,2024-03-31,676.11
55980,1280,2024-04-30,1120.3
55981,1280,2024-05-31,991.99
55982,1280,2024-06-30,932.06
55983,1280,2024-07-31,611.01
55984,1280,2024-08-31,647.45
55985,1280,2024-09-30,654.93
55986,1280,2024-10-31,530.14
55987,1280,2024-11-30,1609.77
55988,1280,2024-12-31,1092.19
55989,1280,2025-01-31,1245.19
55990,1280,2025-02-28,807.43
55991,1280,2025-03-31,1041.63
55992,1280,2025-04-30,1165.76
55993,1280,2025-05-31,910.57
55994,1280,2025-06-30,1460.56
55995,1280,2025-07-31,1129.55
55996,1280,2025-08-31,706.92
55997,1280,2025-09-30,1044.11
55998,1280,2025-10-31,441.21
55999,1280,2025-11-30,1018.1
56000,1280,2025-12-31,558.3
56001,1281,2024-01-31,1324.63
56002,1281,2024-02-29,509.14
56003,1281,2024-03-31,1050.63
56004,1281,2024-04-30,1072.57
56005,1281,2024-05-31,1565.33
56006,1281,2024-06-30,519.91
56007,1281,2024-07-31,810.76
56008,1281,2024-08-31,436.22
56009,1281,2024-09-30,1017.58
56010,1281,2024-10-31,931.78
56011,1281,2024-11-30,873.1
56012,1281,2024-12-31,716.34
56013,1281,2025-01-31,942.7
56014,1281,2025-02-28,1706.74
56015,1281,2025-03-31,801.32
56016,1281,2025-04-30,1476.93
56017,1281,2025-05-31,1129.63
56018,1281,2025-06-30,663.25
56019,1281,2025-07-31,1612.72
56020,1281,2025-08-31,961.12
56021,1281,2025-09-30,1135.3
56022,1281,2025-10-31,547.62
56023,1281,2025-11-30,1026.07
56024,1281,2025-12-31,695.9
56025,1282,2024-05-31,317.32
56026,1282,2024-06-30,250.0
56027,1282,2024-07-31,250.0
56028,1282,2024-08-31,484.03
56029,1282,2024-09-30,250.0
56030,1282,2024-10-31,434.83
56031,1282,2024-11-30,250.0
56032,1282,2024-12-31,388.48
56033,1282,2025-01-31,364.71
56034,1282,2025-02-28,265.32
56035,1282,2025-03-31,250.0
56036,1282,2025-04-30,255.51
56037,1282,2025-05-31,277.69
56038,1282,2025-06-30,271.99
56039,1282,2025-07-31,250.0
56040,1282,2025-08-31,250.0
56041,1282,2025-09-30,466.31
56042,1282,2025-10-31,250.0
56043,1282,2025-11-30,439.15
56044,1282,2025-12-31,250.0
56045,1283,2024-12-31,1156.17
56046,1283,2025-01-31,1168.45
56047,1283,2025-02-28,547.15
56048,1283,2025-03-31,523.93
56049,1283,2025-04-30,1326.17
56050,1283,2025-05-31,1354.32
56051,1283,2025-06-30,1549.87
56052,1283,2025-07-31,659.24
56053,1283,2025-08-31,1119.84
56054,1283,2025-09-30,1190.74
56055,1283,2025-10-31,766.34
56056,1283,2025-11-30,573.21
56057,1283,2025-12-31,1008.96
56058,1284,2024-07-31,806.49
56059,1284,2024-08-31,529.62
56060,1284,2024-09-30,1397.85
56061,1284,2024-10-31,1112.94
56062,1284,2024-11-30,746.22
56063,1284,2024-12-31,860.65
56064,1284,2025-01-31,1490.06
56065,1284,2025-02-28,1202.3
56066,1284,2025-03-31,463.47
56067,1284,2025-04-30,942.68
56068,1284,2025-05-31,1046.84
56069,1284,2025-06-30,491.14
56070,1284,2025-07-31,1318.71
56071,1284,2025-08-31,1366.88
56072,1284,2025-09-30,641.98
56073,1284,2025-10-31,1108.64
56074,1284,2025-11-30,1344.2
56075,1284,2025-12-31,1181.77
56076,1285,2024-12-31,940.09
56077,1285,2025-01-31,454.13
56078,1285,2025-02-28,373.63
56079,1285,2025-03-31,777.42
56080,1285,2025-04-30,339.79
56081,1285,2025-05-31,583.85
56082,1285,2025-06-30,486.27
56083,1285,2025-07-31,435.8
56084,1285,2025-08-31,688.21
56085,1285,2025-09-30,518.69
56086,1285,2025-10-31,670.27
56087,1285,2025-11-30,449.13
56088,1285,2025-12-31,753.17
56089,1286,2024-03-31,887.36
56090,1286,2024-04-30,483.83
56091,1286,2024-05-31,805.12
56092,1286,2024-06-30,606.84
56093,1286,2024-07-31,400.69
56094,1286,2024-08-31,436.47
56095,1286,2024-09-30,973.57
56096,1286,2024-10-31,421.6
56097,1286,2024-11-30,891.93
56098,1286,2024-12-31,947.13
56099,1286,2025-01-31,1162.8
56100,1286,2025-02-28,1096.71
56101,1286,2025-03-31,613.25
56102,1286,2025-04-30,633.85
56103,1286,2025-05-31,362.76
56104,1286,2025-06-30,708.97
56105,1286,2025-07-31,759.4
56106,1286,2025-08-31,604.63
56107,1286,2025-09-30,770.85
56108,1286,2025-10-31,1098.96
56109,1286,2025-11-30,466.34
56110,1286,2025-12-31,555.65
56111,1287,2024-05-31,965.11
56112,1287,2024-06-30,953.68
56113,1287,2024-07-31,850.61
56114,1287,2024-08-31,1006.29
56115,1287,2024-09-30,712.27
56116,1287,2024-10-31,1200.46
56117,1287,2024-11-30,601.65
56118,1287,2024-12-31,603.27
56119,1287,2025-01-31,1089.29
56120,1287,2025-02-28,1383.15
56121,1287,2025-03-31,656.79
56122,1287,2025-04-30,390.41
56123,1287,2025-05-31,415.02
56124,1287,2025-06-30,414.6
56125,1287,2025-07-31,1310.15
56126,1287,2025-08-31,539.31
56127,1287,2025-09-30,684.32
56128,1287,2025-10-31,818.46
56129,1287,2025-11-30,1150.98
56130,1287,2025-12-31,1220.08
56131,1288,2024-01-31,798.57
56132,1288,2024-02-29,1277.44
56133,1288,2024-03-31,1059.76
56134,1288,2024-04-30,1234.66
56135,1288,2024-05-31,1145.95
56136,1288,2024-06-30,782.76
56137,1288,2024-07-31,1017.06
56138,1288,2024-08-31,1036.62
56139,1288,2024-09-30,609.56
56140,1288,2024-10-31,1311.66
56141,1288,2024-11-30,1375.44
56142,1288,2024-12-31,1355.07
56143,1288,2025-01-31,1037.08
56144,1288,2025-02-28,1008.29
56145,1288,2025-03-31,640.81
56146,1288,2025-04-30,1202.7
56147,1288,2025-05-31,929.28
56148,1288,2025-06-30,748.05
56149,1288,2025-07-31,559.5
56150,1288,2025-08-31,759.32
56151,1288,2025-09-30,349.6
56152,1288,2025-10-31,1182.65
56153,1288,2025-11-30,1012.52
56154,1288,2025-12-31,835.23
56155,1289,2024-09-30,1284.04
56156,1289,2024-10-31,694.86
56157,1289,2024-11-30,964.54
56158,1289,2024-12-31,850.88
56159,1289,2025-01-31,516.14
56160,1289,2025-02-28,1074.67
56161,1289,2025-03-31,705.11
56162,1289,2025-04-30,930.4
56163,1289,2025-05-31,1033.35
56164,1289,2025-06-30,1149.49
56165,1289,2025-07-31,1080.48
56166,1289,2025-08-31,798.53
56167,1289,2025-09-30,550.37
56168,1289,2025-10-31,645.19
56169,1289,2025-11-30,843.75
56170,1289,2025-12-31,546.62
56171,1290,2024-06-30,687.34
56172,1290,2024-07-31,848.5
56173,1290,2024-08-31,1055.34
56174,1290,2024-09-30,1396.98
56175,1290,2024-10-31,1251.75
56176,1290,2024-11-30,1248.49
56177,1290,2024-12-31,701.92
56178,1290,2025-01-31,686.39
56179,1290,2025-02-28,793.99
56180,1290,2025-03-31,754.41
56181,1290,2025-04-30,858.96
56182,1290,2025-05-31,964.44
56183,1290,2025-06-30,871.07
56184,1290,2025-07-31,1043.68
56185,1290,2025-08-31,960.09
56186,1290,2025-09-30,744.85
56187,1290,2025-10-31,535.27
56188,1290,2025-11-30,480.57
56189,1290,2025-12-31,693.68
56190,1291,2024-01-31,503.86
56191,1291,2024-02-29,945.57
56192,1291,2024-03-31,967.22
56193,1291,2024-04-30,1175.51
56194,1291,2024-05-31,814.73
56195,1291,2024-06-30,751.76
56196,1291,2024-07-31,718.9
56197,1291,2024-08-31,949.08
56198,1291,2024-09-30,1230.54
56199,1291,2024-10-31,477.61
56200,1291,2024-11-30,1222.57
56201,1291,2024-12-31,464.28
56202,1291,2025-01-31,897.44
56203,1291,2025-02-28,699.0
56204,1291,2025-03-31,855.37
56205,1291,2025-04-30,375.04
56206,1291,2025-05-31,967.7
56207,1291,2025-06-30,976.82
56208,1291,2025-07-31,1088.51
56209,1291,2025-08-31,785.54
56210,1291,2025-09-30,1134.49
56211,1291,2025-10-31,1154.28
56212,1291,2025-11-30,1108.21
56213,1291,2025-12-31,1092.25
56214,1292,2024-01-31,588.9
56215,1292,2024-02-29,1018.09
56216,1292,2024-03-31,435.59
56217,1292,2024-04-30,1074.78
56218,1292,2024-05-31,709.85
56219,1292,2024-06-30,936.08
56220,1292,2024-07-31,723.66
56221,1292,2024-08-31,409.78
56222,1292,2024-09-30,732.15
56223,1292,2024-10-31,714.33
56224,1292,2024-11-30,1089.07
56225,1292,2024-12-31,675.0
56226,1292,2025-01-31,993.81
56227,1292,2025-02-28,1035.8
56228,1292,2025-03-31,925.72
56229,1292,2025-04-30,980.93
56230,1292,2025-05-31,1109.56
56231,1292,2025-06-30,548.29
56232,1292,2025-07-31,433.71
56233,1292,2025-08-31,641.28
56234,1292,2025-09-30,570.92
56235,1292,2025-10-31,948.91
56236,1292,2025-11-30,535.92
56237,1292,2025-12-31,715.38
56238,1293,2024-03-31,1539.1
56239,1293,2024-04-30,881.55
56240,1293,2024-05-31,1555.07
56241,1293,2024-06-30,586.63
56242,1293,2024-07-31,1403.54
56243,1293,2024-08-31,1109.17
56244,1293,2024-09-30,1483.12
56245,1293,2024-10-31,1780.45
56246,1293,2024-11-30,1244.19
56247,1293,2024-12-31,710.0
56248,1293,2025-01-31,1458.57
56249,1293,2025-02-28,1928.38
56250,1293,2025-03-31,1699.78
56251,1293,2025-04-30,933.46
56252,1293,2025-05-31,1179.16
56253,1293,2025-06-30,1822.98
56254,1293,2025-07-31,1780.41
56255,1293,2025-08-31,733.73
56256,1293,2025-09-30,750.18
56257,1293,2025-10-31,1442.64
56258,1293,2025-11-30,1753.93
56259,1293,2025-12-31,850.35
56260,1294,2024-01-31,353.55
56261,1294,2024-02-29,324.98
56262,1294,2024-03-31,387.0
56263,1294,2024-04-30,250.0
56264,1294,2024-05-31,484.43
56265,1294,2024-06-30,345.94
56266,1294,2024-07-31,499.28
56267,1294,2024-08-31,287.31
56268,1294,2024-09-30,250.0
56269,1294,2024-10-31,371.6
56270,1294,2024-11-30,250.0
56271,1294,2024-12-31,427.34
56272,1294,2025-01-31,250.0
56273,1294,2025-02-28,250.0
56274,1294,2025-03-31,386.73
56275,1294,2025-04-30,345.59
56276,1294,2025-05-31,298.42
56277,1294,2025-06-30,250.0
56278,1294,2025-07-31,419.24
56279,1294,2025-08-31,301.83
56280,1294,2025-09-30,317.76
56281,1294,2025-10-31,277.36
56282,1294,2025-11-30,272.26
56283,1294,2025-12-31,362.59
56284,1295,2024-08-31,597.04
56285,1295,2024-09-30,815.7
56286,1295,2024-10-31,728.11
56287,1295,2024-11-30,786.08
56288,1295,2024-12-31,524.39
56289,1295,2025-01-31,486.17
56290,1295,2025-02-28,1019.72
56291,1295,2025-03-31,714.26
56292,1295,2025-04-30,739.67
56293,1295,2025-05-31,421.51
56294,1295,2025-06-30,824.69
56295,1295,2025-07-31,921.53
56296,1295,2025-08-31,647.05
56297,1295,2025-09-30,949.72
56298,1295,2025-10-31,844.64
56299,1295,2025-11-30,740.0
56300,1295,2025-12-31,512.5
56301,1296,2024-01-31,509.95
56302,1296,2024-02-29,765.37
56303,1296,2024-03-31,1052.77
56304,1296,2024-04-30,1480.93
56305,1296,2024-05-31,795.88
56306,1296,2024-06-30,599.59
56307,1296,2024-07-31,979.21
56308,1296,2024-08-31,494.11
56309,1296,2024-09-30,793.49
56310,1296,2024-10-31,1117.99
56311,1296,2024-11-30,915.88
56312,1296,2024-12-31,1024.12
56313,1296,2025-01-31,1201.12
56314,1296,2025-02-28,819.4
56315,1296,2025-03-31,896.85
56316,1296,2025-04-30,1089.45
56317,1296,2025-05-31,1489.6
56318,1296,2025-06-30,614.12
56319,1296,2025-07-31,1029.85
56320,1296,2025-08-31,801.48
56321,1296,2025-09-30,998.85
56322,1296,2025-10-31,1001.13
56323,1296,2025-11-30,1000.58
56324,1296,2025-12-31,1500.09
56325,1297,2024-01-31,932.8
56326,1297,2024-02-29,700.06
56327,1297,2024-03-31,830.22
56328,1297,2024-04-30,555.07
56329,1297,2024-05-31,573.29
56330,1297,2024-06-30,684.88
56331,1297,2024-07-31,858.89
56332,1297,2024-08-31,609.46
56333,1297,2024-09-30,1054.48
56334,1297,2024-10-31,927.08
56335,1297,2024-11-30,604.26
56336,1297,2024-12-31,982.86
56337,1297,2025-01-31,961.98
56338,1297,2025-02-28,503.06
56339,1297,2025-03-31,1194.89
56340,1297,2025-04-30,1140.14
56341,1297,2025-05-31,629.61
56342,1297,2025-06-30,1149.05
56343,1297,2025-07-31,648.21
56344,1297,2025-08-31,891.78
56345,1297,2025-09-30,1272.72
56346,1297,2025-10-31,1163.5
56347,1297,2025-11-30,408.1
56348,1297,2025-12-31,582.95
56349,1298,2024-01-31,482.07
56350,1298,2024-02-29,943.44
56351,1298,2024-03-31,551.38
56352,1298,2024-04-30,485.72
56353,1298,2024-05-31,826.06
56354,1298,2024-06-30,785.17
56355,1298,2024-07-31,389.1
56356,1298,2024-08-31,761.38
56357,1298,2024-09-30,830.61
56358,1298,2024-10-31,1081.25
56359,1298,2024-11-30,630.03
56360,1298,2024-12-31,406.29
56361,1298,2025-01-31,694.31
56362,1298,2025-02-28,806.74
56363,1298,2025-03-31,493.95
56364,1298,2025-04-30,650.38
56365,1298,2025-05-31,882.26
56366,1298,2025-06-30,322.08
56367,1298,2025-07-31,443.71
56368,1298,2025-08-31,974.16
56369,1298,2025-09-30,1004.76
56370,1298,2025-10-31,711.86
56371,1298,2025-11-30,627.41
56372,1298,2025-12-31,530.94
56373,1299,2024-09-30,259.71
56374,1299,2024-10-31,250.0
56375,1299,2024-11-30,378.78
56376,1299,2024-12-31,299.62
56377,1299,2025-01-31,250.0
56378,1299,2025-02-28,374.8
56379,1299,2025-03-31,478.68
56380,1299,2025-04-30,293.84
56381,1299,2025-05-31,314.13
56382,1299,2025-06-30,250.0
56383,1299,2025-07-31,332.49
56384,1299,2025-08-31,250.0
56385,1299,2025-09-30,318.71
56386,1299,2025-10-31,457.18
56387,1299,2025-11-30,275.28
56388,1299,2025-12-31,275.44
56389,1300,2024-01-31,641.87
56390,1300,2024-02-29,709.95
56391,1300,2024-03-31,927.96
56392,1300,2024-04-30,1295.75
56393,1300,2024-05-31,741.04
56394,1300,2024-06-30,1293.26
56395,1300,2024-07-31,1020.87
56396,1300,2024-08-31,994.83
56397,1300,2024-09-30,747.56
56398,1300,2024-10-31,1133.03
56399,1300,2024-11-30,1017.97
56400,1300,2024-12-31,626.6
56401,1300,2025-01-31,910.1
56402,1300,2025-02-28,495.28
56403,1300,2025-03-31,611.04
56404,1300,2025-04-30,613.63
56405,1300,2025-05-31,439.77
56406,1300,2025-06-30,830.34
56407,1300,2025-07-31,1330.34
56408,1300,2025-08-31,720.31
56409,1300,2025-09-30,1151.07
56410,1300,2025-10-31,1102.98
56411,1300,2025-11-30,1239.92
56412,1300,2025-12-31,1236.94
56413,1301,2024-01-31,1962.93
56414,1301,2024-02-29,1603.9
56415,1301,2024-03-31,1116.29
56416,1301,2024-04-30,1354.32
56417,1301,2024-05-31,1401.29
56418,1301,2024-06-30,1770.66
56419,1301,2024-07-31,604.86
56420,1301,2024-08-31,1449.48
56421,1301,2024-09-30,1004.47
56422,1301,2024-10-31,2276.16
56423,1301,2024-11-30,1119.87
56424,1301,2024-12-31,1848.53
56425,1301,2025-01-31,1332.27
56426,1301,2025-02-28,1698.33
56427,1301,2025-03-31,1498.71
56428,1301,2025-04-30,1296.82
56429,1301,2025-05-31,1367.56
56430,1301,2025-06-30,1334.98
56431,1301,2025-07-31,1047.22
56432,1301,2025-08-31,1737.31
56433,1301,2025-09-30,1778.37
56434,1301,2025-10-31,781.47
56435,1301,2025-11-30,745.96
56436,1301,2025-12-31,2135.19
56437,1302,2024-08-31,250.0
56438,1302,2024-09-30,250.0
56439,1302,2024-10-31,532.65
56440,1302,2024-11-30,495.59
56441,1302,2024-12-31,250.0
56442,1302,2025-01-31,250.0
56443,1302,2025-02-28,554.41
56444,1302,2025-03-31,409.48
56445,1302,2025-04-30,257.67
56446,1302,2025-05-31,250.0
56447,1302,2025-06-30,250.0
56448,1302,2025-07-31,250.0
56449,1302,2025-08-31,250.0
56450,1302,2025-09-30,250.0
56451,1302,2025-10-31,250.0
56452,1302,2025-11-30,296.8
56453,1302,2025-12-31,250.0
56454,1303,2024-01-31,710.51
56455,1303,2024-02-29,1455.87
56456,1303,2024-03-31,1024.09
56457,1303,2024-04-30,1184.53
56458,1303,2024-05-31,885.66
56459,1303,2024-06-30,1522.41
56460,1303,2024-07-31,1162.5
56461,1303,2024-08-31,1322.51
56462,1303,2024-09-30,1252.81
56463,1303,2024-10-31,1133.83
56464,1303,2024-11-30,506.44
56465,1303,2024-12-31,765.86
56466,1303,2025-01-31,1058.47
56467,1303,2025-02-28,1399.81
56468,1303,2025-03-31,1075.12
56469,1303,2025-04-30,1276.27
56470,1303,2025-05-31,1066.11
56471,1303,2025-06-30,1485.77
56472,1303,2025-07-31,748.46
56473,1303,2025-08-31,684.37
56474,1303,2025-09-30,819.45
56475,1303,2025-10-31,1187.7
56476,1303,2025-11-30,1745.31
56477,1303,2025-12-31,1580.23
56478,1304,2024-07-31,1231.27
56479,1304,2024-08-31,446.13
56480,1304,2024-09-30,1269.62
56481,1304,2024-10-31,1016.59
56482,1304,2024-11-30,833.07
56483,1304,2024-12-31,505.28
56484,1304,2025-01-31,1173.04
56485,1304,2025-02-28,382.53
56486,1304,2025-03-31,707.06
56487,1304,2025-04-30,716.32
56488,1304,2025-05-31,1090.6
56489,1304,2025-06-30,964.67
56490,1304,2025-07-31,878.82
56491,1304,2025-08-31,864.86
56492,1304,2025-09-30,554.14
56493,1304,2025-10-31,846.18
56494,1304,2025-11-30,698.24
56495,1304,2025-12-31,858.91
56496,1305,2024-01-31,787.25
56497,1305,2024-02-29,883.03
56498,1305,2024-03-31,891.09
56499,1305,2024-04-30,488.24
56500,1305,2024-05-31,497.77
56501,1305,2024-06-30,641.84
56502,1305,2024-07-31,567.42
56503,1305,2024-08-31,837.46
56504,1305,2024-09-30,1133.28
56505,1305,2024-10-31,486.12
56506,1305,2024-11-30,1006.14
56507,1305,2024-12-31,897.13
56508,1305,2025-01-31,975.96
56509,1305,2025-02-28,468.09
56510,1305,2025-03-31,742.34
56511,1305,2025-04-30,848.56
56512,1305,2025-05-31,649.34
56513,1305,2025-06-30,557.37
56514,1305,2025-07-31,501.49
56515,1305,2025-08-31,1112.57
56516,1305,2025-09-30,584.99
56517,1305,2025-10-31,652.13
56518,1305,2025-11-30,1438.36
56519,1305,2025-12-31,1039.22
56520,1306,2024-05-31,511.58
56521,1306,2024-06-30,352.11
56522,1306,2024-07-31,416.96
56523,1306,2024-08-31,693.78
56524,1306,2024-09-30,593.03
56525,1306,2024-10-31,364.19
56526,1306,2024-11-30,258.73
56527,1306,2024-12-31,502.3
56528,1306,2025-01-31,605.38
56529,1306,2025-02-28,527.75
56530,1306,2025-03-31,620.19
56531,1306,2025-04-30,582.12
56532,1306,2025-05-31,526.28
56533,1306,2025-06-30,574.12
56534,1306,2025-07-31,307.14
56535,1306,2025-08-31,260.55
56536,1306,2025-09-30,250.0
56537,1306,2025-10-31,341.56
56538,1306,2025-11-30,520.69
56539,1306,2025-12-31,520.03
56540,1307,2024-01-31,770.62
56541,1307,2024-02-29,424.67
56542,1307,2024-03-31,1085.14
56543,1307,2024-04-30,560.16
56544,1307,2024-05-31,318.58
56545,1307,2024-06-30,748.95
56546,1307,2024-07-31,896.08
56547,1307,2024-08-31,761.23
56548,1307,2024-09-30,1071.35
56549,1307,2024-10-31,970.97
56550,1307,2024-11-30,1010.22
56551,1307,2024-12-31,379.04
56552,1307,2025-01-31,1023.38
56553,1307,2025-02-28,1034.76
56554,1307,2025-03-31,896.02
56555,1307,2025-04-30,716.77
56556,1307,2025-05-31,825.2
56557,1307,2025-06-30,774.81
56558,1307,2025-07-31,703.53
56559,1307,2025-08-31,900.77
56560,1307,2025-09-30,1152.68
56561,1307,2025-10-31,998.38
56562,1307,2025-11-30,768.76
56563,1307,2025-12-31,692.27
56564,1308,2024-01-31,904.13
56565,1308,2024-02-29,1737.69
56566,1308,2024-03-31,1436.57
56567,1308,2024-04-30,1545.91
56568,1308,2024-05-31,799.24
56569,1308,2024-06-30,1576.44
56570,1308,2024-07-31,800.27
56571,1308,2024-08-31,701.9
56572,1308,2024-09-30,2004.56
56573,1308,2024-10-31,614.1
56574,1308,2024-11-30,1439.65
56575,1308,2024-12-31,1047.83
56576,1308,2025-01-31,1450.41
56577,1308,2025-02-28,1353.56
56578,1308,2025-03-31,1883.86
56579,1308,2025-04-30,1671.02
56580,1308,2025-05-31,913.56
56581,1308,2025-06-30,581.44
56582,1308,2025-07-31,752.74
56583,1308,2025-08-31,975.95
56584,1308,2025-09-30,1223.6
56585,1308,2025-10-31,1063.89
56586,1308,2025-11-30,725.46
56587,1308,2025-12-31,1663.99
56588,1309,2024-07-31,825.18
56589,1309,2024-08-31,659.01
56590,1309,2024-09-30,1022.93
56591,1309,2024-10-31,518.86
56592,1309,2024-11-30,946.22
56593,1309,2024-12-31,483.64
56594,1309,2025-01-31,584.77
56595,1309,2025-02-28,604.59
56596,1309,2025-03-31,628.59
56597,1309,2025-04-30,1019.24
56598,1309,2025-05-31,643.04
56599,1309,2025-06-30,1321.25
56600,1309,2025-07-31,974.2
56601,1309,2025-08-31,1179.5
56602,1309,2025-09-30,696.55
56603,1309,2025-10-31,557.92
56604,1309,2025-11-30,1054.22
56605,1309,2025-12-31,1462.79
56606,1310,2024-08-31,1251.34
56607,1310,2024-09-30,1707.49
56608,1310,2024-10-31,1076.51
56609,1310,2024-11-30,1580.98
56610,1310,2024-12-31,1123.16
56611,1310,2025-01-31,702.58
56612,1310,2025-02-28,1363.18
56613,1310,2025-03-31,650.49
56614,1310,2025-04-30,1095.47
56615,1310,2025-05-31,1061.59
56616,1310,2025-06-30,865.26
56617,1310,2025-07-31,1355.8
56618,1310,2025-08-31,1423.31
56619,1310,2025-09-30,1435.71
56620,1310,2025-10-31,1186.31
56621,1310,2025-11-30,2021.92
56622,1310,2025-12-31,742.81
56623,1311,2024-12-31,1068.42
56624,1311,2025-01-31,1130.53
56625,1311,2025-02-28,1249.59
56626,1311,2025-03-31,710.09
56627,1311,2025-04-30,1551.7
56628,1311,2025-05-31,1349.84
56629,1311,2025-06-30,1540.26
56630,1311,2025-07-31,731.83
56631,1311,2025-08-31,933.58
56632,1311,2025-09-30,1829.77
56633,1311,2025-10-31,1327.69
56634,1311,2025-11-30,1436.75
56635,1311,2025-12-31,718.12
56636,1312,2024-05-31,731.41
56637,1312,2024-06-30,474.86
56638,1312,2024-07-31,974.91
56639,1312,2024-08-31,1131.77
56640,1312,2024-09-30,1261.48
56641,1312,2024-10-31,1196.84
56642,1312,2024-11-30,1712.03
56643,1312,2024-12-31,616.29
56644,1312,2025-01-31,990.54
56645,1312,2025-02-28,727.87
56646,1312,2025-03-31,797.26
56647,1312,2025-04-30,816.09
56648,1312,2025-05-31,795.94
56649,1312,2025-06-30,1459.85
56650,1312,2025-07-31,1711.9
56651,1312,2025-08-31,574.14
56652,1312,2025-09-30,1063.56
56653,1312,2025-10-31,1141.07
56654,1312,2025-11-30,564.15
56655,1312,2025-12-31,1088.69
56656,1313,2024-01-31,643.71
56657,1313,2024-02-29,1076.22
56658,1313,2024-03-31,1017.66
56659,1313,2024-04-30,1219.03
56660,1313,2024-05-31,1312.65
56661,1313,2024-06-30,1897.28
56662,1313,2024-07-31,1201.1
56663,1313,2024-08-31,1400.37
56664,1313,2024-09-30,2287.02
56665,1313,2024-10-31,720.7
56666,1313,2024-11-30,1476.43
56667,1313,2024-12-31,1860.48
56668,1313,2025-01-31,564.57
56669,1313,2025-02-28,1187.13
56670,1313,2025-03-31,1535.84
56671,1313,2025-04-30,868.39
56672,1313,2025-05-31,1238.4
56673,1313,2025-06-30,1174.32
56674,1313,2025-07-31,756.15
56675,1313,2025-08-31,916.98
56676,1313,2025-09-30,1186.58
56677,1313,2025-10-31,1855.99
56678,1313,2025-11-30,1829.99
56679,1313,2025-12-31,771.87
56680,1314,2024-01-31,1761.64
56681,1314,2024-02-29,1315.86
56682,1314,2024-03-31,1037.26
56683,1314,2024-04-30,1250.64
56684,1314,2024-05-31,569.13
56685,1314,2024-06-30,883.93
56686,1314,2024-07-31,578.59
56687,1314,2024-08-31,845.24
56688,1314,2024-09-30,969.01
56689,1314,2024-10-31,1236.14
56690,1314,2024-11-30,868.65
56691,1314,2024-12-31,1031.78
56692,1314,2025-01-31,1193.65
56693,1314,2025-02-28,1444.93
56694,1314,2025-03-31,1426.13
56695,1314,2025-04-30,776.84
56696,1314,2025-05-31,838.38
56697,1314,2025-06-30,649.84
56698,1314,2025-07-31,747.37
56699,1314,2025-08-31,1012.38
56700,1314,2025-09-30,560.96
56701,1314,2025-10-31,440.24
56702,1314,2025-11-30,1170.62
56703,1314,2025-12-31,1021.54
56704,1315,2024-01-31,1934.28
56705,1315,2024-02-29,951.28
56706,1315,2024-03-31,1787.81
56707,1315,2024-04-30,1178.04
56708,1315,2024-05-31,662.21
56709,1315,2024-06-30,746.51
56710,1315,2024-07-31,1398.72
56711,1315,2024-08-31,1125.4
56712,1315,2024-09-30,1167.74
56713,1315,2024-10-31,665.3
56714,1315,2024-11-30,1037.89
56715,1315,2024-12-31,846.39
56716,1315,2025-01-31,731.67
56717,1315,2025-02-28,880.99
56718,1315,2025-03-31,543.65
56719,1315,2025-04-30,697.49
56720,1315,2025-05-31,874.68
56721,1315,2025-06-30,1604.63
56722,1315,2025-07-31,1857.2
56723,1315,2025-08-31,805.98
56724,1315,2025-09-30,1160.41
56725,1315,2025-10-31,1242.05
56726,1315,2025-11-30,1217.09
56727,1315,2025-12-31,1581.45
56728,1316,2024-04-30,569.24
56729,1316,2024-05-31,922.57
56730,1316,2024-06-30,833.01
56731,1316,2024-07-31,629.06
56732,1316,2024-08-31,941.84
56733,1316,2024-09-30,1425.68
56734,1316,2024-10-31,597.08
56735,1316,2024-11-30,876.38
56736,1316,2024-12-31,803.88
56737,1316,2025-01-31,778.46
56738,1316,2025-02-28,653.71
56739,1316,2025-03-31,671.92
56740,1316,2025-04-30,1472.92
56741,1316,2025-05-31,652.31
56742,1316,2025-06-30,832.93
56743,1316,2025-07-31,1467.57
56744,1316,2025-08-31,1371.38
56745,1316,2025-09-30,1054.29
56746,1316,2025-10-31,545.91
56747,1316,2025-11-30,617.01
56748,1316,2025-12-31,1063.85
56749,1317,2024-01-31,1005.55
56750,1317,2024-02-29,527.18
56751,1317,2024-03-31,902.98
56752,1317,2024-04-30,1228.51
56753,1317,2024-05-31,989.66
56754,1317,2024-06-30,1019.62
56755,1317,2024-07-31,793.48
56756,1317,2024-08-31,1305.39
56757,1317,2024-09-30,752.29
56758,1317,2024-10-31,1134.16
56759,1317,2024-11-30,586.69
56760,1317,2024-12-31,953.41
56761,1317,2025-01-31,858.03
56762,1317,2025-02-28,751.33
56763,1317,2025-03-31,1338.65
56764,1317,2025-04-30,666.43
56765,1317,2025-05-31,832.91
56766,1317,2025-06-30,786.61
56767,1317,2025-07-31,887.01
56768,1317,2025-08-31,954.72
56769,1317,2025-09-30,650.67
56770,1317,2025-10-31,783.77
56771,1317,2025-11-30,1158.69
56772,1317,2025-12-31,971.62
56773,1318,2024-01-31,623.9
56774,1318,2024-02-29,374.86
56775,1318,2024-03-31,412.7
56776,1318,2024-04-30,381.28
56777,1318,2024-05-31,582.81
56778,1318,2024-06-30,535.46
56779,1318,2024-07-31,355.34
56780,1318,2024-08-31,448.38
56781,1318,2024-09-30,682.84
56782,1318,2024-10-31,702.87
56783,1318,2024-11-30,862.18
56784,1318,2024-12-31,572.37
56785,1318,2025-01-31,544.72
56786,1318,2025-02-28,361.94
56787,1318,2025-03-31,570.14
56788,1318,2025-04-30,750.21
56789,1318,2025-05-31,838.54
56790,1318,2025-06-30,524.36
56791,1318,2025-07-31,501.45
56792,1318,2025-08-31,373.35
56793,1318,2025-09-30,809.0
56794,1318,2025-10-31,586.35
56795,1318,2025-11-30,574.4
56796,1318,2025-12-31,675.5
56797,1319,2024-01-31,1144.45
56798,1319,2024-02-29,754.72
56799,1319,2024-03-31,1171.85
56800,1319,2024-04-30,1391.65
56801,1319,2024-05-31,924.73
56802,1319,2024-06-30,833.15
56803,1319,2024-07-31,771.67
56804,1319,2024-08-31,1000.08
56805,1319,2024-09-30,1094.77
56806,1319,2024-10-31,941.76
56807,1319,2024-11-30,861.09
56808,1319,2024-12-31,1331.79
56809,1319,2025-01-31,942.86
56810,1319,2025-02-28,1127.49
56811,1319,2025-03-31,735.02
56812,1319,2025-04-30,1186.29
56813,1319,2025-05-31,1116.65
56814,1319,2025-06-30,706.04
56815,1319,2025-07-31,672.98
56816,1319,2025-08-31,1239.91
56817,1319,2025-09-30,1427.58
56818,1319,2025-10-31,701.11
56819,1319,2025-11-30,687.89
56820,1319,2025-12-31,735.92
56821,1320,2024-01-31,493.16
56822,1320,2024-02-29,760.5
56823,1320,2024-03-31,602.89
56824,1320,2024-04-30,621.26
56825,1320,2024-05-31,980.05
56826,1320,2024-06-30,476.24
56827,1320,2024-07-31,376.21
56828,1320,2024-08-31,756.72
56829,1320,2024-09-30,463.06
56830,1320,2024-10-31,432.51
56831,1320,2024-11-30,811.98
56832,1320,2024-12-31,418.56
56833,1320,2025-01-31,609.57
56834,1320,2025-02-28,854.74
56835,1320,2025-03-31,293.6
56836,1320,2025-04-30,528.04
56837,1320,2025-05-31,397.34
56838,1320,2025-06-30,734.01
56839,1320,2025-07-31,539.22
56840,1320,2025-08-31,363.72
56841,1320,2025-09-30,985.52
56842,1320,2025-10-31,833.63
56843,1320,2025-11-30,408.78
56844,1320,2025-12-31,575.89
56845,1321,2024-01-31,967.24
56846,1321,2024-02-29,1278.28
56847,1321,2024-03-31,1647.23
56848,1321,2024-04-30,529.33
56849,1321,2024-05-31,1604.4
56850,1321,2024-06-30,962.9
56851,1321,2024-07-31,1285.91
56852,1321,2024-08-31,741.48
56853,1321,2024-09-30,1766.97
56854,1321,2024-10-31,1447.47
56855,1321,2024-11-30,1174.59
56856,1321,2024-12-31,989.3
56857,1321,2025-01-31,866.23
56858,1321,2025-02-28,1212.56
56859,1321,2025-03-31,1930.12
56860,1321,2025-04-30,1167.38
56861,1321,2025-05-31,1514.13
56862,1321,2025-06-30,644.16
56863,1321,2025-07-31,1328.31
56864,1321,2025-08-31,701.56
56865,1321,2025-09-30,787.64
56866,1321,2025-10-31,590.16
56867,1321,2025-11-30,1117.38
56868,1321,2025-12-31,1507.38
56869,1322,2024-01-31,352.71
56870,1322,2024-02-29,427.55
56871,1322,2024-03-31,441.81
56872,1322,2024-04-30,913.82
56873,1322,2024-05-31,601.09
56874,1322,2024-06-30,1211.25
56875,1322,2024-07-31,482.65
56876,1322,2024-08-31,464.43
56877,1322,2024-09-30,1156.98
56878,1322,2024-10-31,757.65
56879,1322,2024-11-30,572.68
56880,1322,2024-12-31,904.49
56881,1322,2025-01-31,351.05
56882,1322,2025-02-28,840.02
56883,1322,2025-03-31,552.73
56884,1322,2025-04-30,487.71
56885,1322,2025-05-31,472.79
56886,1322,2025-06-30,864.08
56887,1322,2025-07-31,879.95
56888,1322,2025-08-31,643.68
56889,1322,2025-09-30,1170.05
56890,1322,2025-10-31,625.56
56891,1322,2025-11-30,1211.56
56892,1322,2025-12-31,630.71
56893,1323,2024-01-31,1762.96
56894,1323,2024-02-29,1357.06
56895,1323,2024-03-31,933.69
56896,1323,2024-04-30,1056.4
56897,1323,2024-05-31,756.3
56898,1323,2024-06-30,1099.21
56899,1323,2024-07-31,991.47
56900,1323,2024-08-31,996.76
56901,1323,2024-09-30,1248.95
56902,1323,2024-10-31,1470.49
56903,1323,2024-11-30,1032.68
56904,1323,2024-12-31,1208.01
56905,1323,2025-01-31,1222.16
56906,1323,2025-02-28,860.61
56907,1323,2025-03-31,1945.01
56908,1323,2025-04-30,1704.94
56909,1323,2025-05-31,1714.0
56910,1323,2025-06-30,1495.87
56911,1323,2025-07-31,688.04
56912,1323,2025-08-31,1314.73
56913,1323,2025-09-30,1016.08
56914,1323,2025-10-31,841.61
56915,1323,2025-11-30,1496.96
56916,1323,2025-12-31,748.64
56917,1324,2024-01-31,824.39
56918,1324,2024-02-29,1131.88
56919,1324,2024-03-31,713.53
56920,1324,2024-04-30,688.09
56921,1324,2024-05-31,1681.36
56922,1324,2024-06-30,959.11
56923,1324,2024-07-31,974.43
56924,1324,2024-08-31,1039.18
56925,1324,2024-09-30,929.17
56926,1324,2024-10-31,810.24
56927,1324,2024-11-30,669.1
56928,1324,2024-12-31,1414.97
56929,1324,2025-01-31,989.16
56930,1324,2025-02-28,532.03
56931,1324,2025-03-31,1366.78
56932,1324,2025-04-30,832.82
56933,1324,2025-05-31,1265.05
56934,1324,2025-06-30,948.14
56935,1324,2025-07-31,1265.63
56936,1324,2025-08-31,1230.39
56937,1324,2025-09-30,1384.03
56938,1324,2025-10-31,1062.35
56939,1324,2025-11-30,840.51
56940,1324,2025-12-31,1278.73
56941,1325,2024-01-31,2161.01
56942,1325,2024-02-29,1855.47
56943,1325,2024-03-31,1390.1
56944,1325,2024-04-30,679.78
56945,1325,2024-05-31,2116.25
56946,1325,2024-06-30,1867.76
56947,1325,2024-07-31,784.75
56948,1325,2024-08-31,1070.55
56949,1325,2024-09-30,1018.77
56950,1325,2024-10-31,786.35
56951,1325,2024-11-30,1700.23
56952,1325,2024-12-31,918.58
56953,1325,2025-01-31,1195.48
56954,1325,2025-02-28,1079.98
56955,1325,2025-03-31,914.29
56956,1325,2025-04-30,1365.85
56957,1325,2025-05-31,1396.7
56958,1325,2025-06-30,1183.37
56959,1325,2025-07-31,661.05
56960,1325,2025-08-31,1231.35
56961,1325,2025-09-30,1890.46
56962,1325,2025-10-31,1652.55
56963,1325,2025-11-30,2093.23
56964,1325,2025-12-31,828.34
56965,1326,2024-01-31,833.59
56966,1326,2024-02-29,1396.58
56967,1326,2024-03-31,1080.33
56968,1326,2024-04-30,1371.28
56969,1326,2024-05-31,1377.93
56970,1326,2024-06-30,1253.05
56971,1326,2024-07-31,534.58
56972,1326,2024-08-31,1728.29
56973,1326,2024-09-30,827.08
56974,1326,2024-10-31,769.11
56975,1326,2024-11-30,690.51
56976,1326,2024-12-31,858.91
56977,1326,2025-01-31,1515.53
56978,1326,2025-02-28,1197.01
56979,1326,2025-03-31,695.63
56980,1326,2025-04-30,988.35
56981,1326,2025-05-31,1097.09
56982,1326,2025-06-30,1535.27
56983,1326,2025-07-31,994.36
56984,1326,2025-08-31,1598.07
56985,1326,2025-09-30,1228.6
56986,1326,2025-10-31,1161.15
56987,1326,2025-11-30,1510.24
56988,1326,2025-12-31,1153.97
56989,1327,2024-01-31,329.18
56990,1327,2024-02-29,410.47
56991,1327,2024-03-31,580.58
56992,1327,2024-04-30,426.57
56993,1327,2024-05-31,649.95
56994,1327,2024-06-30,662.57
56995,1327,2024-07-31,471.94
56996,1327,2024-08-31,601.0
56997,1327,2024-09-30,427.75
56998,1327,2024-10-31,437.14
56999,1327,2024-11-30,738.8
57000,1327,2024-12-31,341.55
57001,1327,2025-01-31,479.74
57002,1327,2025-02-28,571.11
57003,1327,2025-03-31,537.98
57004,1327,2025-04-30,369.85
57005,1327,2025-05-31,593.55
57006,1327,2025-06-30,471.71
57007,1327,2025-07-31,542.03
57008,1327,2025-08-31,282.37
57009,1327,2025-09-30,435.51
57010,1327,2025-10-31,283.51
57011,1327,2025-11-30,466.8
57012,1327,2025-12-31,746.03
57013,1328,2024-01-31,667.76
57014,1328,2024-02-29,591.95
57015,1328,2024-03-31,1085.26
57016,1328,2024-04-30,1060.5
57017,1328,2024-05-31,715.33
57018,1328,2024-06-30,1148.1
57019,1328,2024-07-31,530.98
57020,1328,2024-08-31,783.26
57021,1328,2024-09-30,392.88
57022,1328,2024-10-31,713.34
57023,1328,2024-11-30,754.87
57024,1328,2024-12-31,448.36
57025,1328,2025-01-31,911.97
57026,1328,2025-02-28,927.77
57027,1328,2025-03-31,545.71
57028,1328,2025-04-30,893.03
57029,1328,2025-05-31,625.37
57030,1328,2025-06-30,854.81
57031,1328,2025-07-31,1123.14
57032,1328,2025-08-31,710.34
57033,1328,2025-09-30,750.39
57034,1328,2025-10-31,1045.81
57035,1328,2025-11-30,539.07
57036,1328,2025-12-31,722.02
57037,1329,2024-01-31,562.28
57038,1329,2024-02-29,482.36
57039,1329,2024-03-31,783.35
57040,1329,2024-04-30,584.86
57041,1329,2024-05-31,353.88
57042,1329,2024-06-30,280.85
57043,1329,2024-07-31,291.73
57044,1329,2024-08-31,637.06
57045,1329,2024-09-30,426.83
57046,1329,2024-10-31,384.68
57047,1329,2024-11-30,504.51
57048,1329,2024-12-31,751.59
57049,1329,2025-01-31,468.46
57050,1329,2025-02-28,487.34
57051,1329,2025-03-31,427.36
57052,1329,2025-04-30,683.27
57053,1329,2025-05-31,429.03
57054,1329,2025-06-30,356.07
57055,1329,2025-07-31,307.73
57056,1329,2025-08-31,398.04
57057,1329,2025-09-30,542.42
57058,1329,2025-10-31,471.2
57059,1329,2025-11-30,289.76
57060,1329,2025-12-31,338.96
57061,1330,2024-01-31,441.46
57062,1330,2024-02-29,645.57
57063,1330,2024-03-31,727.97
57064,1330,2024-04-30,698.67
57065,1330,2024-05-31,556.76
57066,1330,2024-06-30,873.57
57067,1330,2024-07-31,1164.79
57068,1330,2024-08-31,670.23
57069,1330,2024-09-30,725.19
57070,1330,2024-10-31,744.26
57071,1330,2024-11-30,1144.4
57072,1330,2024-12-31,908.92
57073,1330,2025-01-31,580.28
57074,1330,2025-02-28,605.28
57075,1330,2025-03-31,793.46
57076,1330,2025-04-30,1025.44
57077,1330,2025-05-31,585.34
57078,1330,2025-06-30,396.16
57079,1330,2025-07-31,646.94
57080,1330,2025-08-31,786.87
57081,1330,2025-09-30,629.21
57082,1330,2025-10-31,980.75
57083,1330,2025-11-30,764.24
57084,1330,2025-12-31,1226.46
57085,1331,2024-01-31,1052.6
57086,1331,2024-02-29,2194.68
57087,1331,2024-03-31,741.87
57088,1331,2024-04-30,1113.65
57089,1331,2024-05-31,565.19
57090,1331,2024-06-30,674.27
57091,1331,2024-07-31,833.51
57092,1331,2024-08-31,1173.27
57093,1331,2024-09-30,863.04
57094,1331,2024-10-31,1614.07
57095,1331,2024-11-30,1349.06
57096,1331,2024-12-31,1830.32
57097,1331,2025-01-31,634.38
57098,1331,2025-02-28,845.22
57099,1331,2025-03-31,1059.09
57100,1331,2025-04-30,1518.21
57101,1331,2025-05-31,560.8
57102,1331,2025-06-30,1280.29
57103,1331,2025-07-31,2216.04
57104,1331,2025-08-31,1157.11
57105,1331,2025-09-30,1044.54
57106,1331,2025-10-31,1429.88
57107,1331,2025-11-30,699.85
57108,1331,2025-12-31,1563.24
57109,1332,2024-11-30,931.34
57110,1332,2024-12-31,772.26
57111,1332,2025-01-31,865.27
57112,1332,2025-02-28,1598.34
57113,1332,2025-03-31,830.93
57114,1332,2025-04-30,1261.89
57115,1332,2025-05-31,736.98
57116,1332,2025-06-30,520.63
57117,1332,2025-07-31,1204.09
57118,1332,2025-08-31,1183.01
57119,1332,2025-09-30,899.64
57120,1332,2025-10-31,1421.8
57121,1332,2025-11-30,1196.68
57122,1332,2025-12-31,673.49
57123,1333,2024-01-31,430.17
57124,1333,2024-02-29,718.1
57125,1333,2024-03-31,536.94
57126,1333,2024-04-30,509.9
57127,1333,2024-05-31,744.41
57128,1333,2024-06-30,511.6
57129,1333,2024-07-31,1103.82
57130,1333,2024-08-31,501.92
57131,1333,2024-09-30,726.73
57132,1333,2024-10-31,750.05
57133,1333,2024-11-30,870.03
57134,1333,2024-12-31,1009.28
57135,1333,2025-01-31,558.61
57136,1333,2025-02-28,940.44
57137,1333,2025-03-31,928.29
57138,1333,2025-04-30,427.21
57139,1333,2025-05-31,515.11
57140,1333,2025-06-30,803.12
57141,1333,2025-07-31,347.75
57142,1333,2025-08-31,788.32
57143,1333,2025-09-30,799.89
57144,1333,2025-10-31,568.42
57145,1333,2025-11-30,772.35
57146,1333,2025-12-31,444.3
57147,1334,2024-01-31,706.14
57148,1334,2024-02-29,571.38
57149,1334,2024-03-31,398.22
57150,1334,2024-04-30,431.62
57151,1334,2024-05-31,331.07
57152,1334,2024-06-30,622.76
57153,1334,2024-07-31,657.77
57154,1334,2024-08-31,900.1
57155,1334,2024-09-30,703.64
57156,1334,2024-10-31,577.86
57157,1334,2024-11-30,372.14
57158,1334,2024-12-31,849.08
57159,1334,2025-01-31,763.93
57160,1334,2025-02-28,788.97
57161,1334,2025-03-31,593.28
57162,1334,2025-04-30,399.35
57163,1334,2025-05-31,710.79
57164,1334,2025-06-30,402.94
57165,1334,2025-07-31,467.08
57166,1334,2025-08-31,528.83
57167,1334,2025-09-30,379.69
57168,1334,2025-10-31,390.71
57169,1334,2025-11-30,657.6
57170,1334,2025-12-31,705.9
57171,1335,2024-01-31,1193.58
57172,1335,2024-02-29,439.93
57173,1335,2024-03-31,856.21
57174,1335,2024-04-30,628.23
57175,1335,2024-05-31,656.8
57176,1335,2024-06-30,761.06
57177,1335,2024-07-31,1209.4
57178,1335,2024-08-31,907.59
57179,1335,2024-09-30,1312.5
57180,1335,2024-10-31,530.32
57181,1335,2024-11-30,461.05
57182,1335,2024-12-31,1199.5
57183,1335,2025-01-31,830.14
57184,1335,2025-02-28,1437.78
57185,1335,2025-03-31,639.21
57186,1335,2025-04-30,469.9
57187,1335,2025-05-31,674.99
57188,1335,2025-06-30,1138.19
57189,1335,2025-07-31,1421.56
57190,1335,2025-08-31,1264.98
57191,1335,2025-09-30,881.22
57192,1335,2025-10-31,553.75
57193,1335,2025-11-30,1484.29
57194,1335,2025-12-31,603.36
57195,1336,2024-01-31,857.85
57196,1336,2024-02-29,609.29
57197,1336,2024-03-31,512.35
57198,1336,2024-04-30,599.67
57199,1336,2024-05-31,410.18
57200,1336,2024-06-30,814.32
57201,1336,2024-07-31,673.69
57202,1336,2024-08-31,928.54
57203,1336,2024-09-30,297.2
57204,1336,2024-10-31,896.35
57205,1336,2024-11-30,609.45
57206,1336,2024-12-31,629.83
57207,1336,2025-01-31,610.41
57208,1336,2025-02-28,696.79
57209,1336,2025-03-31,649.35
57210,1336,2025-04-30,823.29
57211,1336,2025-05-31,869.14
57212,1336,2025-06-30,624.8
57213,1336,2025-07-31,498.99
57214,1336,2025-08-31,308.91
57215,1336,2025-09-30,510.7
57216,1336,2025-10-31,499.39
57217,1336,2025-11-30,862.29
57218,1336,2025-12-31,749.9
57219,1337,2024-06-30,414.31
57220,1337,2024-07-31,813.58
57221,1337,2024-08-31,958.63
57222,1337,2024-09-30,412.58
57223,1337,2024-10-31,656.66
57224,1337,2024-11-30,305.1
57225,1337,2024-12-31,337.11
57226,1337,2025-01-31,885.57
57227,1337,2025-02-28,608.77
57228,1337,2025-03-31,840.33
57229,1337,2025-04-30,862.92
57230,1337,2025-05-31,713.49
57231,1337,2025-06-30,1074.06
57232,1337,2025-07-31,419.69
57233,1337,2025-08-31,1128.7
57234,1337,2025-09-30,1069.34
57235,1337,2025-10-31,633.91
57236,1337,2025-11-30,667.39
57237,1337,2025-12-31,530.74
57238,1338,2024-01-31,1281.58
57239,1338,2024-02-29,531.12
57240,1338,2024-03-31,1093.16
57241,1338,2024-04-30,614.75
57242,1338,2024-05-31,934.03
57243,1338,2024-06-30,1087.08
57244,1338,2024-07-31,1236.84
57245,1338,2024-08-31,1375.63
57246,1338,2024-09-30,624.96
57247,1338,2024-10-31,1245.74
57248,1338,2024-11-30,609.97
57249,1338,2024-12-31,716.06
57250,1338,2025-01-31,484.01
57251,1338,2025-02-28,567.76
57252,1338,2025-03-31,1297.2
57253,1338,2025-04-30,1582.3
57254,1338,2025-05-31,960.05
57255,1338,2025-06-30,498.54
57256,1338,2025-07-31,1183.57
57257,1338,2025-08-31,750.25
57258,1338,2025-09-30,909.27
57259,1338,2025-10-31,637.71
57260,1338,2025-11-30,961.93
57261,1338,2025-12-31,468.01
57262,1339,2024-04-30,1254.42
57263,1339,2024-05-31,1853.21
57264,1339,2024-06-30,1353.87
57265,1339,2024-07-31,1347.69
57266,1339,2024-08-31,1285.04
57267,1339,2024-09-30,1053.4
57268,1339,2024-10-31,864.26
57269,1339,2024-11-30,1862.13
57270,1339,2024-12-31,1196.8
57271,1339,2025-01-31,1436.96
57272,1339,2025-02-28,1743.88
57273,1339,2025-03-31,1513.97
57274,1339,2025-04-30,1493.44
57275,1339,2025-05-31,1278.48
57276,1339,2025-06-30,1435.2
57277,1339,2025-07-31,1084.79
57278,1339,2025-08-31,809.07
57279,1339,2025-09-30,1224.94
57280,1339,2025-10-31,1734.35
57281,1339,2025-11-30,963.74
57282,1339,2025-12-31,680.11
57283,1340,2024-10-31,1430.49
57284,1340,2024-11-30,1120.58
57285,1340,2024-12-31,741.87
57286,1340,2025-01-31,988.11
57287,1340,2025-02-28,1523.46
57288,1340,2025-03-31,953.34
57289,1340,2025-04-30,643.86
57290,1340,2025-05-31,1143.55
57291,1340,2025-06-30,686.29
57292,1340,2025-07-31,710.95
57293,1340,2025-08-31,1707.08
57294,1340,2025-09-30,1133.03
57295,1340,2025-10-31,706.03
57296,1340,2025-11-30,1293.74
57297,1340,2025-12-31,1004.88
57298,1341,2024-11-30,250.0
57299,1341,2024-12-31,285.51
57300,1341,2025-01-31,250.0
57301,1341,2025-02-28,440.94
57302,1341,2025-03-31,250.0
57303,1341,2025-04-30,320.84
57304,1341,2025-05-31,265.87
57305,1341,2025-06-30,271.58
57306,1341,2025-07-31,250.0
57307,1341,2025-08-31,406.59
57308,1341,2025-09-30,250.0
57309,1341,2025-10-31,328.08
57310,1341,2025-11-30,250.0
57311,1341,2025-12-31,250.0
57312,1342,2024-02-29,1400.0
57313,1342,2024-03-31,531.99
57314,1342,2024-04-30,805.68
57315,1342,2024-05-31,991.25
57316,1342,2024-06-30,978.83
57317,1342,2024-07-31,777.08
57318,1342,2024-08-31,1380.32
57319,1342,2024-09-30,1280.27
57320,1342,2024-10-31,845.3
57321,1342,2024-11-30,704.19
57322,1342,2024-12-31,1215.87
57323,1342,2025-01-31,557.64
57324,1342,2025-02-28,722.78
57325,1342,2025-03-31,756.19
57326,1342,2025-04-30,909.57
57327,1342,2025-05-31,572.77
57328,1342,2025-06-30,920.91
57329,1342,2025-07-31,829.92
57330,1342,2025-08-31,1138.18
57331,1342,2025-09-30,770.5
57332,1342,2025-10-31,1558.27
57333,1342,2025-11-30,804.96
57334,1342,2025-12-31,1052.1
57335,1343,2024-06-30,578.29
57336,1343,2024-07-31,953.39
57337,1343,2024-08-31,966.02
57338,1343,2024-09-30,671.58
57339,1343,2024-10-31,964.95
57340,1343,2024-11-30,1024.58
57341,1343,2024-12-31,847.83
57342,1343,2025-01-31,861.45
57343,1343,2025-02-28,770.89
57344,1343,2025-03-31,897.93
57345,1343,2025-04-30,1147.16
57346,1343,2025-05-31,1343.74
57347,1343,2025-06-30,1245.55
57348,1343,2025-07-31,1424.94
57349,1343,2025-08-31,1386.22
57350,1343,2025-09-30,665.2
57351,1343,2025-10-31,858.05
57352,1343,2025-11-30,675.22
57353,1343,2025-12-31,523.94
57354,1344,2024-11-30,1587.53
57355,1344,2024-12-31,1239.03
57356,1344,2025-01-31,887.03
57357,1344,2025-02-28,589.61
57358,1344,2025-03-31,578.42
57359,1344,2025-04-30,1420.53
57360,1344,2025-05-31,813.8
57361,1344,2025-06-30,438.62
57362,1344,2025-07-31,861.92
57363,1344,2025-08-31,651.39
57364,1344,2025-09-30,818.64
57365,1344,2025-10-31,1050.06
57366,1344,2025-11-30,1346.69
57367,1344,2025-12-31,1033.04
57368,1345,2024-07-31,1525.06
57369,1345,2024-08-31,865.13
57370,1345,2024-09-30,1548.35
57371,1345,2024-10-31,899.9
57372,1345,2024-11-30,861.22
57373,1345,2024-12-31,1094.39
57374,1345,2025-01-31,801.74
57375,1345,2025-02-28,1618.66
57376,1345,2025-03-31,772.95
57377,1345,2025-04-30,2053.91
57378,1345,2025-05-31,1088.31
57379,1345,2025-06-30,1159.62
57380,1345,2025-07-31,1373.51
57381,1345,2025-08-31,1975.85
57382,1345,2025-09-30,788.48
57383,1345,2025-10-31,1668.53
57384,1345,2025-11-30,763.4
57385,1345,2025-12-31,680.96
57386,1346,2024-01-31,605.75
57387,1346,2024-02-29,684.31
57388,1346,2024-03-31,874.88
57389,1346,2024-04-30,843.37
57390,1346,2024-05-31,802.46
57391,1346,2024-06-30,674.51
57392,1346,2024-07-31,648.12
57393,1346,2024-08-31,611.32
57394,1346,2024-09-30,786.41
57395,1346,2024-10-31,355.17
57396,1346,2024-11-30,697.99
57397,1346,2024-12-31,452.89
57398,1346,2025-01-31,402.83
57399,1346,2025-02-28,678.61
57400,1346,2025-03-31,333.36
57401,1346,2025-04-30,600.28
57402,1346,2025-05-31,711.88
57403,1346,2025-06-30,327.66
57404,1346,2025-07-31,400.45
57405,1346,2025-08-31,250.91
57406,1346,2025-09-30,398.4
57407,1346,2025-10-31,499.77
57408,1346,2025-11-30,535.87
57409,1346,2025-12-31,561.84
57410,1347,2024-01-31,937.38
57411,1347,2024-02-29,1177.67
57412,1347,2024-03-31,765.93
57413,1347,2024-04-30,875.98
57414,1347,2024-05-31,834.6
57415,1347,2024-06-30,476.79
57416,1347,2024-07-31,732.88
57417,1347,2024-08-31,1115.5
57418,1347,2024-09-30,594.99
57419,1347,2024-10-31,741.84
57420,1347,2024-11-30,480.25
57421,1347,2024-12-31,572.36
57422,1347,2025-01-31,747.19
57423,1347,2025-02-28,716.14
57424,1347,2025-03-31,810.09
57425,1347,2025-04-30,707.57
57426,1347,2025-05-31,803.91
57427,1347,2025-06-30,834.1
57428,1347,2025-07-31,809.58
57429,1347,2025-08-31,497.69
57430,1347,2025-09-30,345.22
57431,1347,2025-10-31,599.86
57432,1347,2025-11-30,447.25
57433,1347,2025-12-31,469.91
57434,1348,2024-01-31,1518.65
57435,1348,2024-02-29,472.6
57436,1348,2024-03-31,796.69
57437,1348,2024-04-30,686.29
57438,1348,2024-05-31,1456.57
57439,1348,2024-06-30,1421.38
57440,1348,2024-07-31,1297.04
57441,1348,2024-08-31,535.81
57442,1348,2024-09-30,1084.03
57443,1348,2024-10-31,1019.63
57444,1348,2024-11-30,621.7
57445,1348,2024-12-31,1069.13
57446,1348,2025-01-31,828.94
57447,1348,2025-02-28,734.29
57448,1348,2025-03-31,579.5
57449,1348,2025-04-30,1132.13
57450,1348,2025-05-31,939.63
57451,1348,2025-06-30,477.27
57452,1348,2025-07-31,384.14
57453,1348,2025-08-31,1340.86
57454,1348,2025-09-30,518.02
57455,1348,2025-10-31,639.2
57456,1348,2025-11-30,990.05
57457,1348,2025-12-31,1685.87
57458,1349,2024-10-31,712.54
57459,1349,2024-11-30,757.56
57460,1349,2024-12-31,428.1
57461,1349,2025-01-31,805.69
57462,1349,2025-02-28,627.61
57463,1349,2025-03-31,250.0
57464,1349,2025-04-30,824.62
57465,1349,2025-05-31,694.15
57466,1349,2025-06-30,745.04
57467,1349,2025-07-31,284.92
57468,1349,2025-08-31,555.05
57469,1349,2025-09-30,528.11
57470,1349,2025-10-31,250.0
57471,1349,2025-11-30,543.85
57472,1349,2025-12-31,556.12
57473,1350,2024-02-29,1480.06
57474,1350,2024-03-31,1752.72
57475,1350,2024-04-30,2085.38
57476,1350,2024-05-31,939.3
57477,1350,2024-06-30,1066.27
57478,1350,2024-07-31,851.12
57479,1350,2024-08-31,1401.29
57480,1350,2024-09-30,987.08
57481,1350,2024-10-31,492.54
57482,1350,2024-11-30,708.74
57483,1350,2024-12-31,1149.49
57484,1350,2025-01-31,1464.89
57485,1350,2025-02-28,1856.18
57486,1350,2025-03-31,858.54
57487,1350,2025-04-30,917.4
57488,1350,2025-05-31,902.32
57489,1350,2025-06-30,782.4
57490,1350,2025-07-31,1385.42
57491,1350,2025-08-31,1404.77
57492,1350,2025-09-30,1254.94
57493,1350,2025-10-31,1060.36
57494,1350,2025-11-30,774.8
57495,1350,2025-12-31,1302.52
57496,1351,2024-01-31,918.59
57497,1351,2024-02-29,447.57
57498,1351,2024-03-31,787.8
57499,1351,2024-04-30,1333.31
57500,1351,2024-05-31,934.68
57501,1351,2024-06-30,601.41
57502,1351,2024-07-31,1132.43
57503,1351,2024-08-31,1034.07
57504,1351,2024-09-30,908.92
57505,1351,2024-10-31,1389.05
57506,1351,2024-11-30,1238.36
57507,1351,2024-12-31,1244.43
57508,1351,2025-01-31,1053.03
57509,1351,2025-02-28,1558.87
57510,1351,2025-03-31,1031.99
57511,1351,2025-04-30,1002.88
57512,1351,2025-05-31,711.16
57513,1351,2025-06-30,1061.3
57514,1351,2025-07-31,1173.03
57515,1351,2025-08-31,672.55
57516,1351,2025-09-30,737.36
57517,1351,2025-10-31,835.18
57518,1351,2025-11-30,1089.27
57519,1351,2025-12-31,996.6
57520,1352,2024-01-31,1262.39
57521,1352,2024-02-29,872.28
57522,1352,2024-03-31,674.17
57523,1352,2024-04-30,1140.76
57524,1352,2024-05-31,1416.51
57525,1352,2024-06-30,960.53
57526,1352,2024-07-31,1016.87
57527,1352,2024-08-31,845.51
57528,1352,2024-09-30,780.19
57529,1352,2024-10-31,1504.03
57530,1352,2024-11-30,929.9
57531,1352,2024-12-31,1766.33
57532,1352,2025-01-31,1199.13
57533,1352,2025-02-28,776.94
57534,1352,2025-03-31,1034.3
57535,1352,2025-04-30,1115.73
57536,1352,2025-05-31,1133.25
57537,1352,2025-06-30,729.77
57538,1352,2025-07-31,1225.63
57539,1352,2025-08-31,702.07
57540,1352,2025-09-30,817.53
57541,1352,2025-10-31,859.34
57542,1352,2025-11-30,819.34
57543,1352,2025-12-31,1313.51
57544,1353,2024-01-31,843.37
57545,1353,2024-02-29,466.57
57546,1353,2024-03-31,581.38
57547,1353,2024-04-30,720.09
57548,1353,2024-05-31,727.19
57549,1353,2024-06-30,366.16
57550,1353,2024-07-31,878.74
57551,1353,2024-08-31,971.7
57552,1353,2024-09-30,587.46
57553,1353,2024-10-31,748.11
57554,1353,2024-11-30,837.75
57555,1353,2024-12-31,627.95
57556,1353,2025-01-31,545.89
57557,1353,2025-02-28,358.58
57558,1353,2025-03-31,740.06
57559,1353,2025-04-30,862.03
57560,1353,2025-05-31,446.96
57561,1353,2025-06-30,680.94
57562,1353,2025-07-31,765.13
57563,1353,2025-08-31,636.51
57564,1353,2025-09-30,941.28
57565,1353,2025-10-31,440.22
57566,1353,2025-11-30,508.61
57567,1353,2025-12-31,274.96
57568,1354,2024-08-31,449.48
57569,1354,2024-09-30,1369.72
57570,1354,2024-10-31,1471.8
57571,1354,2024-11-30,986.73
57572,1354,2024-12-31,1376.48
57573,1354,2025-01-31,1313.25
57574,1354,2025-02-28,605.35
57575,1354,2025-03-31,1075.35
57576,1354,2025-04-30,816.11
57577,1354,2025-05-31,1087.8
57578,1354,2025-06-30,1359.02
57579,1354,2025-07-31,718.03
57580,1354,2025-08-31,1169.27
57581,1354,2025-09-30,1044.71
57582,1354,2025-10-31,1452.52
57583,1354,2025-11-30,718.81
57584,1354,2025-12-31,908.61
57585,1355,2024-03-31,1496.83
57586,1355,2024-04-30,969.59
57587,1355,2024-05-31,1719.6
57588,1355,2024-06-30,737.55
57589,1355,2024-07-31,1867.59
57590,1355,2024-08-31,1443.13
57591,1355,2024-09-30,792.37
57592,1355,2024-10-31,1016.07
57593,1355,2024-11-30,945.96
57594,1355,2024-12-31,713.72
57595,1355,2025-01-31,1385.87
57596,1355,2025-02-28,973.34
57597,1355,2025-03-31,2279.31
57598,1355,2025-04-30,1406.26
57599,1355,2025-05-31,1805.48
57600,1355,2025-06-30,1622.49
57601,1355,2025-07-31,947.77
57602,1355,2025-08-31,2024.74
57603,1355,2025-09-30,1201.89
57604,1355,2025-10-31,596.63
57605,1355,2025-11-30,794.01
57606,1355,2025-12-31,651.28
57607,1356,2024-10-31,828.35
57608,1356,2024-11-30,791.99
57609,1356,2024-12-31,1216.07
57610,1356,2025-01-31,1123.89
57611,1356,2025-02-28,712.8
57612,1356,2025-03-31,804.86
57613,1356,2025-04-30,1147.98
57614,1356,2025-05-31,1320.12
57615,1356,2025-06-30,779.3
57616,1356,2025-07-31,1058.14
57617,1356,2025-08-31,1376.06
57618,1356,2025-09-30,668.55
57619,1356,2025-10-31,1285.96
57620,1356,2025-11-30,545.1
57621,1356,2025-12-31,775.72
57622,1357,2024-01-31,1063.75
57623,1357,2024-02-29,596.61
57624,1357,2024-03-31,591.5
57625,1357,2024-04-30,1006.6
57626,1357,2024-05-31,686.51
57627,1357,2024-06-30,823.58
57628,1357,2024-07-31,1545.5
57629,1357,2024-08-31,666.91
57630,1357,2024-09-30,954.36
57631,1357,2024-10-31,986.27
57632,1357,2024-11-30,1063.66
57633,1357,2024-12-31,1418.88
57634,1357,2025-01-31,470.2
57635,1357,2025-02-28,620.65
57636,1357,2025-03-31,1255.23
57637,1357,2025-04-30,1347.02
57638,1357,2025-05-31,775.01
57639,1357,2025-06-30,792.82
57640,1357,2025-07-31,853.33
57641,1357,2025-08-31,821.27
57642,1357,2025-09-30,1152.34
57643,1357,2025-10-31,1373.26
57644,1357,2025-11-30,1305.46
57645,1357,2025-12-31,532.64
57646,1358,2024-01-31,907.57
57647,1358,2024-02-29,1331.64
57648,1358,2024-03-31,1460.37
57649,1358,2024-04-30,887.16
57650,1358,2024-05-31,794.01
57651,1358,2024-06-30,971.9
57652,1358,2024-07-31,563.35
57653,1358,2024-08-31,1274.87
57654,1358,2024-09-30,1450.12
57655,1358,2024-10-31,909.86
57656,1358,2024-11-30,1258.54
57657,1358,2024-12-31,427.04
57658,1358,2025-01-31,1188.89
57659,1358,2025-02-28,811.61
57660,1358,2025-03-31,1396.68
57661,1358,2025-04-30,619.0
57662,1358,2025-05-31,1085.21
57663,1358,2025-06-30,665.12
57664,1358,2025-07-31,768.54
57665,1358,2025-08-31,727.72
57666,1358,2025-09-30,991.63
57667,1358,2025-10-31,1602.68
57668,1358,2025-11-30,776.3
57669,1358,2025-12-31,522.5
57670,1359,2024-01-31,515.1
57671,1359,2024-02-29,525.74
57672,1359,2024-03-31,890.77
57673,1359,2024-04-30,552.43
57674,1359,2024-05-31,1047.21
57675,1359,2024-06-30,562.93
57676,1359,2024-07-31,842.05
57677,1359,2024-08-31,631.33
57678,1359,2024-09-30,551.7
57679,1359,2024-10-31,896.36
57680,1359,2024-11-30,315.59
57681,1359,2024-12-31,736.21
57682,1359,2025-01-31,820.22
57683,1359,2025-02-28,350.6
57684,1359,2025-03-31,305.98
57685,1359,2025-04-30,564.65
57686,1359,2025-05-31,584.66
57687,1359,2025-06-30,623.87
57688,1359,2025-07-31,395.04
57689,1359,2025-08-31,488.55
57690,1359,2025-09-30,282.35
57691,1359,2025-10-31,409.29
57692,1359,2025-11-30,775.64
57693,1359,2025-12-31,1012.58
57694,1360,2024-12-31,1042.18
57695,1360,2025-01-31,944.12
57696,1360,2025-02-28,465.51
57697,1360,2025-03-31,890.77
57698,1360,2025-04-30,513.91
57699,1360,2025-05-31,704.31
57700,1360,2025-06-30,396.48
57701,1360,2025-07-31,1117.61
57702,1360,2025-08-31,389.8
57703,1360,2025-09-30,698.42
57704,1360,2025-10-31,976.22
57705,1360,2025-11-30,435.61
57706,1360,2025-12-31,690.29
57707,1361,2024-01-31,523.76
57708,1361,2024-02-29,1016.47
57709,1361,2024-03-31,1296.64
57710,1361,2024-04-30,380.66
57711,1361,2024-05-31,314.81
57712,1361,2024-06-30,419.56
57713,1361,2024-07-31,925.64
57714,1361,2024-08-31,360.03
57715,1361,2024-09-30,775.42
57716,1361,2024-10-31,767.13
57717,1361,2024-11-30,894.45
57718,1361,2024-12-31,523.28
57719,1361,2025-01-31,585.63
57720,1361,2025-02-28,636.12
57721,1361,2025-03-31,995.26
57722,1361,2025-04-30,387.54
57723,1361,2025-05-31,853.93
57724,1361,2025-06-30,1044.18
57725,1361,2025-07-31,1058.66
57726,1361,2025-08-31,1092.88
57727,1361,2025-09-30,616.49
57728,1361,2025-10-31,855.28
57729,1361,2025-11-30,908.04
57730,1361,2025-12-31,682.88
57731,1362,2024-02-29,1156.09
57732,1362,2024-03-31,875.57
57733,1362,2024-04-30,1339.98
57734,1362,2024-05-31,1061.91
57735,1362,2024-06-30,1059.77
57736,1362,2024-07-31,1147.93
57737,1362,2024-08-31,522.48
57738,1362,2024-09-30,1228.53
57739,1362,2024-10-31,724.65
57740,1362,2024-11-30,1058.08
57741,1362,2024-12-31,573.92
57742,1362,2025-01-31,545.59
57743,1362,2025-02-28,813.6
57744,1362,2025-03-31,733.47
57745,1362,2025-04-30,1151.58
57746,1362,2025-05-31,657.13
57747,1362,2025-06-30,1325.06
57748,1362,2025-07-31,1030.07
57749,1362,2025-08-31,793.73
57750,1362,2025-09-30,968.49
57751,1362,2025-10-31,1678.05
57752,1362,2025-11-30,575.6
57753,1362,2025-12-31,620.86
57754,1363,2024-01-31,612.86
57755,1363,2024-02-29,813.57
57756,1363,2024-03-31,1179.07
57757,1363,2024-04-30,1142.95
57758,1363,2024-05-31,1246.37
57759,1363,2024-06-30,499.75
57760,1363,2024-07-31,1150.87
57761,1363,2024-08-31,939.01
57762,1363,2024-09-30,1068.51
57763,1363,2024-10-31,1216.45
57764,1363,2024-11-30,1055.77
57765,1363,2024-12-31,1363.24
57766,1363,2025-01-31,517.49
57767,1363,2025-02-28,725.64
57768,1363,2025-03-31,1608.08
57769,1363,2025-04-30,772.7
57770,1363,2025-05-31,1084.97
57771,1363,2025-06-30,1098.14
57772,1363,2025-07-31,581.95
57773,1363,2025-08-31,1643.23
57774,1363,2025-09-30,1707.5
57775,1363,2025-10-31,1744.39
57776,1363,2025-11-30,914.23
57777,1363,2025-12-31,718.7
57778,1364,2024-01-31,666.28
57779,1364,2024-02-29,295.54
57780,1364,2024-03-31,855.42
57781,1364,2024-04-30,560.44
57782,1364,2024-05-31,298.66
57783,1364,2024-06-30,467.34
57784,1364,2024-07-31,466.84
57785,1364,2024-08-31,830.26
57786,1364,2024-09-30,786.95
57787,1364,2024-10-31,592.02
57788,1364,2024-11-30,393.48
57789,1364,2024-12-31,466.83
57790,1364,2025-01-31,783.95
57791,1364,2025-02-28,339.06
57792,1364,2025-03-31,767.24
57793,1364,2025-04-30,309.38
57794,1364,2025-05-31,558.29
57795,1364,2025-06-30,523.6
57796,1364,2025-07-31,596.88
57797,1364,2025-08-31,560.62
57798,1364,2025-09-30,814.53
57799,1364,2025-10-31,506.99
57800,1364,2025-11-30,642.13
57801,1364,2025-12-31,252.63
57802,1365,2024-11-30,471.95
57803,1365,2024-12-31,1093.95
57804,1365,2025-01-31,686.81
57805,1365,2025-02-28,397.2
57806,1365,2025-03-31,677.08
57807,1365,2025-04-30,932.6
57808,1365,2025-05-31,666.89
57809,1365,2025-06-30,595.04
57810,1365,2025-07-31,787.18
57811,1365,2025-08-31,874.0
57812,1365,2025-09-30,559.78
57813,1365,2025-10-31,574.4
57814,1365,2025-11-30,591.69
57815,1365,2025-12-31,1189.59
57816,1366,2024-01-31,2005.3
57817,1366,2024-02-29,1081.04
57818,1366,2024-03-31,1813.29
57819,1366,2024-04-30,836.99
57820,1366,2024-05-31,850.08
57821,1366,2024-06-30,650.79
57822,1366,2024-07-31,1086.22
57823,1366,2024-08-31,1432.75
57824,1366,2024-09-30,947.08
57825,1366,2024-10-31,1041.15
57826,1366,2024-11-30,655.73
57827,1366,2024-12-31,1238.0
57828,1366,2025-01-31,1165.0
57829,1366,2025-02-28,1994.81
57830,1366,2025-03-31,1213.65
57831,1366,2025-04-30,1288.29
57832,1366,2025-05-31,774.08
57833,1366,2025-06-30,2078.87
57834,1366,2025-07-31,1392.99
57835,1366,2025-08-31,659.72
57836,1366,2025-09-30,1411.54
57837,1366,2025-10-31,1559.62
57838,1366,2025-11-30,1969.45
57839,1366,2025-12-31,661.9
57840,1367,2024-05-31,467.7
57841,1367,2024-06-30,566.59
57842,1367,2024-07-31,660.52
57843,1367,2024-08-31,477.89
57844,1367,2024-09-30,781.37
57845,1367,2024-10-31,425.75
57846,1367,2024-11-30,564.44
57847,1367,2024-12-31,679.23
57848,1367,2025-01-31,363.02
57849,1367,2025-02-28,679.93
57850,1367,2025-03-31,419.53
57851,1367,2025-04-30,552.01
57852,1367,2025-05-31,406.44
57853,1367,2025-06-30,532.91
57854,1367,2025-07-31,407.79
57855,1367,2025-08-31,850.87
57856,1367,2025-09-30,838.52
57857,1367,2025-10-31,370.55
57858,1367,2025-11-30,353.53
57859,1367,2025-12-31,647.97
57860,1368,2024-01-31,690.18
57861,1368,2024-02-29,458.42
57862,1368,2024-03-31,916.82
57863,1368,2024-04-30,549.61
57864,1368,2024-05-31,767.71
57865,1368,2024-06-30,421.62
57866,1368,2024-07-31,577.83
57867,1368,2024-08-31,466.14
57868,1368,2024-09-30,843.38
57869,1368,2024-10-31,553.07
57870,1368,2024-11-30,629.32
57871,1368,2024-12-31,509.39
57872,1368,2025-01-31,715.24
57873,1368,2025-02-28,882.87
57874,1368,2025-03-31,733.35
57875,1368,2025-04-30,643.0
57876,1368,2025-05-31,557.81
57877,1368,2025-06-30,721.73
57878,1368,2025-07-31,537.24
57879,1368,2025-08-31,423.91
57880,1368,2025-09-30,298.25
57881,1368,2025-10-31,474.5
57882,1368,2025-11-30,542.61
57883,1368,2025-12-31,618.85
57884,1369,2024-01-31,1125.99
57885,1369,2024-02-29,824.62
57886,1369,2024-03-31,1125.36
57887,1369,2024-04-30,626.5
57888,1369,2024-05-31,823.15
57889,1369,2024-06-30,1251.64
57890,1369,2024-07-31,1009.65
57891,1369,2024-08-31,717.17
57892,1369,2024-09-30,705.24
57893,1369,2024-10-31,1442.01
57894,1369,2024-11-30,732.59
57895,1369,2024-12-31,963.45
57896,1369,2025-01-31,607.83
57897,1369,2025-02-28,463.11
57898,1369,2025-03-31,802.71
57899,1369,2025-04-30,976.53
57900,1369,2025-05-31,768.44
57901,1369,2025-06-30,601.63
57902,1369,2025-07-31,995.34
57903,1369,2025-08-31,941.74
57904,1369,2025-09-30,881.44
57905,1369,2025-10-31,1251.63
57906,1369,2025-11-30,917.49
57907,1369,2025-12-31,811.61
57908,1370,2024-08-31,852.35
57909,1370,2024-09-30,1777.75
57910,1370,2024-10-31,1910.46
57911,1370,2024-11-30,1145.11
57912,1370,2024-12-31,511.91
57913,1370,2025-01-31,1088.15
57914,1370,2025-02-28,1162.39
57915,1370,2025-03-31,964.67
57916,1370,2025-04-30,739.85
57917,1370,2025-05-31,1178.86
57918,1370,2025-06-30,872.18
57919,1370,2025-07-31,838.32
57920,1370,2025-08-31,747.27
57921,1370,2025-09-30,1240.88
57922,1370,2025-10-31,1296.75
57923,1370,2025-11-30,1553.2
57924,1370,2025-12-31,1992.43
57925,1371,2024-01-31,1215.27
57926,1371,2024-02-29,968.07
57927,1371,2024-03-31,875.06
57928,1371,2024-04-30,601.61
57929,1371,2024-05-31,561.88
57930,1371,2024-06-30,944.82
57931,1371,2024-07-31,732.87
57932,1371,2024-08-31,920.73
57933,1371,2024-09-30,963.63
57934,1371,2024-10-31,1389.99
57935,1371,2024-11-30,723.32
57936,1371,2024-12-31,717.28
57937,1371,2025-01-31,1270.16
57938,1371,2025-02-28,941.96
57939,1371,2025-03-31,490.93
57940,1371,2025-04-30,739.18
57941,1371,2025-05-31,443.88
57942,1371,2025-06-30,448.48
57943,1371,2025-07-31,1204.05
57944,1371,2025-08-31,1073.21
57945,1371,2025-09-30,816.34
57946,1371,2025-10-31,376.35
57947,1371,2025-11-30,1006.28
57948,1371,2025-12-31,1191.77
57949,1372,2024-01-31,1312.16
57950,1372,2024-02-29,852.19
57951,1372,2024-03-31,920.06
57952,1372,2024-04-30,1048.28
57953,1372,2024-05-31,1478.38
57954,1372,2024-06-30,916.02
57955,1372,2024-07-31,792.71
57956,1372,2024-08-31,818.11
57957,1372,2024-09-30,669.87
57958,1372,2024-10-31,928.5
57959,1372,2024-11-30,891.69
57960,1372,2024-12-31,1217.21
57961,1372,2025-01-31,1632.84
57962,1372,2025-02-28,814.11
57963,1372,2025-03-31,1539.74
57964,1372,2025-04-30,1521.95
57965,1372,2025-05-31,914.08
57966,1372,2025-06-30,983.27
57967,1372,2025-07-31,1307.6
57968,1372,2025-08-31,1230.3
57969,1372,2025-09-30,970.72
57970,1372,2025-10-31,1797.03
57971,1372,2025-11-30,1000.73
57972,1372,2025-12-31,1361.15
57973,1373,2024-08-31,1216.39
57974,1373,2024-09-30,1452.98
57975,1373,2024-10-31,639.88
57976,1373,2024-11-30,800.24
57977,1373,2024-12-31,1762.04
57978,1373,2025-01-31,1228.75
57979,1373,2025-02-28,649.23
57980,1373,2025-03-31,1359.47
57981,1373,2025-04-30,935.74
57982,1373,2025-05-31,1602.6
57983,1373,2025-06-30,956.8
57984,1373,2025-07-31,454.58
57985,1373,2025-08-31,1134.64
57986,1373,2025-09-30,1307.65
57987,1373,2025-10-31,863.47
57988,1373,2025-11-30,1055.51
57989,1373,2025-12-31,1174.96
57990,1374,2024-01-31,1039.96
57991,1374,2024-02-29,1454.04
57992,1374,2024-03-31,878.1
57993,1374,2024-04-30,1677.13
57994,1374,2024-05-31,734.08
57995,1374,2024-06-30,588.86
57996,1374,2024-07-31,1177.49
57997,1374,2024-08-31,1251.45
57998,1374,2024-09-30,1372.72
57999,1374,2024-10-31,1569.39
58000,1374,2024-11-30,1489.27
58001,1374,2024-12-31,1106.36
58002,1374,2025-01-31,1564.03
58003,1374,2025-02-28,1191.52
58004,1374,2025-03-31,630.17
58005,1374,2025-04-30,1218.04
58006,1374,2025-05-31,1754.24
58007,1374,2025-06-30,593.34
58008,1374,2025-07-31,1368.01
58009,1374,2025-08-31,1135.99
58010,1374,2025-09-30,1081.63
58011,1374,2025-10-31,1623.9
58012,1374,2025-11-30,1108.31
58013,1374,2025-12-31,818.43
58014,1375,2024-01-31,1174.3
58015,1375,2024-02-29,673.03
58016,1375,2024-03-31,638.05
58017,1375,2024-04-30,1235.14
58018,1375,2024-05-31,915.68
58019,1375,2024-06-30,1159.1
58020,1375,2024-07-31,910.37
58021,1375,2024-08-31,603.35
58022,1375,2024-09-30,810.59
58023,1375,2024-10-31,932.51
58024,1375,2024-11-30,1343.81
58025,1375,2024-12-31,482.32
58026,1375,2025-01-31,604.14
58027,1375,2025-02-28,562.25
58028,1375,2025-03-31,1167.61
58029,1375,2025-04-30,728.25
58030,1375,2025-05-31,912.31
58031,1375,2025-06-30,1695.21
58032,1375,2025-07-31,903.44
58033,1375,2025-08-31,1108.1
58034,1375,2025-09-30,696.39
58035,1375,2025-10-31,1516.49
58036,1375,2025-11-30,1097.17
58037,1375,2025-12-31,1227.94
58038,1376,2024-02-29,850.57
58039,1376,2024-03-31,2429.13
58040,1376,2024-04-30,2134.56
58041,1376,2024-05-31,681.03
58042,1376,2024-06-30,1341.43
58043,1376,2024-07-31,821.92
58044,1376,2024-08-31,858.14
58045,1376,2024-09-30,1881.69
58046,1376,2024-10-31,953.73
58047,1376,2024-11-30,1298.86
58048,1376,2024-12-31,2359.66
58049,1376,2025-01-31,1549.02
58050,1376,2025-02-28,998.46
58051,1376,2025-03-31,1484.54
58052,1376,2025-04-30,1376.25
58053,1376,2025-05-31,2038.68
58054,1376,2025-06-30,748.29
58055,1376,2025-07-31,1673.79
58056,1376,2025-08-31,1709.53
58057,1376,2025-09-30,1342.68
58058,1376,2025-10-31,1726.37
58059,1376,2025-11-30,951.51
58060,1376,2025-12-31,2356.22
58061,1377,2024-01-31,1000.4
58062,1377,2024-02-29,1357.24
58063,1377,2024-03-31,663.67
58064,1377,2024-04-30,592.11
58065,1377,2024-05-31,843.14
58066,1377,2024-06-30,1077.02
58067,1377,2024-07-31,468.27
58068,1377,2024-08-31,1121.3
58069,1377,2024-09-30,804.88
58070,1377,2024-10-31,1156.6
58071,1377,2024-11-30,702.4
58072,1377,2024-12-31,647.97
58073,1377,2025-01-31,616.49
58074,1377,2025-02-28,726.33
58075,1377,2025-03-31,669.3
58076,1377,2025-04-30,597.94
58077,1377,2025-05-31,1028.05
58078,1377,2025-06-30,494.82
58079,1377,2025-07-31,1212.44
58080,1377,2025-08-31,767.81
58081,1377,2025-09-30,483.99
58082,1377,2025-10-31,492.98
58083,1377,2025-11-30,963.36
58084,1377,2025-12-31,1184.69
58085,1378,2024-01-31,354.98
58086,1378,2024-02-29,485.47
58087,1378,2024-03-31,250.0
58088,1378,2024-04-30,269.81
58089,1378,2024-05-31,250.0
58090,1378,2024-06-30,501.26
58091,1378,2024-07-31,531.81
58092,1378,2024-08-31,250.0
58093,1378,2024-09-30,255.54
58094,1378,2024-10-31,342.77
58095,1378,2024-11-30,250.0
58096,1378,2024-12-31,250.0
58097,1378,2025-01-31,265.67
58098,1378,2025-02-28,261.96
58099,1378,2025-03-31,416.14
58100,1378,2025-04-30,557.03
58101,1378,2025-05-31,436.49
58102,1378,2025-06-30,320.32
58103,1378,2025-07-31,250.0
58104,1378,2025-08-31,250.0
58105,1378,2025-09-30,426.23
58106,1378,2025-10-31,484.88
58107,1378,2025-11-30,467.88
58108,1378,2025-12-31,328.06
58109,1379,2024-01-31,1294.22
58110,1379,2024-02-29,1786.18
58111,1379,2024-03-31,1156.03
58112,1379,2024-04-30,1511.51
58113,1379,2024-05-31,919.54
58114,1379,2024-06-30,1101.66
58115,1379,2024-07-31,970.82
58116,1379,2024-08-31,1424.78
58117,1379,2024-09-30,1324.93
58118,1379,2024-10-31,792.99
58119,1379,2024-11-30,1282.17
58120,1379,2024-12-31,1757.68
58121,1379,2025-01-31,1700.21
58122,1379,2025-02-28,1706.72
58123,1379,2025-03-31,1303.82
58124,1379,2025-04-30,1416.64
58125,1379,2025-05-31,997.94
58126,1379,2025-06-30,727.63
58127,1379,2025-07-31,1022.73
58128,1379,2025-08-31,1221.86
58129,1379,2025-09-30,1202.22
58130,1379,2025-10-31,996.35
58131,1379,2025-11-30,867.62
58132,1379,2025-12-31,1292.29
58133,1380,2024-01-31,368.98
58134,1380,2024-02-29,542.7
58135,1380,2024-03-31,503.51
58136,1380,2024-04-30,1255.3
58137,1380,2024-05-31,1415.32
58138,1380,2024-06-30,845.22
58139,1380,2024-07-31,1041.81
58140,1380,2024-08-31,461.33
58141,1380,2024-09-30,990.61
58142,1380,2024-10-31,497.9
58143,1380,2024-11-30,731.2
58144,1380,2024-12-31,834.5
58145,1380,2025-01-31,932.28
58146,1380,2025-02-28,540.89
58147,1380,2025-03-31,966.44
58148,1380,2025-04-30,880.83
58149,1380,2025-05-31,925.83
58150,1380,2025-06-30,569.58
58151,1380,2025-07-31,472.93
58152,1380,2025-08-31,472.17
58153,1380,2025-09-30,474.92
58154,1380,2025-10-31,891.54
58155,1380,2025-11-30,1026.09
58156,1380,2025-12-31,678.84
58157,1381,2024-01-31,917.17
58158,1381,2024-02-29,1091.93
58159,1381,2024-03-31,1101.26
58160,1381,2024-04-30,697.94
58161,1381,2024-05-31,1410.05
58162,1381,2024-06-30,973.9
58163,1381,2024-07-31,781.81
58164,1381,2024-08-31,740.43
58165,1381,2024-09-30,690.38
58166,1381,2024-10-31,906.37
58167,1381,2024-11-30,1310.66
58168,1381,2024-12-31,858.03
58169,1381,2025-01-31,1222.93
58170,1381,2025-02-28,996.49
58171,1381,2025-03-31,462.21
58172,1381,2025-04-30,557.67
58173,1381,2025-05-31,452.04
58174,1381,2025-06-30,836.55
58175,1381,2025-07-31,749.09
58176,1381,2025-08-31,954.88
58177,1381,2025-09-30,1110.36
58178,1381,2025-10-31,1050.63
58179,1381,2025-11-30,1112.34
58180,1381,2025-12-31,1004.26
58181,1382,2024-05-31,683.29
58182,1382,2024-06-30,692.21
58183,1382,2024-07-31,1340.52
58184,1382,2024-08-31,1613.39
58185,1382,2024-09-30,811.9
58186,1382,2024-10-31,1520.87
58187,1382,2024-11-30,1693.94
58188,1382,2024-12-31,1882.55
58189,1382,2025-01-31,1505.35
58190,1382,2025-02-28,1519.3
58191,1382,2025-03-31,579.04
58192,1382,2025-04-30,1017.36
58193,1382,2025-05-31,658.54
58194,1382,2025-06-30,1058.96
58195,1382,2025-07-31,813.11
58196,1382,2025-08-31,1315.72
58197,1382,2025-09-30,1325.69
58198,1382,2025-10-31,1249.38
58199,1382,2025-11-30,911.19
58200,1382,2025-12-31,1880.97
58201,1383,2024-01-31,529.03
58202,1383,2024-02-29,250.0
58203,1383,2024-03-31,387.96
58204,1383,2024-04-30,250.0
58205,1383,2024-05-31,355.39
58206,1383,2024-06-30,250.0
58207,1383,2024-07-31,329.24
58208,1383,2024-08-31,250.0
58209,1383,2024-09-30,447.26
58210,1383,2024-10-31,439.08
58211,1383,2024-11-30,269.06
58212,1383,2024-12-31,550.9
58213,1383,2025-01-31,483.66
58214,1383,2025-02-28,365.47
58215,1383,2025-03-31,347.3
58216,1383,2025-04-30,565.8
58217,1383,2025-05-31,465.0
58218,1383,2025-06-30,548.64
58219,1383,2025-07-31,436.42
58220,1383,2025-08-31,376.2
58221,1383,2025-09-30,635.72
58222,1383,2025-10-31,250.0
58223,1383,2025-11-30,250.0
58224,1383,2025-12-31,283.81
58225,1384,2024-01-31,353.15
58226,1384,2024-02-29,303.82
58227,1384,2024-03-31,482.86
58228,1384,2024-04-30,446.19
58229,1384,2024-05-31,668.17
58230,1384,2024-06-30,422.48
58231,1384,2024-07-31,571.78
58232,1384,2024-08-31,545.48
58233,1384,2024-09-30,632.62
58234,1384,2024-10-31,409.95
58235,1384,2024-11-30,573.79
58236,1384,2024-12-31,288.91
58237,1384,2025-01-31,421.89
58238,1384,2025-02-28,375.41
58239,1384,2025-03-31,440.92
58240,1384,2025-04-30,684.19
58241,1384,2025-05-31,474.37
58242,1384,2025-06-30,759.74
58243,1384,2025-07-31,695.88
58244,1384,2025-08-31,250.0
58245,1384,2025-09-30,422.53
58246,1384,2025-10-31,446.16
58247,1384,2025-11-30,739.79
58248,1384,2025-12-31,432.11
58249,1385,2024-01-31,257.36
58250,1385,2024-02-29,431.59
58251,1385,2024-03-31,504.0
58252,1385,2024-04-30,414.13
58253,1385,2024-05-31,250.0
58254,1385,2024-06-30,508.58
58255,1385,2024-07-31,295.11
58256,1385,2024-08-31,434.35
58257,1385,2024-09-30,475.66
58258,1385,2024-10-31,263.86
58259,1385,2024-11-30,529.36
58260,1385,2024-12-31,314.56
58261,1385,2025-01-31,404.88
58262,1385,2025-02-28,467.74
58263,1385,2025-03-31,254.93
58264,1385,2025-04-30,250.0
58265,1385,2025-05-31,302.14
58266,1385,2025-06-30,288.69
58267,1385,2025-07-31,250.16
58268,1385,2025-08-31,343.47
58269,1385,2025-09-30,563.62
58270,1385,2025-10-31,317.89
58271,1385,2025-11-30,250.0
58272,1385,2025-12-31,250.0
58273,1386,2024-01-31,526.78
58274,1386,2024-02-29,845.76
58275,1386,2024-03-31,989.53
58276,1386,2024-04-30,888.79
58277,1386,2024-05-31,376.16
58278,1386,2024-06-30,329.33
58279,1386,2024-07-31,795.71
58280,1386,2024-08-31,433.92
58281,1386,2024-09-30,856.98
58282,1386,2024-10-31,459.22
58283,1386,2024-11-30,389.19
58284,1386,2024-12-31,687.71
58285,1386,2025-01-31,329.28
58286,1386,2025-02-28,673.09
58287,1386,2025-03-31,710.63
58288,1386,2025-04-30,487.81
58289,1386,2025-05-31,892.92
58290,1386,2025-06-30,440.17
58291,1386,2025-07-31,586.03
58292,1386,2025-08-31,755.61
58293,1386,2025-09-30,1016.25
58294,1386,2025-10-31,962.26
58295,1386,2025-11-30,617.49
58296,1386,2025-12-31,762.17
58297,1387,2024-09-30,959.55
58298,1387,2024-10-31,1015.34
58299,1387,2024-11-30,905.78
58300,1387,2024-12-31,521.85
58301,1387,2025-01-31,987.87
58302,1387,2025-02-28,1405.8
58303,1387,2025-03-31,1236.54
58304,1387,2025-04-30,737.87
58305,1387,2025-05-31,1171.82
58306,1387,2025-06-30,790.4
58307,1387,2025-07-31,1322.93
58308,1387,2025-08-31,1092.63
58309,1387,2025-09-30,811.44
58310,1387,2025-10-31,1307.51
58311,1387,2025-11-30,1004.01
58312,1387,2025-12-31,1344.28
58313,1388,2024-01-31,879.14
58314,1388,2024-02-29,895.38
58315,1388,2024-03-31,1194.62
58316,1388,2024-04-30,658.55
58317,1388,2024-05-31,453.57
58318,1388,2024-06-30,952.94
58319,1388,2024-07-31,1431.51
58320,1388,2024-08-31,1298.98
58321,1388,2024-09-30,439.87
58322,1388,2024-10-31,1233.99
58323,1388,2024-11-30,1488.89
58324,1388,2024-12-31,543.04
58325,1388,2025-01-31,530.85
58326,1388,2025-02-28,676.17
58327,1388,2025-03-31,903.37
58328,1388,2025-04-30,1124.8
58329,1388,2025-05-31,1113.07
58330,1388,2025-06-30,1153.66
58331,1388,2025-07-31,651.41
58332,1388,2025-08-31,438.2
58333,1388,2025-09-30,1123.14
58334,1388,2025-10-31,1134.52
58335,1388,2025-11-30,1418.95
58336,1388,2025-12-31,564.24
58337,1389,2024-01-31,1226.52
58338,1389,2024-02-29,1481.67
58339,1389,2024-03-31,850.66
58340,1389,2024-04-30,526.41
58341,1389,2024-05-31,1059.26
58342,1389,2024-06-30,1112.35
58343,1389,2024-07-31,914.04
58344,1389,2024-08-31,556.11
58345,1389,2024-09-30,593.66
58346,1389,2024-10-31,750.17
58347,1389,2024-11-30,799.78
58348,1389,2024-12-31,1234.81
58349,1389,2025-01-31,1297.24
58350,1389,2025-02-28,1013.08
58351,1389,2025-03-31,1157.19
58352,1389,2025-04-30,1006.28
58353,1389,2025-05-31,916.35
58354,1389,2025-06-30,1079.61
58355,1389,2025-07-31,1109.54
58356,1389,2025-08-31,736.4
58357,1389,2025-09-30,990.55
58358,1389,2025-10-31,420.79
58359,1389,2025-11-30,794.55
58360,1389,2025-12-31,437.68
58361,1390,2024-01-31,302.56
58362,1390,2024-02-29,459.76
58363,1390,2024-03-31,483.37
58364,1390,2024-04-30,400.97
58365,1390,2024-05-31,586.03
58366,1390,2024-06-30,380.41
58367,1390,2024-07-31,531.71
58368,1390,2024-08-31,250.0
58369,1390,2024-09-30,454.78
58370,1390,2024-10-31,250.0
58371,1390,2024-11-30,426.98
58372,1390,2024-12-31,274.58
58373,1390,2025-01-31,570.03
58374,1390,2025-02-28,272.07
58375,1390,2025-03-31,250.0
58376,1390,2025-04-30,304.1
58377,1390,2025-05-31,623.49
58378,1390,2025-06-30,441.4
58379,1390,2025-07-31,347.22
58380,1390,2025-08-31,430.96
58381,1390,2025-09-30,456.21
58382,1390,2025-10-31,536.93
58383,1390,2025-11-30,737.61
58384,1390,2025-12-31,669.31
58385,1391,2024-01-31,330.6
58386,1391,2024-02-29,260.0
58387,1391,2024-03-31,250.0
58388,1391,2024-04-30,250.0
58389,1391,2024-05-31,287.4
58390,1391,2024-06-30,323.29
58391,1391,2024-07-31,301.3
58392,1391,2024-08-31,434.91
58393,1391,2024-09-30,368.52
58394,1391,2024-10-31,372.57
58395,1391,2024-11-30,376.53
58396,1391,2024-12-31,335.13
58397,1391,2025-01-31,250.0
58398,1391,2025-02-28,328.0
58399,1391,2025-03-31,456.57
58400,1391,2025-04-30,275.07
58401,1391,2025-05-31,333.1
58402,1391,2025-06-30,359.87
58403,1391,2025-07-31,469.2
58404,1391,2025-08-31,356.17
58405,1391,2025-09-30,250.0
58406,1391,2025-10-31,250.0
58407,1391,2025-11-30,250.0
58408,1391,2025-12-31,373.72
58409,1392,2024-01-31,742.96
58410,1392,2024-02-29,913.74
58411,1392,2024-03-31,1684.2
58412,1392,2024-04-30,966.69
58413,1392,2024-05-31,776.73
58414,1392,2024-06-30,573.47
58415,1392,2024-07-31,1046.05
58416,1392,2024-08-31,817.49
58417,1392,2024-09-30,1399.47
58418,1392,2024-10-31,924.5
58419,1392,2024-11-30,426.67
58420,1392,2024-12-31,771.77
58421,1392,2025-01-31,762.76
58422,1392,2025-02-28,632.29
58423,1392,2025-03-31,706.81
58424,1392,2025-04-30,1272.17
58425,1392,2025-05-31,503.9
58426,1392,2025-06-30,799.63
58427,1392,2025-07-31,991.26
58428,1392,2025-08-31,1193.78
58429,1392,2025-09-30,1104.95
58430,1392,2025-10-31,704.8
58431,1392,2025-11-30,791.78
58432,1392,2025-12-31,1138.3
58433,1393,2024-12-31,379.89
58434,1393,2025-01-31,738.41
58435,1393,2025-02-28,598.58
58436,1393,2025-03-31,497.65
58437,1393,2025-04-30,1075.88
58438,1393,2025-05-31,700.85
58439,1393,2025-06-30,373.64
58440,1393,2025-07-31,566.33
58441,1393,2025-08-31,667.04
58442,1393,2025-09-30,591.33
58443,1393,2025-10-31,773.04
58444,1393,2025-11-30,508.26
58445,1393,2025-12-31,587.79
58446,1394,2024-07-31,626.88
58447,1394,2024-08-31,780.95
58448,1394,2024-09-30,1097.95
58449,1394,2024-10-31,1492.02
58450,1394,2024-11-30,1168.94
58451,1394,2024-12-31,1175.66
58452,1394,2025-01-31,890.76
58453,1394,2025-02-28,1420.64
58454,1394,2025-03-31,779.78
58455,1394,2025-04-30,1318.24
58456,1394,2025-05-31,1316.07
58457,1394,2025-06-30,693.51
58458,1394,2025-07-31,1147.99
58459,1394,2025-08-31,709.05
58460,1394,2025-09-30,1103.95
58461,1394,2025-10-31,751.13
58462,1394,2025-11-30,920.58
58463,1394,2025-12-31,868.19
58464,1395,2024-01-31,1104.44
58465,1395,2024-02-29,1262.49
58466,1395,2024-03-31,850.66
58467,1395,2024-04-30,922.26
58468,1395,2024-05-31,676.55
58469,1395,2024-06-30,763.63
58470,1395,2024-07-31,1290.59
58471,1395,2024-08-31,963.65
58472,1395,2024-09-30,1109.47
58473,1395,2024-10-31,934.03
58474,1395,2024-11-30,414.1
58475,1395,2024-12-31,1461.86
58476,1395,2025-01-31,740.19
58477,1395,2025-02-28,1276.9
58478,1395,2025-03-31,1273.06
58479,1395,2025-04-30,1566.29
58480,1395,2025-05-31,1106.65
58481,1395,2025-06-30,1200.78
58482,1395,2025-07-31,684.47
58483,1395,2025-08-31,1537.98
58484,1395,2025-09-30,870.62
58485,1395,2025-10-31,965.57
58486,1395,2025-11-30,801.67
58487,1395,2025-12-31,754.2
58488,1396,2024-11-30,1018.49
58489,1396,2024-12-31,793.75
58490,1396,2025-01-31,1145.11
58491,1396,2025-02-28,610.52
58492,1396,2025-03-31,749.02
58493,1396,2025-04-30,914.99
58494,1396,2025-05-31,1201.68
58495,1396,2025-06-30,1171.6
58496,1396,2025-07-31,1068.45
58497,1396,2025-08-31,1045.37
58498,1396,2025-09-30,679.05
58499,1396,2025-10-31,1067.8
58500,1396,2025-11-30,582.31
58501,1396,2025-12-31,886.79
58502,1397,2024-01-31,681.18
58503,1397,2024-02-29,1948.94
58504,1397,2024-03-31,1329.05
58505,1397,2024-04-30,1564.67
58506,1397,2024-05-31,1366.22
58507,1397,2024-06-30,767.06
58508,1397,2024-07-31,1261.45
58509,1397,2024-08-31,449.95
58510,1397,2024-09-30,1161.51
58511,1397,2024-10-31,815.86
58512,1397,2024-11-30,1434.62
58513,1397,2024-12-31,1147.62
58514,1397,2025-01-31,1034.48
58515,1397,2025-02-28,1731.98
58516,1397,2025-03-31,1295.16
58517,1397,2025-04-30,905.91
58518,1397,2025-05-31,1113.39
58519,1397,2025-06-30,898.9
58520,1397,2025-07-31,1420.0
58521,1397,2025-08-31,1013.24
58522,1397,2025-09-30,1447.9
58523,1397,2025-10-31,632.08
58524,1397,2025-11-30,491.74
58525,1397,2025-12-31,1602.95
58526,1398,2024-01-31,799.75
58527,1398,2024-02-29,845.85
58528,1398,2024-03-31,617.9
58529,1398,2024-04-30,829.67
58530,1398,2024-05-31,604.38
58531,1398,2024-06-30,985.78
58532,1398,2024-07-31,696.58
58533,1398,2024-08-31,1003.22
58534,1398,2024-09-30,1199.65
58535,1398,2024-10-31,1001.17
58536,1398,2024-11-30,743.92
58537,1398,2024-12-31,1147.76
58538,1398,2025-01-31,1022.21
58539,1398,2025-02-28,1444.91
58540,1398,2025-03-31,1434.58
58541,1398,2025-04-30,1198.35
58542,1398,2025-05-31,964.28
58543,1398,2025-06-30,1111.23
58544,1398,2025-07-31,910.25
58545,1398,2025-08-31,806.43
58546,1398,2025-09-30,525.38
58547,1398,2025-10-31,617.77
58548,1398,2025-11-30,875.05
58549,1398,2025-12-31,534.72
58550,1399,2024-11-30,1359.4
58551,1399,2024-12-31,999.63
58552,1399,2025-01-31,1219.64
58553,1399,2025-02-28,1627.63
58554,1399,2025-03-31,644.54
58555,1399,2025-04-30,627.12
58556,1399,2025-05-31,805.17
58557,1399,2025-06-30,978.08
58558,1399,2025-07-31,936.44
58559,1399,2025-08-31,939.48
58560,1399,2025-09-30,669.11
58561,1399,2025-10-31,1374.52
58562,1399,2025-11-30,550.49
58563,1399,2025-12-31,681.07
58564,1400,2024-12-31,282.2
58565,1400,2025-01-31,850.76
58566,1400,2025-02-28,367.52
58567,1400,2025-03-31,479.52
58568,1400,2025-04-30,659.33
58569,1400,2025-05-31,931.41
58570,1400,2025-06-30,619.55
58571,1400,2025-07-31,250.0
58572,1400,2025-08-31,541.75
58573,1400,2025-09-30,467.51
58574,1400,2025-10-31,312.19
58575,1400,2025-11-30,423.06
58576,1400,2025-12-31,769.19
58577,1401,2024-01-31,1203.13
58578,1401,2024-02-29,893.91
58579,1401,2024-03-31,955.74
58580,1401,2024-04-30,1095.46
58581,1401,2024-05-31,904.26
58582,1401,2024-06-30,662.3
58583,1401,2024-07-31,539.38
58584,1401,2024-08-31,563.65
58585,1401,2024-09-30,906.36
58586,1401,2024-10-31,1351.05
58587,1401,2024-11-30,896.58
58588,1401,2024-12-31,718.28
58589,1401,2025-01-31,1178.6
58590,1401,2025-02-28,1059.63
58591,1401,2025-03-31,1288.41
58592,1401,2025-04-30,1092.57
58593,1401,2025-05-31,523.45
58594,1401,2025-06-30,481.51
58595,1401,2025-07-31,1135.94
58596,1401,2025-08-31,871.87
58597,1401,2025-09-30,527.89
58598,1401,2025-10-31,1206.0
58599,1401,2025-11-30,771.53
58600,1401,2025-12-31,574.02
58601,1402,2024-03-31,949.87
58602,1402,2024-04-30,1114.51
58603,1402,2024-05-31,809.43
58604,1402,2024-06-30,797.97
58605,1402,2024-07-31,1103.55
58606,1402,2024-08-31,747.32
58607,1402,2024-09-30,1163.06
58608,1402,2024-10-31,1087.13
58609,1402,2024-11-30,951.71
58610,1402,2024-12-31,613.5
58611,1402,2025-01-31,582.14
58612,1402,2025-02-28,979.58
58613,1402,2025-03-31,909.68
58614,1402,2025-04-30,692.61
58615,1402,2025-05-31,764.72
58616,1402,2025-06-30,1528.62
58617,1402,2025-07-31,1075.32
58618,1402,2025-08-31,591.44
58619,1402,2025-09-30,695.18
58620,1402,2025-10-31,491.71
58621,1402,2025-11-30,774.99
58622,1402,2025-12-31,1019.42
58623,1403,2024-01-31,1597.41
58624,1403,2024-02-29,713.26
58625,1403,2024-03-31,1281.52
58626,1403,2024-04-30,630.09
58627,1403,2024-05-31,1365.3
58628,1403,2024-06-30,1291.13
58629,1403,2024-07-31,1131.64
58630,1403,2024-08-31,1469.94
58631,1403,2024-09-30,1033.98
58632,1403,2024-10-31,668.93
58633,1403,2024-11-30,702.7
58634,1403,2024-12-31,1572.99
58635,1403,2025-01-31,906.88
58636,1403,2025-02-28,1414.21
58637,1403,2025-03-31,1511.05
58638,1403,2025-04-30,1351.07
58639,1403,2025-05-31,1304.31
58640,1403,2025-06-30,1026.92
58641,1403,2025-07-31,1417.97
58642,1403,2025-08-31,1363.62
58643,1403,2025-09-30,487.43
58644,1403,2025-10-31,1090.0
58645,1403,2025-11-30,1146.25
58646,1403,2025-12-31,1284.94
58647,1404,2024-04-30,455.73
58648,1404,2024-05-31,527.8
58649,1404,2024-06-30,1163.99
58650,1404,2024-07-31,591.39
58651,1404,2024-08-31,1212.62
58652,1404,2024-09-30,404.02
58653,1404,2024-10-31,575.01
58654,1404,2024-11-30,766.27
58655,1404,2024-12-31,626.11
58656,1404,2025-01-31,384.26
58657,1404,2025-02-28,1020.23
58658,1404,2025-03-31,575.5
58659,1404,2025-04-30,449.8
58660,1404,2025-05-31,786.84
58661,1404,2025-06-30,426.25
58662,1404,2025-07-31,732.63
58663,1404,2025-08-31,1253.98
58664,1404,2025-09-30,872.84
58665,1404,2025-10-31,652.66
58666,1404,2025-11-30,1125.75
58667,1404,2025-12-31,670.08
58668,1405,2024-05-31,533.34
58669,1405,2024-06-30,900.87
58670,1405,2024-07-31,1323.82
58671,1405,2024-08-31,1441.76
58672,1405,2024-09-30,1445.91
58673,1405,2024-10-31,919.67
58674,1405,2024-11-30,1462.05
58675,1405,2024-12-31,670.69
58676,1405,2025-01-31,653.97
58677,1405,2025-02-28,1581.1
58678,1405,2025-03-31,866.69
58679,1405,2025-04-30,1119.83
58680,1405,2025-05-31,594.22
58681,1405,2025-06-30,618.29
58682,1405,2025-07-31,1169.28
58683,1405,2025-08-31,1026.1
58684,1405,2025-09-30,948.99
58685,1405,2025-10-31,426.6
58686,1405,2025-11-30,1033.85
58687,1405,2025-12-31,950.19
58688,1406,2024-06-30,526.39
58689,1406,2024-07-31,750.61
58690,1406,2024-08-31,1029.53
58691,1406,2024-09-30,556.84
58692,1406,2024-10-31,880.8
58693,1406,2024-11-30,495.32
58694,1406,2024-12-31,423.62
58695,1406,2025-01-31,814.84
58696,1406,2025-02-28,918.49
58697,1406,2025-03-31,997.93
58698,1406,2025-04-30,713.61
58699,1406,2025-05-31,549.92
58700,1406,2025-06-30,1058.83
58701,1406,2025-07-31,611.75
58702,1406,2025-08-31,893.27
58703,1406,2025-09-30,939.26
58704,1406,2025-10-31,545.47
58705,1406,2025-11-30,442.48
58706,1406,2025-12-31,567.91
58707,1407,2024-02-29,731.81
58708,1407,2024-03-31,692.99
58709,1407,2024-04-30,1082.71
58710,1407,2024-05-31,1109.63
58711,1407,2024-06-30,1022.18
58712,1407,2024-07-31,952.86
58713,1407,2024-08-31,1128.16
58714,1407,2024-09-30,1201.26
58715,1407,2024-10-31,983.09
58716,1407,2024-11-30,408.89
58717,1407,2024-12-31,803.67
58718,1407,2025-01-31,899.23
58719,1407,2025-02-28,484.94
58720,1407,2025-03-31,665.91
58721,1407,2025-04-30,1046.95
58722,1407,2025-05-31,848.09
58723,1407,2025-06-30,474.93
58724,1407,2025-07-31,1146.28
58725,1407,2025-08-31,838.95
58726,1407,2025-09-30,932.26
58727,1407,2025-10-31,736.55
58728,1407,2025-11-30,519.17
58729,1407,2025-12-31,709.37
58730,1408,2024-05-31,1323.28
58731,1408,2024-06-30,873.48
58732,1408,2024-07-31,1689.7
58733,1408,2024-08-31,1469.72
58734,1408,2024-09-30,626.15
58735,1408,2024-10-31,1638.44
58736,1408,2024-11-30,1136.73
58737,1408,2024-12-31,547.72
58738,1408,2025-01-31,452.68
58739,1408,2025-02-28,1226.76
58740,1408,2025-03-31,1379.74
58741,1408,2025-04-30,1107.91
58742,1408,2025-05-31,1082.5
58743,1408,2025-06-30,743.24
58744,1408,2025-07-31,1208.01
58745,1408,2025-08-31,1392.59
58746,1408,2025-09-30,1356.66
58747,1408,2025-10-31,752.32
58748,1408,2025-11-30,1390.27
58749,1408,2025-12-31,940.63
58750,1409,2024-02-29,537.91
58751,1409,2024-03-31,428.25
58752,1409,2024-04-30,473.96
58753,1409,2024-05-31,250.0
58754,1409,2024-06-30,322.98
58755,1409,2024-07-31,311.2
58756,1409,2024-08-31,419.09
58757,1409,2024-09-30,561.66
58758,1409,2024-10-31,374.41
58759,1409,2024-11-30,406.51
58760,1409,2024-12-31,342.95
58761,1409,2025-01-31,265.11
58762,1409,2025-02-28,250.0
58763,1409,2025-03-31,409.81
58764,1409,2025-04-30,360.2
58765,1409,2025-05-31,413.54
58766,1409,2025-06-30,276.09
58767,1409,2025-07-31,397.86
58768,1409,2025-08-31,276.08
58769,1409,2025-09-30,250.0
58770,1409,2025-10-31,297.34
58771,1409,2025-11-30,347.27
58772,1409,2025-12-31,461.97
58773,1410,2024-08-31,290.86
58774,1410,2024-09-30,324.1
58775,1410,2024-10-31,433.38
58776,1410,2024-11-30,700.94
58777,1410,2024-12-31,557.58
58778,1410,2025-01-31,433.07
58779,1410,2025-02-28,359.24
58780,1410,2025-03-31,250.0
58781,1410,2025-04-30,421.12
58782,1410,2025-05-31,574.93
58783,1410,2025-06-30,334.77
58784,1410,2025-07-31,279.57
58785,1410,2025-08-31,631.98
58786,1410,2025-09-30,291.04
58787,1410,2025-10-31,639.82
58788,1410,2025-11-30,566.45
58789,1410,2025-12-31,301.59
58790,1411,2024-01-31,292.31
58791,1411,2024-02-29,609.12
58792,1411,2024-03-31,336.44
58793,1411,2024-04-30,250.0
58794,1411,2024-05-31,763.19
58795,1411,2024-06-30,385.35
58796,1411,2024-07-31,598.58
58797,1411,2024-08-31,458.77
58798,1411,2024-09-30,317.7
58799,1411,2024-10-31,324.87
58800,1411,2024-11-30,296.74
58801,1411,2024-12-31,250.0
58802,1411,2025-01-31,552.45
58803,1411,2025-02-28,446.89
58804,1411,2025-03-31,661.74
58805,1411,2025-04-30,486.99
58806,1411,2025-05-31,508.41
58807,1411,2025-06-30,349.11
58808,1411,2025-07-31,250.0
58809,1411,2025-08-31,555.3
58810,1411,2025-09-30,595.99
58811,1411,2025-10-31,250.0
58812,1411,2025-11-30,305.03
58813,1411,2025-12-31,321.17
58814,1412,2024-01-31,495.81
58815,1412,2024-02-29,446.69
58816,1412,2024-03-31,510.53
58817,1412,2024-04-30,585.21
58818,1412,2024-05-31,575.6
58819,1412,2024-06-30,277.21
58820,1412,2024-07-31,520.62
58821,1412,2024-08-31,396.51
58822,1412,2024-09-30,496.51
58823,1412,2024-10-31,428.28
58824,1412,2024-11-30,360.9
58825,1412,2024-12-31,347.38
58826,1412,2025-01-31,541.94
58827,1412,2025-02-28,381.14
58828,1412,2025-03-31,597.27
58829,1412,2025-04-30,438.22
58830,1412,2025-05-31,330.39
58831,1412,2025-06-30,384.13
58832,1412,2025-07-31,836.14
58833,1412,2025-08-31,409.47
58834,1412,2025-09-30,300.09
58835,1412,2025-10-31,313.28
58836,1412,2025-11-30,443.54
58837,1412,2025-12-31,250.0
58838,1413,2024-01-31,933.02
58839,1413,2024-02-29,459.5
58840,1413,2024-03-31,375.21
58841,1413,2024-04-30,721.53
58842,1413,2024-05-31,459.01
58843,1413,2024-06-30,356.54
58844,1413,2024-07-31,507.56
58845,1413,2024-08-31,329.18
58846,1413,2024-09-30,678.12
58847,1413,2024-10-31,900.49
58848,1413,2024-11-30,788.03
58849,1413,2024-12-31,530.29
58850,1413,2025-01-31,629.03
58851,1413,2025-02-28,460.52
58852,1413,2025-03-31,664.84
58853,1413,2025-04-30,905.87
58854,1413,2025-05-31,613.74
58855,1413,2025-06-30,905.11
58856,1413,2025-07-31,841.76
58857,1413,2025-08-31,478.25
58858,1413,2025-09-30,401.11
58859,1413,2025-10-31,775.95
58860,1413,2025-11-30,825.49
58861,1413,2025-12-31,380.23
58862,1414,2024-01-31,1363.61
58863,1414,2024-02-29,1359.87
58864,1414,2024-03-31,1520.16
58865,1414,2024-04-30,1157.07
58866,1414,2024-05-31,1587.34
58867,1414,2024-06-30,886.64
58868,1414,2024-07-31,1758.07
58869,1414,2024-08-31,1600.83
58870,1414,2024-09-30,720.78
58871,1414,2024-10-31,1643.43
58872,1414,2024-11-30,757.47
58873,1414,2024-12-31,1945.79
58874,1414,2025-01-31,693.61
58875,1414,2025-02-28,1392.95
58876,1414,2025-03-31,985.66
58877,1414,2025-04-30,1125.45
58878,1414,2025-05-31,1580.09
58879,1414,2025-06-30,1229.69
58880,1414,2025-07-31,1378.39
58881,1414,2025-08-31,1608.15
58882,1414,2025-09-30,1248.55
58883,1414,2025-10-31,1374.15
58884,1414,2025-11-30,460.61
58885,1414,2025-12-31,1121.52
58886,1415,2024-01-31,610.66
58887,1415,2024-02-29,713.54
58888,1415,2024-03-31,903.46
58889,1415,2024-04-30,1013.34
58890,1415,2024-05-31,1251.83
58891,1415,2024-06-30,729.72
58892,1415,2024-07-31,898.35
58893,1415,2024-08-31,714.92
58894,1415,2024-09-30,1308.01
58895,1415,2024-10-31,1135.7
58896,1415,2024-11-30,482.19
58897,1415,2024-12-31,1027.42
58898,1415,2025-01-31,796.29
58899,1415,2025-02-28,1420.56
58900,1415,2025-03-31,1057.36
58901,1415,2025-04-30,510.47
58902,1415,2025-05-31,1195.62
58903,1415,2025-06-30,1210.72
58904,1415,2025-07-31,956.12
58905,1415,2025-08-31,604.28
58906,1415,2025-09-30,868.83
58907,1415,2025-10-31,1008.11
58908,1415,2025-11-30,529.29
58909,1415,2025-12-31,1179.93
58910,1416,2024-01-31,1378.79
58911,1416,2024-02-29,1008.68
58912,1416,2024-03-31,528.09
58913,1416,2024-04-30,972.55
58914,1416,2024-05-31,1123.63
58915,1416,2024-06-30,868.18
58916,1416,2024-07-31,771.19
58917,1416,2024-08-31,1523.66
58918,1416,2024-09-30,773.92
58919,1416,2024-10-31,728.54
58920,1416,2024-11-30,1029.59
58921,1416,2024-12-31,1464.71
58922,1416,2025-01-31,656.9
58923,1416,2025-02-28,819.49
58924,1416,2025-03-31,825.1
58925,1416,2025-04-30,1012.58
58926,1416,2025-05-31,871.3
58927,1416,2025-06-30,953.93
58928,1416,2025-07-31,1252.94
58929,1416,2025-08-31,578.54
58930,1416,2025-09-30,652.5
58931,1416,2025-10-31,1318.76
58932,1416,2025-11-30,829.93
58933,1416,2025-12-31,734.56
58934,1417,2024-11-30,1278.93
58935,1417,2024-12-31,801.11
58936,1417,2025-01-31,2119.91
58937,1417,2025-02-28,1089.25
58938,1417,2025-03-31,1406.17
58939,1417,2025-04-30,579.64
58940,1417,2025-05-31,928.37
58941,1417,2025-06-30,2236.49
58942,1417,2025-07-31,1077.14
58943,1417,2025-08-31,1091.08
58944,1417,2025-09-30,1782.53
58945,1417,2025-10-31,809.55
58946,1417,2025-11-30,1362.4
58947,1417,2025-12-31,594.39
58948,1418,2024-01-31,1223.76
58949,1418,2024-02-29,916.56
58950,1418,2024-03-31,1977.88
58951,1418,2024-04-30,1855.41
58952,1418,2024-05-31,1035.01
58953,1418,2024-06-30,1453.59
58954,1418,2024-07-31,627.97
58955,1418,2024-08-31,1529.76
58956,1418,2024-09-30,1396.3
58957,1418,2024-10-31,969.17
58958,1418,2024-11-30,1297.41
58959,1418,2024-12-31,1874.07
58960,1418,2025-01-31,912.28
58961,1418,2025-02-28,1480.3
58962,1418,2025-03-31,1689.71
58963,1418,2025-04-30,758.84
58964,1418,2025-05-31,1486.5
58965,1418,2025-06-30,1740.87
58966,1418,2025-07-31,759.12
58967,1418,2025-08-31,1551.82
58968,1418,2025-09-30,1196.75
58969,1418,2025-10-31,2048.64
58970,1418,2025-11-30,1462.7
58971,1418,2025-12-31,1151.85
58972,1419,2024-04-30,850.49
58973,1419,2024-05-31,911.3
58974,1419,2024-06-30,1386.9
58975,1419,2024-07-31,876.6
58976,1419,2024-08-31,1063.15
58977,1419,2024-09-30,1371.49
58978,1419,2024-10-31,806.39
58979,1419,2024-11-30,363.18
58980,1419,2024-12-31,1433.14
58981,1419,2025-01-31,494.44
58982,1419,2025-02-28,1250.38
58983,1419,2025-03-31,684.56
58984,1419,2025-04-30,1068.27
58985,1419,2025-05-31,1252.84
58986,1419,2025-06-30,728.16
58987,1419,2025-07-31,900.89
58988,1419,2025-08-31,1045.02
58989,1419,2025-09-30,851.0
58990,1419,2025-10-31,1540.09
58991,1419,2025-11-30,1415.07
58992,1419,2025-12-31,932.39
58993,1420,2024-04-30,957.91
58994,1420,2024-05-31,921.95
58995,1420,2024-06-30,1201.57
58996,1420,2024-07-31,1148.15
58997,1420,2024-08-31,942.0
58998,1420,2024-09-30,1149.68
58999,1420,2024-10-31,1175.3
59000,1420,2024-11-30,1034.01
59001,1420,2024-12-31,1334.48
59002,1420,2025-01-31,1670.33
59003,1420,2025-02-28,1428.84
59004,1420,2025-03-31,964.98
59005,1420,2025-04-30,786.71
59006,1420,2025-05-31,1590.5
59007,1420,2025-06-30,1231.53
59008,1420,2025-07-31,1338.96
59009,1420,2025-08-31,2016.98
59010,1420,2025-09-30,1525.81
59011,1420,2025-10-31,1291.47
59012,1420,2025-11-30,1971.86
59013,1420,2025-12-31,1389.22
59014,1421,2024-01-31,1439.59
59015,1421,2024-02-29,1364.83
59016,1421,2024-03-31,715.7
59017,1421,2024-04-30,539.43
59018,1421,2024-05-31,416.7
59019,1421,2024-06-30,1183.15
59020,1421,2024-07-31,1191.11
59021,1421,2024-08-31,574.51
59022,1421,2024-09-30,917.13
59023,1421,2024-10-31,935.97
59024,1421,2024-11-30,1141.86
59025,1421,2024-12-31,584.71
59026,1421,2025-01-31,1088.67
59027,1421,2025-02-28,761.39
59028,1421,2025-03-31,918.51
59029,1421,2025-04-30,1053.53
59030,1421,2025-05-31,1020.03
59031,1421,2025-06-30,681.06
59032,1421,2025-07-31,1399.26
59033,1421,2025-08-31,504.43
59034,1421,2025-09-30,1480.92
59035,1421,2025-10-31,613.08
59036,1421,2025-11-30,1113.74
59037,1421,2025-12-31,1050.46
59038,1422,2024-01-31,332.52
59039,1422,2024-02-29,841.48
59040,1422,2024-03-31,786.7
59041,1422,2024-04-30,304.3
59042,1422,2024-05-31,420.94
59043,1422,2024-06-30,415.54
59044,1422,2024-07-31,1011.93
59045,1422,2024-08-31,423.36
59046,1422,2024-09-30,525.72
59047,1422,2024-10-31,876.78
59048,1422,2024-11-30,398.12
59049,1422,2024-12-31,451.19
59050,1422,2025-01-31,666.0
59051,1422,2025-02-28,474.62
59052,1422,2025-03-31,759.35
59053,1422,2025-04-30,439.09
59054,1422,2025-05-31,346.66
59055,1422,2025-06-30,342.67
59056,1422,2025-07-31,737.73
59057,1422,2025-08-31,973.01
59058,1422,2025-09-30,430.92
59059,1422,2025-10-31,533.59
59060,1422,2025-11-30,803.77
59061,1422,2025-12-31,391.56
59062,1423,2024-01-31,418.61
59063,1423,2024-02-29,331.28
59064,1423,2024-03-31,690.5
59065,1423,2024-04-30,822.14
59066,1423,2024-05-31,598.86
59067,1423,2024-06-30,663.19
59068,1423,2024-07-31,635.01
59069,1423,2024-08-31,534.89
59070,1423,2024-09-30,1017.84
59071,1423,2024-10-31,800.19
59072,1423,2024-11-30,662.35
59073,1423,2024-12-31,649.18
59074,1423,2025-01-31,467.47
59075,1423,2025-02-28,477.25
59076,1423,2025-03-31,851.28
59077,1423,2025-04-30,668.1
59078,1423,2025-05-31,876.11
59079,1423,2025-06-30,377.91
59080,1423,2025-07-31,623.4
59081,1423,2025-08-31,808.42
59082,1423,2025-09-30,462.1
59083,1423,2025-10-31,756.36
59084,1423,2025-11-30,1101.09
59085,1423,2025-12-31,650.41
59086,1424,2024-01-31,672.78
59087,1424,2024-02-29,370.97
59088,1424,2024-03-31,486.27
59089,1424,2024-04-30,817.5
59090,1424,2024-05-31,460.57
59091,1424,2024-06-30,691.58
59092,1424,2024-07-31,768.45
59093,1424,2024-08-31,760.58
59094,1424,2024-09-30,709.73
59095,1424,2024-10-31,522.91
59096,1424,2024-11-30,306.67
59097,1424,2024-12-31,385.37
59098,1424,2025-01-31,365.27
59099,1424,2025-02-28,520.66
59100,1424,2025-03-31,494.62
59101,1424,2025-04-30,598.09
59102,1424,2025-05-31,600.37
59103,1424,2025-06-30,404.19
59104,1424,2025-07-31,396.92
59105,1424,2025-08-31,507.5
59106,1424,2025-09-30,378.69
59107,1424,2025-10-31,829.41
59108,1424,2025-11-30,411.75
59109,1424,2025-12-31,580.18
59110,1425,2024-01-31,607.52
59111,1425,2024-02-29,521.96
59112,1425,2024-03-31,459.42
59113,1425,2024-04-30,862.92
59114,1425,2024-05-31,570.17
59115,1425,2024-06-30,388.13
59116,1425,2024-07-31,493.99
59117,1425,2024-08-31,743.49
59118,1425,2024-09-30,367.83
59119,1425,2024-10-31,589.31
59120,1425,2024-11-30,374.23
59121,1425,2024-12-31,611.97
59122,1425,2025-01-31,334.59
59123,1425,2025-02-28,995.15
59124,1425,2025-03-31,720.34
59125,1425,2025-04-30,793.05
59126,1425,2025-05-31,357.9
59127,1425,2025-06-30,941.39
59128,1425,2025-07-31,468.11
59129,1425,2025-08-31,879.32
59130,1425,2025-09-30,284.08
59131,1425,2025-10-31,321.11
59132,1425,2025-11-30,896.6
59133,1425,2025-12-31,620.3
59134,1426,2024-01-31,414.42
59135,1426,2024-02-29,591.54
59136,1426,2024-03-31,469.38
59137,1426,2024-04-30,503.47
59138,1426,2024-05-31,528.8
59139,1426,2024-06-30,777.29
59140,1426,2024-07-31,779.57
59141,1426,2024-08-31,1006.67
59142,1426,2024-09-30,449.74
59143,1426,2024-10-31,1087.97
59144,1426,2024-11-30,540.37
59145,1426,2024-12-31,491.0
59146,1426,2025-01-31,1114.38
59147,1426,2025-02-28,793.86
59148,1426,2025-03-31,632.64
59149,1426,2025-04-30,749.6
59150,1426,2025-05-31,732.89
59151,1426,2025-06-30,334.12
59152,1426,2025-07-31,487.04
59153,1426,2025-08-31,410.0
59154,1426,2025-09-30,364.55
59155,1426,2025-10-31,1010.73
59156,1426,2025-11-30,948.46
59157,1426,2025-12-31,606.01
59158,1427,2024-01-31,780.47
59159,1427,2024-02-29,915.87
59160,1427,2024-03-31,1391.38
59161,1427,2024-04-30,1088.05
59162,1427,2024-05-31,1235.18
59163,1427,2024-06-30,1391.25
59164,1427,2024-07-31,1461.19
59165,1427,2024-08-31,1479.06
59166,1427,2024-09-30,834.37
59167,1427,2024-10-31,1627.34
59168,1427,2024-11-30,1916.79
59169,1427,2024-12-31,658.61
59170,1427,2025-01-31,1403.56
59171,1427,2025-02-28,934.45
59172,1427,2025-03-31,658.46
59173,1427,2025-04-30,1337.82
59174,1427,2025-05-31,2035.4
59175,1427,2025-06-30,699.78
59176,1427,2025-07-31,974.96
59177,1427,2025-08-31,714.84
59178,1427,2025-09-30,736.71
59179,1427,2025-10-31,1590.15
59180,1427,2025-11-30,957.81
59181,1427,2025-12-31,994.56
59182,1428,2024-01-31,2110.2
59183,1428,2024-02-29,1166.34
59184,1428,2024-03-31,903.53
59185,1428,2024-04-30,1579.52
59186,1428,2024-05-31,1357.63
59187,1428,2024-06-30,1779.79
59188,1428,2024-07-31,1096.78
59189,1428,2024-08-31,2179.37
59190,1428,2024-09-30,1810.21
59191,1428,2024-10-31,939.97
59192,1428,2024-11-30,1050.97
59193,1428,2024-12-31,1834.92
59194,1428,2025-01-31,993.05
59195,1428,2025-02-28,1307.61
59196,1428,2025-03-31,1021.5
59197,1428,2025-04-30,960.33
59198,1428,2025-05-31,755.72
59199,1428,2025-06-30,843.62
59200,1428,2025-07-31,820.77
59201,1428,2025-08-31,1588.76
59202,1428,2025-09-30,1965.28
59203,1428,2025-10-31,1114.72
59204,1428,2025-11-30,1496.51
59205,1428,2025-12-31,1344.7
59206,1429,2024-09-30,576.24
59207,1429,2024-10-31,345.82
59208,1429,2024-11-30,342.02
59209,1429,2024-12-31,778.32
59210,1429,2025-01-31,333.82
59211,1429,2025-02-28,510.17
59212,1429,2025-03-31,516.56
59213,1429,2025-04-30,621.04
59214,1429,2025-05-31,593.44
59215,1429,2025-06-30,539.75
59216,1429,2025-07-31,377.91
59217,1429,2025-08-31,810.82
59218,1429,2025-09-30,634.55
59219,1429,2025-10-31,590.11
59220,1429,2025-11-30,617.46
59221,1429,2025-12-31,633.88
59222,1430,2024-04-30,630.69
59223,1430,2024-05-31,800.57
59224,1430,2024-06-30,1129.17
59225,1430,2024-07-31,441.36
59226,1430,2024-08-31,1204.01
59227,1430,2024-09-30,1169.69
59228,1430,2024-10-31,1353.48
59229,1430,2024-11-30,1309.85
59230,1430,2024-12-31,871.68
59231,1430,2025-01-31,867.16
59232,1430,2025-02-28,756.74
59233,1430,2025-03-31,962.38
59234,1430,2025-04-30,1177.85
59235,1430,2025-05-31,674.73
59236,1430,2025-06-30,1105.5
59237,1430,2025-07-31,997.82
59238,1430,2025-08-31,602.74
59239,1430,2025-09-30,1083.25
59240,1430,2025-10-31,524.44
59241,1430,2025-11-30,436.86
59242,1430,2025-12-31,1178.38
59243,1431,2024-01-31,590.16
59244,1431,2024-02-29,465.53
59245,1431,2024-03-31,422.19
59246,1431,2024-04-30,434.72
59247,1431,2024-05-31,435.51
59248,1431,2024-06-30,408.35
59249,1431,2024-07-31,662.91
59250,1431,2024-08-31,645.4
59251,1431,2024-09-30,539.33
59252,1431,2024-10-31,848.07
59253,1431,2024-11-30,683.24
59254,1431,2024-12-31,681.14
59255,1431,2025-01-31,585.7
59256,1431,2025-02-28,534.99
59257,1431,2025-03-31,659.17
59258,1431,2025-04-30,326.71
59259,1431,2025-05-31,357.71
59260,1431,2025-06-30,643.29
59261,1431,2025-07-31,746.3
59262,1431,2025-08-31,412.94
59263,1431,2025-09-30,348.1
59264,1431,2025-10-31,854.89
59265,1431,2025-11-30,393.68
59266,1431,2025-12-31,372.31
59267,1432,2024-04-30,1174.81
59268,1432,2024-05-31,704.09
59269,1432,2024-06-30,1035.64
59270,1432,2024-07-31,985.42
59271,1432,2024-08-31,1292.98
59272,1432,2024-09-30,549.52
59273,1432,2024-10-31,1338.42
59274,1432,2024-11-30,1403.81
59275,1432,2024-12-31,826.39
59276,1432,2025-01-31,981.18
59277,1432,2025-02-28,944.08
59278,1432,2025-03-31,577.92
59279,1432,2025-04-30,766.78
59280,1432,2025-05-31,1192.03
59281,1432,2025-06-30,1225.58
59282,1432,2025-07-31,1376.21
59283,1432,2025-08-31,910.05
59284,1432,2025-09-30,1643.94
59285,1432,2025-10-31,901.75
59286,1432,2025-11-30,590.03
59287,1432,2025-12-31,1498.22
59288,1433,2024-01-31,1096.55
59289,1433,2024-02-29,707.36
59290,1433,2024-03-31,1332.34
59291,1433,2024-04-30,353.17
59292,1433,2024-05-31,1183.06
59293,1433,2024-06-30,588.35
59294,1433,2024-07-31,833.78
59295,1433,2024-08-31,949.29
59296,1433,2024-09-30,1008.08
59297,1433,2024-10-31,665.03
59298,1433,2024-11-30,634.08
59299,1433,2024-12-31,784.48
59300,1433,2025-01-31,853.43
59301,1433,2025-02-28,546.37
59302,1433,2025-03-31,951.77
59303,1433,2025-04-30,876.14
59304,1433,2025-05-31,983.99
59305,1433,2025-06-30,491.71
59306,1433,2025-07-31,679.76
59307,1433,2025-08-31,426.63
59308,1433,2025-09-30,608.61
59309,1433,2025-10-31,961.37
59310,1433,2025-11-30,977.77
59311,1433,2025-12-31,876.29
59312,1434,2024-01-31,250.0
59313,1434,2024-02-29,344.89
59314,1434,2024-03-31,332.96
59315,1434,2024-04-30,250.0
59316,1434,2024-05-31,296.27
59317,1434,2024-06-30,250.0
59318,1434,2024-07-31,250.0
59319,1434,2024-08-31,250.0
59320,1434,2024-09-30,250.0
59321,1434,2024-10-31,310.89
59322,1434,2024-11-30,250.0
59323,1434,2024-12-31,431.43
59324,1434,2025-01-31,353.96
59325,1434,2025-02-28,362.68
59326,1434,2025-03-31,250.0
59327,1434,2025-04-30,369.87
59328,1434,2025-05-31,250.11
59329,1434,2025-06-30,384.59
59330,1434,2025-07-31,259.22
59331,1434,2025-08-31,250.0
59332,1434,2025-09-30,404.28
59333,1434,2025-10-31,250.0
59334,1434,2025-11-30,342.33
59335,1434,2025-12-31,320.38
59336,1435,2024-01-31,1009.41
59337,1435,2024-02-29,1178.11
59338,1435,2024-03-31,1221.02
59339,1435,2024-04-30,777.03
59340,1435,2024-05-31,1924.25
59341,1435,2024-06-30,1268.63
59342,1435,2024-07-31,1300.59
59343,1435,2024-08-31,1240.9
59344,1435,2024-09-30,978.85
59345,1435,2024-10-31,1266.02
59346,1435,2024-11-30,1171.11
59347,1435,2024-12-31,875.01
59348,1435,2025-01-31,1592.71
59349,1435,2025-02-28,1169.8
59350,1435,2025-03-31,795.54
59351,1435,2025-04-30,1668.46
59352,1435,2025-05-31,1519.39
59353,1435,2025-06-30,688.11
59354,1435,2025-07-31,1124.58
59355,1435,2025-08-31,612.38
59356,1435,2025-09-30,513.42
59357,1435,2025-10-31,1177.83
59358,1435,2025-11-30,687.21
59359,1435,2025-12-31,662.96
59360,1436,2024-01-31,958.45
59361,1436,2024-02-29,766.96
59362,1436,2024-03-31,826.84
59363,1436,2024-04-30,491.29
59364,1436,2024-05-31,626.02
59365,1436,2024-06-30,1020.35
59366,1436,2024-07-31,475.77
59367,1436,2024-08-31,753.99
59368,1436,2024-09-30,420.32
59369,1436,2024-10-31,912.92
59370,1436,2024-11-30,804.18
59371,1436,2024-12-31,671.77
59372,1436,2025-01-31,701.39
59373,1436,2025-02-28,382.72
59374,1436,2025-03-31,876.89
59375,1436,2025-04-30,776.53
59376,1436,2025-05-31,482.36
59377,1436,2025-06-30,799.31
59378,1436,2025-07-31,468.52
59379,1436,2025-08-31,303.65
59380,1436,2025-09-30,639.6
59381,1436,2025-10-31,1004.56
59382,1436,2025-11-30,577.59
59383,1436,2025-12-31,1105.39
59384,1437,2024-01-31,305.64
59385,1437,2024-02-29,527.84
59386,1437,2024-03-31,964.91
59387,1437,2024-04-30,744.35
59388,1437,2024-05-31,565.4
59389,1437,2024-06-30,1061.64
59390,1437,2024-07-31,710.58
59391,1437,2024-08-31,648.33
59392,1437,2024-09-30,833.62
59393,1437,2024-10-31,832.19
59394,1437,2024-11-30,797.64
59395,1437,2024-12-31,664.85
59396,1437,2025-01-31,1202.03
59397,1437,2025-02-28,545.54
59398,1437,2025-03-31,335.0
59399,1437,2025-04-30,681.34
59400,1437,2025-05-31,622.71
59401,1437,2025-06-30,779.8
59402,1437,2025-07-31,662.11
59403,1437,2025-08-31,565.07
59404,1437,2025-09-30,593.17
59405,1437,2025-10-31,869.02
59406,1437,2025-11-30,363.32
59407,1437,2025-12-31,771.04
59408,1438,2024-01-31,627.38
59409,1438,2024-02-29,250.0
59410,1438,2024-03-31,671.24
59411,1438,2024-04-30,303.06
59412,1438,2024-05-31,521.13
59413,1438,2024-06-30,735.26
59414,1438,2024-07-31,299.99
59415,1438,2024-08-31,348.66
59416,1438,2024-09-30,717.22
59417,1438,2024-10-31,274.23
59418,1438,2024-11-30,430.46
59419,1438,2024-12-31,596.46
59420,1438,2025-01-31,257.54
59421,1438,2025-02-28,750.58
59422,1438,2025-03-31,306.35
59423,1438,2025-04-30,533.55
59424,1438,2025-05-31,508.83
59425,1438,2025-06-30,450.86
59426,1438,2025-07-31,600.38
59427,1438,2025-08-31,633.41
59428,1438,2025-09-30,295.69
59429,1438,2025-10-31,299.51
59430,1438,2025-11-30,668.98
59431,1438,2025-12-31,732.37
59432,1439,2024-01-31,551.13
59433,1439,2024-02-29,528.58
59434,1439,2024-03-31,592.18
59435,1439,2024-04-30,544.18
59436,1439,2024-05-31,390.41
59437,1439,2024-06-30,348.06
59438,1439,2024-07-31,784.92
59439,1439,2024-08-31,551.22
59440,1439,2024-09-30,1020.16
59441,1439,2024-10-31,992.25
59442,1439,2024-11-30,993.92
59443,1439,2024-12-31,686.35
59444,1439,2025-01-31,255.56
59445,1439,2025-02-28,874.12
59446,1439,2025-03-31,488.41
59447,1439,2025-04-30,806.72
59448,1439,2025-05-31,780.66
59449,1439,2025-06-30,356.45
59450,1439,2025-07-31,525.04
59451,1439,2025-08-31,684.71
59452,1439,2025-09-30,640.78
59453,1439,2025-10-31,427.4
59454,1439,2025-11-30,866.88
59455,1439,2025-12-31,619.23
59456,1440,2024-01-31,952.32
59457,1440,2024-02-29,1599.27
59458,1440,2024-03-31,850.58
59459,1440,2024-04-30,540.91
59460,1440,2024-05-31,548.93
59461,1440,2024-06-30,700.85
59462,1440,2024-07-31,1227.24
59463,1440,2024-08-31,1143.65
59464,1440,2024-09-30,937.13
59465,1440,2024-10-31,528.68
59466,1440,2024-11-30,1261.18
59467,1440,2024-12-31,1077.13
59468,1440,2025-01-31,1050.12
59469,1440,2025-02-28,896.03
59470,1440,2025-03-31,1318.74
59471,1440,2025-04-30,593.37
59472,1440,2025-05-31,1279.24
59473,1440,2025-06-30,1128.37
59474,1440,2025-07-31,1443.4
59475,1440,2025-08-31,960.05
59476,1440,2025-09-30,1200.93
59477,1440,2025-10-31,982.3
59478,1440,2025-11-30,1004.99
59479,1440,2025-12-31,502.75
59480,1441,2024-03-31,716.38
59481,1441,2024-04-30,1023.06
59482,1441,2024-05-31,850.0
59483,1441,2024-06-30,445.51
59484,1441,2024-07-31,1092.38
59485,1441,2024-08-31,490.12
59486,1441,2024-09-30,737.9
59487,1441,2024-10-31,910.84
59488,1441,2024-11-30,386.91
59489,1441,2024-12-31,921.34
59490,1441,2025-01-31,989.82
59491,1441,2025-02-28,624.37
59492,1441,2025-03-31,850.32
59493,1441,2025-04-30,770.59
59494,1441,2025-05-31,450.96
59495,1441,2025-06-30,759.67
59496,1441,2025-07-31,819.02
59497,1441,2025-08-31,393.47
59498,1441,2025-09-30,359.81
59499,1441,2025-10-31,1287.39
59500,1441,2025-11-30,571.92
59501,1441,2025-12-31,704.89
59502,1442,2024-06-30,626.18
59503,1442,2024-07-31,1039.59
59504,1442,2024-08-31,929.57
59505,1442,2024-09-30,508.5
59506,1442,2024-10-31,873.67
59507,1442,2024-11-30,777.73
59508,1442,2024-12-31,809.87
59509,1442,2025-01-31,618.8
59510,1442,2025-02-28,629.14
59511,1442,2025-03-31,1020.98
59512,1442,2025-04-30,1076.1
59513,1442,2025-05-31,1283.62
59514,1442,2025-06-30,835.02
59515,1442,2025-07-31,694.2
59516,1442,2025-08-31,1041.11
59517,1442,2025-09-30,1246.51
59518,1442,2025-10-31,1573.38
59519,1442,2025-11-30,667.1
59520,1442,2025-12-31,1268.03
59521,1443,2024-06-30,557.04
59522,1443,2024-07-31,1209.43
59523,1443,2024-08-31,775.07
59524,1443,2024-09-30,703.84
59525,1443,2024-10-31,561.85
59526,1443,2024-11-30,1462.07
59527,1443,2024-12-31,936.27
59528,1443,2025-01-31,735.62
59529,1443,2025-02-28,1370.45
59530,1443,2025-03-31,1027.45
59531,1443,2025-04-30,1080.5
59532,1443,2025-05-31,690.07
59533,1443,2025-06-30,892.52
59534,1443,2025-07-31,783.85
59535,1443,2025-08-31,411.88
59536,1443,2025-09-30,801.64
59537,1443,2025-10-31,908.0
59538,1443,2025-11-30,612.69
59539,1443,2025-12-31,713.66
59540,1444,2024-02-29,1182.47
59541,1444,2024-03-31,1309.98
59542,1444,2024-04-30,2192.67
59543,1444,2024-05-31,1510.06
59544,1444,2024-06-30,1800.34
59545,1444,2024-07-31,789.59
59546,1444,2024-08-31,1070.51
59547,1444,2024-09-30,1548.38
59548,1444,2024-10-31,1443.7
59549,1444,2024-11-30,1727.67
59550,1444,2024-12-31,1806.43
59551,1444,2025-01-31,1579.09
59552,1444,2025-02-28,1188.31
59553,1444,2025-03-31,1457.15
59554,1444,2025-04-30,1155.6
59555,1444,2025-05-31,674.85
59556,1444,2025-06-30,1133.54
59557,1444,2025-07-31,977.36
59558,1444,2025-08-31,1587.49
59559,1444,2025-09-30,735.45
59560,1444,2025-10-31,856.42
59561,1444,2025-11-30,1411.19
59562,1444,2025-12-31,685.55
59563,1445,2024-02-29,944.97
59564,1445,2024-03-31,918.55
59565,1445,2024-04-30,1163.37
59566,1445,2024-05-31,841.95
59567,1445,2024-06-30,1121.12
59568,1445,2024-07-31,617.49
59569,1445,2024-08-31,771.1
59570,1445,2024-09-30,1159.81
59571,1445,2024-10-31,775.85
59572,1445,2024-11-30,890.75
59573,1445,2024-12-31,1273.58
59574,1445,2025-01-31,812.03
59575,1445,2025-02-28,983.38
59576,1445,2025-03-31,500.11
59577,1445,2025-04-30,1153.34
59578,1445,2025-05-31,608.96
59579,1445,2025-06-30,809.62
59580,1445,2025-07-31,921.16
59581,1445,2025-08-31,1228.93
59582,1445,2025-09-30,338.77
59583,1445,2025-10-31,1185.32
59584,1445,2025-11-30,776.0
59585,1445,2025-12-31,653.67
59586,1446,2024-01-31,377.41
59587,1446,2024-02-29,396.79
59588,1446,2024-03-31,463.26
59589,1446,2024-04-30,324.43
59590,1446,2024-05-31,250.0
59591,1446,2024-06-30,267.63
59592,1446,2024-07-31,250.0
59593,1446,2024-08-31,266.87
59594,1446,2024-09-30,527.83
59595,1446,2024-10-31,378.92
59596,1446,2024-11-30,457.68
59597,1446,2024-12-31,741.07
59598,1446,2025-01-31,286.94
59599,1446,2025-02-28,385.93
59600,1446,2025-03-31,454.29
59601,1446,2025-04-30,667.5
59602,1446,2025-05-31,441.44
59603,1446,2025-06-30,576.4
59604,1446,2025-07-31,396.03
59605,1446,2025-08-31,276.78
59606,1446,2025-09-30,669.54
59607,1446,2025-10-31,506.94
59608,1446,2025-11-30,512.31
59609,1446,2025-12-31,296.85
59610,1447,2024-01-31,1549.82
59611,1447,2024-02-29,1967.61
59612,1447,2024-03-31,909.42
59613,1447,2024-04-30,1745.08
59614,1447,2024-05-31,1445.6
59615,1447,2024-06-30,1198.34
59616,1447,2024-07-31,1532.59
59617,1447,2024-08-31,1381.35
59618,1447,2024-09-30,862.66
59619,1447,2024-10-31,1262.28
59620,1447,2024-11-30,1638.2
59621,1447,2024-12-31,957.8
59622,1447,2025-01-31,1545.9
59623,1447,2025-02-28,1407.05
59624,1447,2025-03-31,1498.13
59625,1447,2025-04-30,1097.52
59626,1447,2025-05-31,961.5
59627,1447,2025-06-30,1150.16
59628,1447,2025-07-31,1389.31
59629,1447,2025-08-31,1305.6
59630,1447,2025-09-30,982.48
59631,1447,2025-10-31,692.87
59632,1447,2025-11-30,1586.28
59633,1447,2025-12-31,872.89
59634,1448,2024-01-31,1464.1
59635,1448,2024-02-29,1052.58
59636,1448,2024-03-31,568.32
59637,1448,2024-04-30,807.68
59638,1448,2024-05-31,1059.39
59639,1448,2024-06-30,956.55
59640,1448,2024-07-31,1065.27
59641,1448,2024-08-31,1320.03
59642,1448,2024-09-30,1004.56
59643,1448,2024-10-31,789.2
59644,1448,2024-11-30,881.85
59645,1448,2024-12-31,638.58
59646,1448,2025-01-31,741.4
59647,1448,2025-02-28,743.0
59648,1448,2025-03-31,621.38
59649,1448,2025-04-30,941.41
59650,1448,2025-05-31,764.98
59651,1448,2025-06-30,617.23
59652,1448,2025-07-31,1206.63
59653,1448,2025-08-31,829.43
59654,1448,2025-09-30,575.24
59655,1448,2025-10-31,1076.66
59656,1448,2025-11-30,1233.77
59657,1448,2025-12-31,525.67
59658,1449,2024-01-31,1132.37
59659,1449,2024-02-29,765.11
59660,1449,2024-03-31,945.86
59661,1449,2024-04-30,1319.22
59662,1449,2024-05-31,936.38
59663,1449,2024-06-30,573.41
59664,1449,2024-07-31,1694.36
59665,1449,2024-08-31,791.88
59666,1449,2024-09-30,886.95
59667,1449,2024-10-31,993.38
59668,1449,2024-11-30,1110.36
59669,1449,2024-12-31,1459.78
59670,1449,2025-01-31,877.95
59671,1449,2025-02-28,1718.86
59672,1449,2025-03-31,503.81
59673,1449,2025-04-30,1235.91
59674,1449,2025-05-31,646.98
59675,1449,2025-06-30,1403.66
59676,1449,2025-07-31,947.97
59677,1449,2025-08-31,1106.77
59678,1449,2025-09-30,797.19
59679,1449,2025-10-31,794.35
59680,1449,2025-11-30,845.43
59681,1449,2025-12-31,1594.08
59682,1450,2024-12-31,987.15
59683,1450,2025-01-31,526.84
59684,1450,2025-02-28,1026.6
59685,1450,2025-03-31,521.0
59686,1450,2025-04-30,954.18
59687,1450,2025-05-31,698.35
59688,1450,2025-06-30,1206.87
59689,1450,2025-07-31,1145.55
59690,1450,2025-08-31,989.91
59691,1450,2025-09-30,907.99
59692,1450,2025-10-31,905.34
59693,1450,2025-11-30,1083.1
59694,1450,2025-12-31,907.14
59695,1451,2024-01-31,867.8
59696,1451,2024-02-29,567.46
59697,1451,2024-03-31,798.18
59698,1451,2024-04-30,650.35
59699,1451,2024-05-31,588.12
59700,1451,2024-06-30,796.62
59701,1451,2024-07-31,942.17
59702,1451,2024-08-31,957.29
59703,1451,2024-09-30,1239.98
59704,1451,2024-10-31,581.98
59705,1451,2024-11-30,1165.77
59706,1451,2024-12-31,809.26
59707,1451,2025-01-31,439.1
59708,1451,2025-02-28,833.0
59709,1451,2025-03-31,1360.06
59710,1451,2025-04-30,511.1
59711,1451,2025-05-31,891.02
59712,1451,2025-06-30,444.85
59713,1451,2025-07-31,496.6
59714,1451,2025-08-31,933.51
59715,1451,2025-09-30,631.74
59716,1451,2025-10-31,578.98
59717,1451,2025-11-30,563.13
59718,1451,2025-12-31,1234.82
59719,1452,2024-07-31,1097.31
59720,1452,2024-08-31,1398.6
59721,1452,2024-09-30,1175.74
59722,1452,2024-10-31,858.6
59723,1452,2024-11-30,683.43
59724,1452,2024-12-31,1207.55
59725,1452,2025-01-31,1661.76
59726,1452,2025-02-28,1449.31
59727,1452,2025-03-31,841.3
59728,1452,2025-04-30,1648.64
59729,1452,2025-05-31,586.1
59730,1452,2025-06-30,1013.15
59731,1452,2025-07-31,652.57
59732,1452,2025-08-31,1424.67
59733,1452,2025-09-30,1373.21
59734,1452,2025-10-31,572.38
59735,1452,2025-11-30,1314.21
59736,1452,2025-12-31,567.35
59737,1453,2024-11-30,1139.62
59738,1453,2024-12-31,714.88
59739,1453,2025-01-31,781.7
59740,1453,2025-02-28,810.04
59741,1453,2025-03-31,1841.85
59742,1453,2025-04-30,1239.45
59743,1453,2025-05-31,1535.58
59744,1453,2025-06-30,1257.19
59745,1453,2025-07-31,1472.75
59746,1453,2025-08-31,1822.35
59747,1453,2025-09-30,898.18
59748,1453,2025-10-31,1301.2
59749,1453,2025-11-30,1392.97
59750,1453,2025-12-31,952.9
59751,1454,2024-01-31,1316.48
59752,1454,2024-02-29,1128.81
59753,1454,2024-03-31,858.09
59754,1454,2024-04-30,833.75
59755,1454,2024-05-31,1587.35
59756,1454,2024-06-30,1228.41
59757,1454,2024-07-31,815.99
59758,1454,2024-08-31,1187.19
59759,1454,2024-09-30,969.09
59760,1454,2024-10-31,2041.07
59761,1454,2024-11-30,1081.12
59762,1454,2024-12-31,1521.72
59763,1454,2025-01-31,1555.64
59764,1454,2025-02-28,1327.1
59765,1454,2025-03-31,1616.59
59766,1454,2025-04-30,717.98
59767,1454,2025-05-31,2274.34
59768,1454,2025-06-30,1154.93
59769,1454,2025-07-31,1625.99
59770,1454,2025-08-31,1885.71
59771,1454,2025-09-30,1171.21
59772,1454,2025-10-31,1798.51
59773,1454,2025-11-30,737.74
59774,1454,2025-12-31,2034.61
59775,1455,2024-09-30,1615.24
59776,1455,2024-10-31,849.3
59777,1455,2024-11-30,716.7
59778,1455,2024-12-31,566.13
59779,1455,2025-01-31,424.58
59780,1455,2025-02-28,770.58
59781,1455,2025-03-31,1440.52
59782,1455,2025-04-30,1417.39
59783,1455,2025-05-31,670.65
59784,1455,2025-06-30,938.85
59785,1455,2025-07-31,814.16
59786,1455,2025-08-31,641.83
59787,1455,2025-09-30,1078.86
59788,1455,2025-10-31,518.97
59789,1455,2025-11-30,554.37
59790,1455,2025-12-31,539.84
59791,1456,2024-01-31,968.18
59792,1456,2024-02-29,485.3
59793,1456,2024-03-31,701.28
59794,1456,2024-04-30,726.92
59795,1456,2024-05-31,405.79
59796,1456,2024-06-30,726.11
59797,1456,2024-07-31,870.09
59798,1456,2024-08-31,584.83
59799,1456,2024-09-30,887.9
59800,1456,2024-10-31,642.33
59801,1456,2024-11-30,886.93
59802,1456,2024-12-31,1093.68
59803,1456,2025-01-31,620.13
59804,1456,2025-02-28,547.29
59805,1456,2025-03-31,464.29
59806,1456,2025-04-30,857.63
59807,1456,2025-05-31,859.49
59808,1456,2025-06-30,443.74
59809,1456,2025-07-31,1196.91
59810,1456,2025-08-31,1180.39
59811,1456,2025-09-30,804.18
59812,1456,2025-10-31,779.08
59813,1456,2025-11-30,1302.44
59814,1456,2025-12-31,571.84
59815,1457,2024-01-31,1016.94
59816,1457,2024-02-29,1922.59
59817,1457,2024-03-31,1604.42
59818,1457,2024-04-30,1014.99
59819,1457,2024-05-31,1293.82
59820,1457,2024-06-30,1142.05
59821,1457,2024-07-31,1618.6
59822,1457,2024-08-31,1896.04
59823,1457,2024-09-30,1110.51
59824,1457,2024-10-31,1789.51
59825,1457,2024-11-30,1695.89
59826,1457,2024-12-31,1375.94
59827,1457,2025-01-31,1004.05
59828,1457,2025-02-28,781.72
59829,1457,2025-03-31,874.84
59830,1457,2025-04-30,2010.76
59831,1457,2025-05-31,2353.86
59832,1457,2025-06-30,2157.76
59833,1457,2025-07-31,1247.53
59834,1457,2025-08-31,1648.96
59835,1457,2025-09-30,1281.66
59836,1457,2025-10-31,2229.0
59837,1457,2025-11-30,1565.85
59838,1457,2025-12-31,1129.68
59839,1458,2024-01-31,868.52
59840,1458,2024-02-29,939.25
59841,1458,2024-03-31,437.34
59842,1458,2024-04-30,651.87
59843,1458,2024-05-31,474.3
59844,1458,2024-06-30,476.96
59845,1458,2024-07-31,560.95
59846,1458,2024-08-31,588.46
59847,1458,2024-09-30,448.19
59848,1458,2024-10-31,634.71
59849,1458,2024-11-30,1108.01
59850,1458,2024-12-31,915.84
59851,1458,2025-01-31,638.2
59852,1458,2025-02-28,463.74
59853,1458,2025-03-31,587.28
59854,1458,2025-04-30,678.55
59855,1458,2025-05-31,1055.94
59856,1458,2025-06-30,383.73
59857,1458,2025-07-31,441.45
59858,1458,2025-08-31,658.58
59859,1458,2025-09-30,655.21
59860,1458,2025-10-31,478.97
59861,1458,2025-11-30,621.15
59862,1458,2025-12-31,639.32
59863,1459,2024-01-31,829.91
59864,1459,2024-02-29,1305.52
59865,1459,2024-03-31,936.22
59866,1459,2024-04-30,697.25
59867,1459,2024-05-31,1328.86
59868,1459,2024-06-30,618.12
59869,1459,2024-07-31,543.81
59870,1459,2024-08-31,1309.79
59871,1459,2024-09-30,734.63
59872,1459,2024-10-31,772.24
59873,1459,2024-11-30,1309.04
59874,1459,2024-12-31,938.51
59875,1459,2025-01-31,1124.44
59876,1459,2025-02-28,641.86
59877,1459,2025-03-31,585.26
59878,1459,2025-04-30,1364.39
59879,1459,2025-05-31,1167.25
59880,1459,2025-06-30,661.11
59881,1459,2025-07-31,724.45
59882,1459,2025-08-31,1237.07
59883,1459,2025-09-30,625.78
59884,1459,2025-10-31,1004.05
59885,1459,2025-11-30,1675.43
59886,1459,2025-12-31,597.54
59887,1460,2024-11-30,512.86
59888,1460,2024-12-31,1309.87
59889,1460,2025-01-31,1016.69
59890,1460,2025-02-28,463.72
59891,1460,2025-03-31,776.27
59892,1460,2025-04-30,595.31
59893,1460,2025-05-31,869.41
59894,1460,2025-06-30,1038.58
59895,1460,2025-07-31,975.02
59896,1460,2025-08-31,701.35
59897,1460,2025-09-30,875.31
59898,1460,2025-10-31,962.93
59899,1460,2025-11-30,670.48
59900,1460,2025-12-31,1024.13
59901,1461,2024-01-31,491.66
59902,1461,2024-02-29,652.95
59903,1461,2024-03-31,1174.43
59904,1461,2024-04-30,1456.36
59905,1461,2024-05-31,1239.86
59906,1461,2024-06-30,416.9
59907,1461,2024-07-31,1334.57
59908,1461,2024-08-31,1443.75
59909,1461,2024-09-30,1436.42
59910,1461,2024-10-31,1311.14
59911,1461,2024-11-30,513.37
59912,1461,2024-12-31,767.21
59913,1461,2025-01-31,710.28
59914,1461,2025-02-28,726.41
59915,1461,2025-03-31,1557.01
59916,1461,2025-04-30,1305.18
59917,1461,2025-05-31,637.76
59918,1461,2025-06-30,911.46
59919,1461,2025-07-31,579.34
59920,1461,2025-08-31,851.17
59921,1461,2025-09-30,636.94
59922,1461,2025-10-31,1219.2
59923,1461,2025-11-30,846.11
59924,1461,2025-12-31,466.95
59925,1462,2024-01-31,666.5
59926,1462,2024-02-29,497.32
59927,1462,2024-03-31,624.63
59928,1462,2024-04-30,613.66
59929,1462,2024-05-31,698.39
59930,1462,2024-06-30,419.02
59931,1462,2024-07-31,641.63
59932,1462,2024-08-31,459.92
59933,1462,2024-09-30,618.4
59934,1462,2024-10-31,412.09
59935,1462,2024-11-30,290.21
59936,1462,2024-12-31,581.03
59937,1462,2025-01-31,551.23
59938,1462,2025-02-28,386.05
59939,1462,2025-03-31,387.06
59940,1462,2025-04-30,632.61
59941,1462,2025-05-31,778.16
59942,1462,2025-06-30,605.24
59943,1462,2025-07-31,611.27
59944,1462,2025-08-31,463.28
59945,1462,2025-09-30,732.32
59946,1462,2025-10-31,530.14
59947,1462,2025-11-30,556.22
59948,1462,2025-12-31,924.47
59949,1463,2024-01-31,250.0
59950,1463,2024-02-29,295.54
59951,1463,2024-03-31,495.41
59952,1463,2024-04-30,250.0
59953,1463,2024-05-31,305.94
59954,1463,2024-06-30,342.11
59955,1463,2024-07-31,597.48
59956,1463,2024-08-31,527.41
59957,1463,2024-09-30,378.42
59958,1463,2024-10-31,329.97
59959,1463,2024-11-30,466.05
59960,1463,2024-12-31,250.0
59961,1463,2025-01-31,413.59
59962,1463,2025-02-28,250.0
59963,1463,2025-03-31,503.36
59964,1463,2025-04-30,360.87
59965,1463,2025-05-31,303.76
59966,1463,2025-06-30,675.83
59967,1463,2025-07-31,250.0
59968,1463,2025-08-31,461.56
59969,1463,2025-09-30,490.95
59970,1463,2025-10-31,338.85
59971,1463,2025-11-30,263.97
59972,1463,2025-12-31,605.91
59973,1464,2024-01-31,444.38
59974,1464,2024-02-29,534.63
59975,1464,2024-03-31,300.72
59976,1464,2024-04-30,430.85
59977,1464,2024-05-31,279.54
59978,1464,2024-06-30,412.33
59979,1464,2024-07-31,419.45
59980,1464,2024-08-31,261.72
59981,1464,2024-09-30,491.04
59982,1464,2024-10-31,455.99
59983,1464,2024-11-30,250.0
59984,1464,2024-12-31,540.53
59985,1464,2025-01-31,354.1
59986,1464,2025-02-28,544.43
59987,1464,2025-03-31,465.61
59988,1464,2025-04-30,335.75
59989,1464,2025-05-31,297.23
59990,1464,2025-06-30,250.0
59991,1464,2025-07-31,465.65
59992,1464,2025-08-31,250.0
59993,1464,2025-09-30,462.01
59994,1464,2025-10-31,312.59
59995,1464,2025-11-30,270.64
59996,1464,2025-12-31,306.44
59997,1465,2024-09-30,775.71
59998,1465,2024-10-31,619.03
59999,1465,2024-11-30,327.51
60000,1465,2024-12-31,631.97
60001,1465,2025-01-31,472.41
60002,1465,2025-02-28,659.85
60003,1465,2025-03-31,629.63
60004,1465,2025-04-30,490.8
60005,1465,2025-05-31,426.88
60006,1465,2025-06-30,302.36
60007,1465,2025-07-31,380.3
60008,1465,2025-08-31,656.15
60009,1465,2025-09-30,301.35
60010,1465,2025-10-31,900.79
60011,1465,2025-11-30,476.5
60012,1465,2025-12-31,875.92
60013,1466,2024-12-31,941.63
60014,1466,2025-01-31,776.39
60015,1466,2025-02-28,914.0
60016,1466,2025-03-31,1031.78
60017,1466,2025-04-30,703.65
60018,1466,2025-05-31,435.92
60019,1466,2025-06-30,460.71
60020,1466,2025-07-31,850.48
60021,1466,2025-08-31,373.22
60022,1466,2025-09-30,511.69
60023,1466,2025-10-31,337.9
60024,1466,2025-11-30,383.26
60025,1466,2025-12-31,498.78
60026,1467,2024-01-31,1134.43
60027,1467,2024-02-29,345.3
60028,1467,2024-03-31,946.79
60029,1467,2024-04-30,392.81
60030,1467,2024-05-31,836.17
60031,1467,2024-06-30,754.65
60032,1467,2024-07-31,626.99
60033,1467,2024-08-31,862.81
60034,1467,2024-09-30,683.47
60035,1467,2024-10-31,857.72
60036,1467,2024-11-30,858.85
60037,1467,2024-12-31,456.38
60038,1467,2025-01-31,553.97
60039,1467,2025-02-28,566.34
60040,1467,2025-03-31,478.32
60041,1467,2025-04-30,382.6
60042,1467,2025-05-31,499.15
60043,1467,2025-06-30,994.21
60044,1467,2025-07-31,577.35
60045,1467,2025-08-31,953.41
60046,1467,2025-09-30,892.91
60047,1467,2025-10-31,831.52
60048,1467,2025-11-30,608.16
60049,1467,2025-12-31,588.54
60050,1468,2024-06-30,1553.0
60051,1468,2024-07-31,1072.17
60052,1468,2024-08-31,1074.83
60053,1468,2024-09-30,860.04
60054,1468,2024-10-31,2011.99
60055,1468,2024-11-30,1845.42
60056,1468,2024-12-31,889.52
60057,1468,2025-01-31,949.85
60058,1468,2025-02-28,1479.44
60059,1468,2025-03-31,1770.97
60060,1468,2025-04-30,1065.54
60061,1468,2025-05-31,791.58
60062,1468,2025-06-30,1179.83
60063,1468,2025-07-31,1320.58
60064,1468,2025-08-31,807.84
60065,1468,2025-09-30,1362.21
60066,1468,2025-10-31,1529.2
60067,1468,2025-11-30,1430.01
60068,1468,2025-12-31,1087.63
60069,1469,2024-01-31,548.57
60070,1469,2024-02-29,1458.34
60071,1469,2024-03-31,1452.21
60072,1469,2024-04-30,727.9
60073,1469,2024-05-31,625.22
60074,1469,2024-06-30,610.92
60075,1469,2024-07-31,1187.78
60076,1469,2024-08-31,1665.71
60077,1469,2024-09-30,1242.71
60078,1469,2024-10-31,1184.91
60079,1469,2024-11-30,1490.49
60080,1469,2024-12-31,702.98
60081,1469,2025-01-31,674.55
60082,1469,2025-02-28,1363.91
60083,1469,2025-03-31,1352.27
60084,1469,2025-04-30,1219.13
60085,1469,2025-05-31,1244.01
60086,1469,2025-06-30,1062.6
60087,1469,2025-07-31,1603.1
60088,1469,2025-08-31,593.33
60089,1469,2025-09-30,476.86
60090,1469,2025-10-31,542.07
60091,1469,2025-11-30,1825.4
60092,1469,2025-12-31,1463.24
60093,1470,2024-01-31,619.35
60094,1470,2024-02-29,434.89
60095,1470,2024-03-31,524.56
60096,1470,2024-04-30,701.17
60097,1470,2024-05-31,432.21
60098,1470,2024-06-30,551.62
60099,1470,2024-07-31,303.24
60100,1470,2024-08-31,493.11
60101,1470,2024-09-30,266.61
60102,1470,2024-10-31,494.35
60103,1470,2024-11-30,431.53
60104,1470,2024-12-31,573.82
60105,1470,2025-01-31,715.24
60106,1470,2025-02-28,923.87
60107,1470,2025-03-31,492.1
60108,1470,2025-04-30,665.11
60109,1470,2025-05-31,675.42
60110,1470,2025-06-30,756.6
60111,1470,2025-07-31,741.47
60112,1470,2025-08-31,653.08
60113,1470,2025-09-30,288.61
60114,1470,2025-10-31,450.14
60115,1470,2025-11-30,585.99
60116,1470,2025-12-31,703.43
60117,1471,2024-11-30,1590.48
60118,1471,2024-12-31,1720.96
60119,1471,2025-01-31,1433.48
60120,1471,2025-02-28,781.13
60121,1471,2025-03-31,1009.49
60122,1471,2025-04-30,1320.22
60123,1471,2025-05-31,1432.99
60124,1471,2025-06-30,572.25
60125,1471,2025-07-31,868.0
60126,1471,2025-08-31,1028.43
60127,1471,2025-09-30,1236.46
60128,1471,2025-10-31,997.66
60129,1471,2025-11-30,846.99
60130,1471,2025-12-31,1312.09
60131,1472,2024-01-31,1078.8
60132,1472,2024-02-29,729.67
60133,1472,2024-03-31,607.61
60134,1472,2024-04-30,611.91
60135,1472,2024-05-31,431.3
60136,1472,2024-06-30,667.09
60137,1472,2024-07-31,1313.51
60138,1472,2024-08-31,937.03
60139,1472,2024-09-30,942.57
60140,1472,2024-10-31,643.09
60141,1472,2024-11-30,1015.77
60142,1472,2024-12-31,929.93
60143,1472,2025-01-31,1074.59
60144,1472,2025-02-28,1111.4
60145,1472,2025-03-31,886.9
60146,1472,2025-04-30,1183.69
60147,1472,2025-05-31,368.23
60148,1472,2025-06-30,560.24
60149,1472,2025-07-31,1138.61
60150,1472,2025-08-31,1056.96
60151,1472,2025-09-30,938.34
60152,1472,2025-10-31,696.95
60153,1472,2025-11-30,1246.89
60154,1472,2025-12-31,540.75
60155,1473,2024-01-31,394.99
60156,1473,2024-02-29,681.45
60157,1473,2024-03-31,796.65
60158,1473,2024-04-30,657.95
60159,1473,2024-05-31,608.11
60160,1473,2024-06-30,771.8
60161,1473,2024-07-31,644.69
60162,1473,2024-08-31,560.37
60163,1473,2024-09-30,1062.36
60164,1473,2024-10-31,1063.19
60165,1473,2024-11-30,468.8
60166,1473,2024-12-31,816.38
60167,1473,2025-01-31,656.56
60168,1473,2025-02-28,849.15
60169,1473,2025-03-31,609.37
60170,1473,2025-04-30,1341.64
60171,1473,2025-05-31,785.28
60172,1473,2025-06-30,1063.82
60173,1473,2025-07-31,1159.37
60174,1473,2025-08-31,1124.67
60175,1473,2025-09-30,701.52
60176,1473,2025-10-31,527.96
60177,1473,2025-11-30,1056.12
60178,1473,2025-12-31,947.36
60179,1474,2024-01-31,1430.21
60180,1474,2024-02-29,1087.99
60181,1474,2024-03-31,560.7
60182,1474,2024-04-30,701.64
60183,1474,2024-05-31,1330.48
60184,1474,2024-06-30,532.34
60185,1474,2024-07-31,935.83
60186,1474,2024-08-31,826.77
60187,1474,2024-09-30,628.65
60188,1474,2024-10-31,844.55
60189,1474,2024-11-30,413.56
60190,1474,2024-12-31,816.34
60191,1474,2025-01-31,1047.93
60192,1474,2025-02-28,920.11
60193,1474,2025-03-31,500.47
60194,1474,2025-04-30,958.62
60195,1474,2025-05-31,1062.26
60196,1474,2025-06-30,481.79
60197,1474,2025-07-31,1174.28
60198,1474,2025-08-31,750.99
60199,1474,2025-09-30,530.07
60200,1474,2025-10-31,593.96
60201,1474,2025-11-30,650.74
60202,1474,2025-12-31,836.93
60203,1475,2024-01-31,961.99
60204,1475,2024-02-29,887.25
60205,1475,2024-03-31,739.63
60206,1475,2024-04-30,637.69
60207,1475,2024-05-31,707.61
60208,1475,2024-06-30,582.1
60209,1475,2024-07-31,613.63
60210,1475,2024-08-31,1203.21
60211,1475,2024-09-30,508.28
60212,1475,2024-10-31,670.85
60213,1475,2024-11-30,704.99
60214,1475,2024-12-31,453.59
60215,1475,2025-01-31,700.1
60216,1475,2025-02-28,1721.79
60217,1475,2025-03-31,795.06
60218,1475,2025-04-30,623.67
60219,1475,2025-05-31,665.21
60220,1475,2025-06-30,526.1
60221,1475,2025-07-31,1139.05
60222,1475,2025-08-31,995.44
60223,1475,2025-09-30,1026.59
60224,1475,2025-10-31,699.08
60225,1475,2025-11-30,1706.08
60226,1475,2025-12-31,1150.46
60227,1476,2024-03-31,1005.15
60228,1476,2024-04-30,448.15
60229,1476,2024-05-31,867.75
60230,1476,2024-06-30,328.55
60231,1476,2024-07-31,809.72
60232,1476,2024-08-31,1062.63
60233,1476,2024-09-30,842.76
60234,1476,2024-10-31,1061.91
60235,1476,2024-11-30,335.83
60236,1476,2024-12-31,423.74
60237,1476,2025-01-31,734.86
60238,1476,2025-02-28,709.82
60239,1476,2025-03-31,526.36
60240,1476,2025-04-30,500.15
60241,1476,2025-05-31,318.91
60242,1476,2025-06-30,684.73
60243,1476,2025-07-31,974.31
60244,1476,2025-08-31,715.83
60245,1476,2025-09-30,933.78
60246,1476,2025-10-31,570.26
60247,1476,2025-11-30,505.35
60248,1476,2025-12-31,422.27
60249,1477,2024-01-31,1644.32
60250,1477,2024-02-29,1884.59
60251,1477,2024-03-31,2234.5
60252,1477,2024-04-30,1473.12
60253,1477,2024-05-31,1375.45
60254,1477,2024-06-30,834.79
60255,1477,2024-07-31,759.94
60256,1477,2024-08-31,867.98
60257,1477,2024-09-30,1394.04
60258,1477,2024-10-31,1719.64
60259,1477,2024-11-30,915.83
60260,1477,2024-12-31,1308.4
60261,1477,2025-01-31,819.13
60262,1477,2025-02-28,1056.85
60263,1477,2025-03-31,1501.09
60264,1477,2025-04-30,1281.23
60265,1477,2025-05-31,1705.61
60266,1477,2025-06-30,1478.39
60267,1477,2025-07-31,1258.04
60268,1477,2025-08-31,1030.94
60269,1477,2025-09-30,2167.52
60270,1477,2025-10-31,1360.51
60271,1477,2025-11-30,1928.31
60272,1477,2025-12-31,1052.92
60273,1478,2024-01-31,432.72
60274,1478,2024-02-29,821.96
60275,1478,2024-03-31,573.96
60276,1478,2024-04-30,254.47
60277,1478,2024-05-31,284.52
60278,1478,2024-06-30,569.39
60279,1478,2024-07-31,324.9
60280,1478,2024-08-31,414.74
60281,1478,2024-09-30,298.73
60282,1478,2024-10-31,644.99
60283,1478,2024-11-30,379.16
60284,1478,2024-12-31,530.5
60285,1478,2025-01-31,326.94
60286,1478,2025-02-28,407.8
60287,1478,2025-03-31,609.49
60288,1478,2025-04-30,345.71
60289,1478,2025-05-31,549.27
60290,1478,2025-06-30,510.91
60291,1478,2025-07-31,340.28
60292,1478,2025-08-31,439.4
60293,1478,2025-09-30,731.86
60294,1478,2025-10-31,250.0
60295,1478,2025-11-30,250.0
60296,1478,2025-12-31,649.91
60297,1479,2024-01-31,376.26
60298,1479,2024-02-29,905.18
60299,1479,2024-03-31,615.06
60300,1479,2024-04-30,1092.78
60301,1479,2024-05-31,1386.21
60302,1479,2024-06-30,990.35
60303,1479,2024-07-31,740.41
60304,1479,2024-08-31,912.92
60305,1479,2024-09-30,1298.59
60306,1479,2024-10-31,912.63
60307,1479,2024-11-30,747.8
60308,1479,2024-12-31,752.57
60309,1479,2025-01-31,587.52
60310,1479,2025-02-28,1285.74
60311,1479,2025-03-31,958.61
60312,1479,2025-04-30,1230.28
60313,1479,2025-05-31,789.13
60314,1479,2025-06-30,574.24
60315,1479,2025-07-31,364.21
60316,1479,2025-08-31,537.9
60317,1479,2025-09-30,755.97
60318,1479,2025-10-31,1121.35
60319,1479,2025-11-30,1124.84
60320,1479,2025-12-31,1123.88
60321,1480,2024-11-30,2634.7
60322,1480,2024-12-31,2425.56
60323,1480,2025-01-31,2016.1
60324,1480,2025-02-28,2224.31
60325,1480,2025-03-31,1665.98
60326,1480,2025-04-30,2466.76
60327,1480,2025-05-31,2473.91
60328,1480,2025-06-30,1622.31
60329,1480,2025-07-31,1777.34
60330,1480,2025-08-31,995.81
60331,1480,2025-09-30,1554.84
60332,1480,2025-10-31,965.66
60333,1480,2025-11-30,1832.69
60334,1480,2025-12-31,713.88
60335,1481,2024-08-31,1053.13
60336,1481,2024-09-30,669.59
60337,1481,2024-10-31,734.65
60338,1481,2024-11-30,622.82
60339,1481,2024-12-31,851.98
60340,1481,2025-01-31,899.87
60341,1481,2025-02-28,582.61
60342,1481,2025-03-31,627.64
60343,1481,2025-04-30,911.93
60344,1481,2025-05-31,1403.12
60345,1481,2025-06-30,669.53
60346,1481,2025-07-31,884.65
60347,1481,2025-08-31,1045.64
60348,1481,2025-09-30,643.05
60349,1481,2025-10-31,790.77
60350,1481,2025-11-30,1280.95
60351,1481,2025-12-31,435.61
60352,1482,2024-11-30,1242.75
60353,1482,2024-12-31,1203.03
60354,1482,2025-01-31,1206.77
60355,1482,2025-02-28,1450.81
60356,1482,2025-03-31,2129.94
60357,1482,2025-04-30,740.82
60358,1482,2025-05-31,1089.16
60359,1482,2025-06-30,1529.06
60360,1482,2025-07-31,1303.14
60361,1482,2025-08-31,939.96
60362,1482,2025-09-30,1199.96
60363,1482,2025-10-31,1320.65
60364,1482,2025-11-30,1548.12
60365,1482,2025-12-31,1685.57
60366,1483,2024-01-31,516.16
60367,1483,2024-02-29,598.9
60368,1483,2024-03-31,1189.07
60369,1483,2024-04-30,464.11
60370,1483,2024-05-31,1008.65
60371,1483,2024-06-30,504.7
60372,1483,2024-07-31,1552.73
60373,1483,2024-08-31,888.47
60374,1483,2024-09-30,951.6
60375,1483,2024-10-31,563.92
60376,1483,2024-11-30,973.05
60377,1483,2024-12-31,1322.35
60378,1483,2025-01-31,1134.84
60379,1483,2025-02-28,1333.68
60380,1483,2025-03-31,632.26
60381,1483,2025-04-30,475.51
60382,1483,2025-05-31,940.54
60383,1483,2025-06-30,695.72
60384,1483,2025-07-31,1276.27
60385,1483,2025-08-31,907.3
60386,1483,2025-09-30,727.25
60387,1483,2025-10-31,470.52
60388,1483,2025-11-30,1250.96
60389,1483,2025-12-31,1232.66
60390,1484,2024-02-29,1081.31
60391,1484,2024-03-31,819.54
60392,1484,2024-04-30,747.16
60393,1484,2024-05-31,616.2
60394,1484,2024-06-30,936.68
60395,1484,2024-07-31,1564.7
60396,1484,2024-08-31,1391.23
60397,1484,2024-09-30,1123.35
60398,1484,2024-10-31,865.94
60399,1484,2024-11-30,939.94
60400,1484,2024-12-31,1157.85
60401,1484,2025-01-31,867.24
60402,1484,2025-02-28,663.7
60403,1484,2025-03-31,1643.81
60404,1484,2025-04-30,1168.15
60405,1484,2025-05-31,650.74
60406,1484,2025-06-30,1040.03
60407,1484,2025-07-31,589.8
60408,1484,2025-08-31,1217.99
60409,1484,2025-09-30,1180.92
60410,1484,2025-10-31,1059.75
60411,1484,2025-11-30,725.97
60412,1484,2025-12-31,1283.39
60413,1485,2024-07-31,875.23
60414,1485,2024-08-31,1082.86
60415,1485,2024-09-30,556.27
60416,1485,2024-10-31,679.74
60417,1485,2024-11-30,1179.76
60418,1485,2024-12-31,863.06
60419,1485,2025-01-31,757.18
60420,1485,2025-02-28,859.16
60421,1485,2025-03-31,649.08
60422,1485,2025-04-30,954.96
60423,1485,2025-05-31,1029.77
60424,1485,2025-06-30,612.7
60425,1485,2025-07-31,492.65
60426,1485,2025-08-31,631.02
60427,1485,2025-09-30,805.5
60428,1485,2025-10-31,994.11
60429,1485,2025-11-30,660.0
60430,1485,2025-12-31,765.84
60431,1486,2024-03-31,497.07
60432,1486,2024-04-30,752.76
60433,1486,2024-05-31,1123.41
60434,1486,2024-06-30,1191.98
60435,1486,2024-07-31,1178.74
60436,1486,2024-08-31,358.15
60437,1486,2024-09-30,967.92
60438,1486,2024-10-31,1087.73
60439,1486,2024-11-30,706.47
60440,1486,2024-12-31,1156.63
60441,1486,2025-01-31,674.55
60442,1486,2025-02-28,489.2
60443,1486,2025-03-31,453.92
60444,1486,2025-04-30,477.11
60445,1486,2025-05-31,739.33
60446,1486,2025-06-30,1021.25
60447,1486,2025-07-31,657.8
60448,1486,2025-08-31,464.21
60449,1486,2025-09-30,905.87
60450,1486,2025-10-31,805.17
60451,1486,2025-11-30,968.61
60452,1486,2025-12-31,883.73
60453,1487,2024-01-31,1070.36
60454,1487,2024-02-29,1082.04
60455,1487,2024-03-31,637.06
60456,1487,2024-04-30,544.5
60457,1487,2024-05-31,1166.55
60458,1487,2024-06-30,660.36
60459,1487,2024-07-31,459.96
60460,1487,2024-08-31,633.28
60461,1487,2024-09-30,908.56
60462,1487,2024-10-31,361.59
60463,1487,2024-11-30,496.96
60464,1487,2024-12-31,793.95
60465,1487,2025-01-31,571.78
60466,1487,2025-02-28,736.08
60467,1487,2025-03-31,905.35
60468,1487,2025-04-30,540.83
60469,1487,2025-05-31,904.88
60470,1487,2025-06-30,695.18
60471,1487,2025-07-31,322.14
60472,1487,2025-08-31,467.73
60473,1487,2025-09-30,788.18
60474,1487,2025-10-31,985.09
60475,1487,2025-11-30,697.45
60476,1487,2025-12-31,846.93
60477,1488,2024-01-31,1328.55
60478,1488,2024-02-29,931.51
60479,1488,2024-03-31,1180.82
60480,1488,2024-04-30,755.52
60481,1488,2024-05-31,745.35
60482,1488,2024-06-30,421.07
60483,1488,2024-07-31,1213.07
60484,1488,2024-08-31,1350.83
60485,1488,2024-09-30,680.28
60486,1488,2024-10-31,1287.84
60487,1488,2024-11-30,1144.13
60488,1488,2024-12-31,1450.98
60489,1488,2025-01-31,1023.43
60490,1488,2025-02-28,1607.4
60491,1488,2025-03-31,1150.65
60492,1488,2025-04-30,1457.48
60493,1488,2025-05-31,1240.25
60494,1488,2025-06-30,737.0
60495,1488,2025-07-31,891.61
60496,1488,2025-08-31,1206.71
60497,1488,2025-09-30,788.91
60498,1488,2025-10-31,984.01
60499,1488,2025-11-30,804.16
60500,1488,2025-12-31,703.57
60501,1489,2024-01-31,588.57
60502,1489,2024-02-29,875.79
60503,1489,2024-03-31,552.08
60504,1489,2024-04-30,498.58
60505,1489,2024-05-31,551.89
60506,1489,2024-06-30,625.71
60507,1489,2024-07-31,986.61
60508,1489,2024-08-31,376.07
60509,1489,2024-09-30,692.03
60510,1489,2024-10-31,997.3
60511,1489,2024-11-30,755.37
60512,1489,2024-12-31,399.05
60513,1489,2025-01-31,722.77
60514,1489,2025-02-28,426.34
60515,1489,2025-03-31,500.75
60516,1489,2025-04-30,542.71
60517,1489,2025-05-31,366.11
60518,1489,2025-06-30,509.94
60519,1489,2025-07-31,336.69
60520,1489,2025-08-31,831.54
60521,1489,2025-09-30,789.69
60522,1489,2025-10-31,752.4
60523,1489,2025-11-30,921.38
60524,1489,2025-12-31,761.53
60525,1490,2024-01-31,1422.58
60526,1490,2024-02-29,998.66
60527,1490,2024-03-31,1156.06
60528,1490,2024-04-30,943.03
60529,1490,2024-05-31,928.62
60530,1490,2024-06-30,1015.54
60531,1490,2024-07-31,1091.67
60532,1490,2024-08-31,821.08
60533,1490,2024-09-30,1173.14
60534,1490,2024-10-31,1248.89
60535,1490,2024-11-30,642.65
60536,1490,2024-12-31,1165.29
60537,1490,2025-01-31,1055.1
60538,1490,2025-02-28,1292.36
60539,1490,2025-03-31,871.18
60540,1490,2025-04-30,839.85
60541,1490,2025-05-31,1179.44
60542,1490,2025-06-30,597.75
60543,1490,2025-07-31,739.16
60544,1490,2025-08-31,1283.17
60545,1490,2025-09-30,772.82
60546,1490,2025-10-31,574.81
60547,1490,2025-11-30,1490.57
60548,1490,2025-12-31,779.08
60549,1491,2024-01-31,695.73
60550,1491,2024-02-29,792.58
60551,1491,2024-03-31,1609.96
60552,1491,2024-04-30,911.24
60553,1491,2024-05-31,627.28
60554,1491,2024-06-30,1759.26
60555,1491,2024-07-31,704.17
60556,1491,2024-08-31,953.44
60557,1491,2024-09-30,810.54
60558,1491,2024-10-31,1865.09
60559,1491,2024-11-30,864.66
60560,1491,2024-12-31,1682.07
60561,1491,2025-01-31,1339.63
60562,1491,2025-02-28,559.42
60563,1491,2025-03-31,2030.66
60564,1491,2025-04-30,1159.54
60565,1491,2025-05-31,1714.28
60566,1491,2025-06-30,627.06
60567,1491,2025-07-31,1469.39
60568,1491,2025-08-31,662.79
60569,1491,2025-09-30,724.49
60570,1491,2025-10-31,1281.28
60571,1491,2025-11-30,1285.56
60572,1491,2025-12-31,1202.4
60573,1492,2024-06-30,915.92
60574,1492,2024-07-31,779.08
60575,1492,2024-08-31,1075.84
60576,1492,2024-09-30,1407.41
60577,1492,2024-10-31,527.58
60578,1492,2024-11-30,740.62
60579,1492,2024-12-31,924.28
60580,1492,2025-01-31,902.13
60581,1492,2025-02-28,773.65
60582,1492,2025-03-31,825.26
60583,1492,2025-04-30,949.74
60584,1492,2025-05-31,1168.11
60585,1492,2025-06-30,589.15
60586,1492,2025-07-31,1168.08
60587,1492,2025-08-31,1395.73
60588,1492,2025-09-30,582.77
60589,1492,2025-10-31,1177.63
60590,1492,2025-11-30,1614.47
60591,1492,2025-12-31,920.8
60592,1493,2024-09-30,836.49
60593,1493,2024-10-31,347.06
60594,1493,2024-11-30,853.08
60595,1493,2024-12-31,725.73
60596,1493,2025-01-31,838.0
60597,1493,2025-02-28,1085.08
60598,1493,2025-03-31,1231.06
60599,1493,2025-04-30,810.17
60600,1493,2025-05-31,555.22
60601,1493,2025-06-30,799.52
60602,1493,2025-07-31,430.55
60603,1493,2025-08-31,949.82
60604,1493,2025-09-30,833.53
60605,1493,2025-10-31,571.73
60606,1493,2025-11-30,470.45
60607,1493,2025-12-31,598.88
60608,1494,2024-01-31,832.74
60609,1494,2024-02-29,1234.65
60610,1494,2024-03-31,1675.29
60611,1494,2024-04-30,1185.19
60612,1494,2024-05-31,758.66
60613,1494,2024-06-30,915.76
60614,1494,2024-07-31,1086.17
60615,1494,2024-08-31,1140.49
60616,1494,2024-09-30,1141.77
60617,1494,2024-10-31,731.04
60618,1494,2024-11-30,800.78
60619,1494,2024-12-31,1267.83
60620,1494,2025-01-31,849.4
60621,1494,2025-02-28,1347.76
60622,1494,2025-03-31,1310.39
60623,1494,2025-04-30,631.17
60624,1494,2025-05-31,1048.44
60625,1494,2025-06-30,450.38
60626,1494,2025-07-31,1255.49
60627,1494,2025-08-31,723.41
60628,1494,2025-09-30,439.3
60629,1494,2025-10-31,1329.07
60630,1494,2025-11-30,536.37
60631,1494,2025-12-31,1199.12
60632,1495,2024-01-31,656.11
60633,1495,2024-02-29,1192.75
60634,1495,2024-03-31,980.68
60635,1495,2024-04-30,691.66
60636,1495,2024-05-31,866.36
60637,1495,2024-06-30,561.15
60638,1495,2024-07-31,756.24
60639,1495,2024-08-31,1164.26
60640,1495,2024-09-30,831.09
60641,1495,2024-10-31,778.36
60642,1495,2024-11-30,573.64
60643,1495,2024-12-31,405.19
60644,1495,2025-01-31,842.53
60645,1495,2025-02-28,1065.06
60646,1495,2025-03-31,918.9
60647,1495,2025-04-30,1003.32
60648,1495,2025-05-31,724.13
60649,1495,2025-06-30,810.27
60650,1495,2025-07-31,857.8
60651,1495,2025-08-31,684.05
60652,1495,2025-09-30,1031.27
60653,1495,2025-10-31,673.0
60654,1495,2025-11-30,675.68
60655,1495,2025-12-31,619.08
60656,1496,2024-01-31,995.29
60657,1496,2024-02-29,1241.48
60658,1496,2024-03-31,1068.06
60659,1496,2024-04-30,880.21
60660,1496,2024-05-31,1240.67
60661,1496,2024-06-30,1236.48
60662,1496,2024-07-31,1589.76
60663,1496,2024-08-31,1037.71
60664,1496,2024-09-30,1718.22
60665,1496,2024-10-31,459.68
60666,1496,2024-11-30,840.01
60667,1496,2024-12-31,1773.68
60668,1496,2025-01-31,632.88
60669,1496,2025-02-28,1180.19
60670,1496,2025-03-31,855.0
60671,1496,2025-04-30,1168.14
60672,1496,2025-05-31,884.3
60673,1496,2025-06-30,1234.46
60674,1496,2025-07-31,1742.4
60675,1496,2025-08-31,1687.32
60676,1496,2025-09-30,1070.3
60677,1496,2025-10-31,896.94
60678,1496,2025-11-30,1295.29
60679,1496,2025-12-31,1582.41
60680,1497,2024-08-31,375.96
60681,1497,2024-09-30,250.0
60682,1497,2024-10-31,513.2
60683,1497,2024-11-30,358.18
60684,1497,2024-12-31,250.0
60685,1497,2025-01-31,342.99
60686,1497,2025-02-28,272.58
60687,1497,2025-03-31,312.92
60688,1497,2025-04-30,413.94
60689,1497,2025-05-31,429.72
60690,1497,2025-06-30,470.51
60691,1497,2025-07-31,415.09
60692,1497,2025-08-31,300.43
60693,1497,2025-09-30,562.28
60694,1497,2025-10-31,514.75
60695,1497,2025-11-30,250.0
60696,1497,2025-12-31,250.0
60697,1498,2024-01-31,700.86
60698,1498,2024-02-29,839.17
60699,1498,2024-03-31,581.41
60700,1498,2024-04-30,674.88
60701,1498,2024-05-31,793.2
60702,1498,2024-06-30,845.17
60703,1498,2024-07-31,633.44
60704,1498,2024-08-31,469.05
60705,1498,2024-09-30,793.97
60706,1498,2024-10-31,1153.47
60707,1498,2024-11-30,874.91
60708,1498,2024-12-31,675.66
60709,1498,2025-01-31,1156.86
60710,1498,2025-02-28,327.08
60711,1498,2025-03-31,848.89
60712,1498,2025-04-30,961.34
60713,1498,2025-05-31,1132.57
60714,1498,2025-06-30,760.21
60715,1498,2025-07-31,783.8
60716,1498,2025-08-31,430.84
60717,1498,2025-09-30,519.26
60718,1498,2025-10-31,1046.37
60719,1498,2025-11-30,929.09
60720,1498,2025-12-31,633.61
60721,1499,2024-01-31,250.0
60722,1499,2024-02-29,276.36
60723,1499,2024-03-31,250.0
60724,1499,2024-04-30,483.2
60725,1499,2024-05-31,451.96
60726,1499,2024-06-30,250.0
60727,1499,2024-07-31,586.16
60728,1499,2024-08-31,326.05
60729,1499,2024-09-30,395.03
60730,1499,2024-10-31,426.84
60731,1499,2024-11-30,250.0
60732,1499,2024-12-31,445.37
60733,1499,2025-01-31,485.29
60734,1499,2025-02-28,250.0
60735,1499,2025-03-31,322.24
60736,1499,2025-04-30,398.76
60737,1499,2025-05-31,250.0
60738,1499,2025-06-30,321.23
60739,1499,2025-07-31,250.0
60740,1499,2025-08-31,395.63
60741,1499,2025-09-30,317.43
60742,1499,2025-10-31,380.04
60743,1499,2025-11-30,267.86
60744,1499,2025-12-31,308.36
60745,1500,2024-01-31,363.7
60746,1500,2024-02-29,507.91
60747,1500,2024-03-31,269.31
60748,1500,2024-04-30,683.43
60749,1500,2024-05-31,416.07
60750,1500,2024-06-30,535.78
60751,1500,2024-07-31,623.92
60752,1500,2024-08-31,250.0
60753,1500,2024-09-30,408.93
60754,1500,2024-10-31,446.83
60755,1500,2024-11-30,356.6
60756,1500,2024-12-31,265.15
60757,1500,2025-01-31,378.84
60758,1500,2025-02-28,515.51
60759,1500,2025-03-31,304.59
60760,1500,2025-04-30,640.88
60761,1500,2025-05-31,431.06
60762,1500,2025-06-30,588.64
60763,1500,2025-07-31,484.94
60764,1500,2025-08-31,432.89
60765,1500,2025-09-30,398.45
60766,1500,2025-10-31,250.0
60767,1500,2025-11-30,398.79
60768,1500,2025-12-31,426.95
60769,1501,2024-12-31,1082.26
60770,1501,2025-01-31,1425.16
60771,1501,2025-02-28,2001.24
60772,1501,2025-03-31,866.94
60773,1501,2025-04-30,1153.11
60774,1501,2025-05-31,1858.18
60775,1501,2025-06-30,728.84
60776,1501,2025-07-31,580.24
60777,1501,2025-08-31,776.19
60778,1501,2025-09-30,840.6
60779,1501,2025-10-31,1335.13
60780,1501,2025-11-30,1173.84
60781,1501,2025-12-31,1128.62
60782,1502,2024-01-31,931.06
60783,1502,2024-02-29,754.1
60784,1502,2024-03-31,1075.25
60785,1502,2024-04-30,857.22
60786,1502,2024-05-31,1399.43
60787,1502,2024-06-30,1563.61
60788,1502,2024-07-31,1173.07
60789,1502,2024-08-31,1235.57
60790,1502,2024-09-30,1239.52
60791,1502,2024-10-31,1129.84
60792,1502,2024-11-30,1742.89
60793,1502,2024-12-31,605.48
60794,1502,2025-01-31,1287.28
60795,1502,2025-02-28,1596.26
60796,1502,2025-03-31,1817.8
60797,1502,2025-04-30,1354.97
60798,1502,2025-05-31,1184.55
60799,1502,2025-06-30,1185.51
60800,1502,2025-07-31,1832.42
60801,1502,2025-08-31,500.17
60802,1502,2025-09-30,1344.83
60803,1502,2025-10-31,1246.04
60804,1502,2025-11-30,1525.41
60805,1502,2025-12-31,510.53
60806,1503,2024-08-31,797.0
60807,1503,2024-09-30,902.68
60808,1503,2024-10-31,514.18
60809,1503,2024-11-30,616.86
60810,1503,2024-12-31,492.18
60811,1503,2025-01-31,969.24
60812,1503,2025-02-28,1146.29
60813,1503,2025-03-31,852.09
60814,1503,2025-04-30,1007.73
60815,1503,2025-05-31,708.17
60816,1503,2025-06-30,900.12
60817,1503,2025-07-31,419.8
60818,1503,2025-08-31,987.59
60819,1503,2025-09-30,321.39
60820,1503,2025-10-31,429.92
60821,1503,2025-11-30,794.29
60822,1503,2025-12-31,1002.0
60823,1504,2024-06-30,454.8
60824,1504,2024-07-31,550.87
60825,1504,2024-08-31,483.46
60826,1504,2024-09-30,332.6
60827,1504,2024-10-31,454.59
60828,1504,2024-11-30,565.39
60829,1504,2024-12-31,357.86
60830,1504,2025-01-31,296.59
60831,1504,2025-02-28,282.03
60832,1504,2025-03-31,448.3
60833,1504,2025-04-30,500.97
60834,1504,2025-05-31,443.61
60835,1504,2025-06-30,523.39
60836,1504,2025-07-31,253.01
60837,1504,2025-08-31,633.08
60838,1504,2025-09-30,486.03
60839,1504,2025-10-31,388.27
60840,1504,2025-11-30,375.02
60841,1504,2025-12-31,327.11
60842,1505,2024-01-31,504.7
60843,1505,2024-02-29,250.0
60844,1505,2024-03-31,439.09
60845,1505,2024-04-30,250.0
60846,1505,2024-05-31,250.0
60847,1505,2024-06-30,462.95
60848,1505,2024-07-31,464.52
60849,1505,2024-08-31,468.74
60850,1505,2024-09-30,476.34
60851,1505,2024-10-31,334.16
60852,1505,2024-11-30,250.0
60853,1505,2024-12-31,360.8
60854,1505,2025-01-31,458.43
60855,1505,2025-02-28,250.0
60856,1505,2025-03-31,260.17
60857,1505,2025-04-30,529.98
60858,1505,2025-05-31,334.82
60859,1505,2025-06-30,267.94
60860,1505,2025-07-31,250.0
60861,1505,2025-08-31,255.06
60862,1505,2025-09-30,250.0
60863,1505,2025-10-31,250.0
60864,1505,2025-11-30,359.76
60865,1505,2025-12-31,276.99
60866,1506,2024-08-31,699.97
60867,1506,2024-09-30,1231.64
60868,1506,2024-10-31,466.57
60869,1506,2024-11-30,817.32
60870,1506,2024-12-31,512.84
60871,1506,2025-01-31,392.34
60872,1506,2025-02-28,564.31
60873,1506,2025-03-31,1034.36
60874,1506,2025-04-30,704.23
60875,1506,2025-05-31,587.6
60876,1506,2025-06-30,690.25
60877,1506,2025-07-31,572.41
60878,1506,2025-08-31,685.48
60879,1506,2025-09-30,1099.6
60880,1506,2025-10-31,941.06
60881,1506,2025-11-30,451.93
60882,1506,2025-12-31,369.7
60883,1507,2024-02-29,971.04
60884,1507,2024-03-31,1814.81
60885,1507,2024-04-30,1762.98
60886,1507,2024-05-31,710.41
60887,1507,2024-06-30,2064.26
60888,1507,2024-07-31,1718.27
60889,1507,2024-08-31,1212.53
60890,1507,2024-09-30,1195.28
60891,1507,2024-10-31,819.42
60892,1507,2024-11-30,2351.21
60893,1507,2024-12-31,1345.41
60894,1507,2025-01-31,2254.58
60895,1507,2025-02-28,1491.44
60896,1507,2025-03-31,1569.95
60897,1507,2025-04-30,1625.23
60898,1507,2025-05-31,1149.59
60899,1507,2025-06-30,1824.41
60900,1507,2025-07-31,1637.34
60901,1507,2025-08-31,2342.96
60902,1507,2025-09-30,1769.9
60903,1507,2025-10-31,1160.13
60904,1507,2025-11-30,1782.11
60905,1507,2025-12-31,1298.15
60906,1508,2024-03-31,835.91
60907,1508,2024-04-30,1115.75
60908,1508,2024-05-31,829.41
60909,1508,2024-06-30,767.87
60910,1508,2024-07-31,1299.72
60911,1508,2024-08-31,922.55
60912,1508,2024-09-30,534.89
60913,1508,2024-10-31,775.59
60914,1508,2024-11-30,948.7
60915,1508,2024-12-31,1032.92
60916,1508,2025-01-31,576.17
60917,1508,2025-02-28,828.97
60918,1508,2025-03-31,777.13
60919,1508,2025-04-30,560.19
60920,1508,2025-05-31,551.23
60921,1508,2025-06-30,689.62
60922,1508,2025-07-31,1316.21
60923,1508,2025-08-31,1552.62
60924,1508,2025-09-30,915.19
60925,1508,2025-10-31,593.81
60926,1508,2025-11-30,1058.34
60927,1508,2025-12-31,570.4
60928,1509,2024-01-31,1432.11
60929,1509,2024-02-29,1014.97
60930,1509,2024-03-31,397.3
60931,1509,2024-04-30,902.34
60932,1509,2024-05-31,1248.56
60933,1509,2024-06-30,845.6
60934,1509,2024-07-31,922.94
60935,1509,2024-08-31,728.1
60936,1509,2024-09-30,593.07
60937,1509,2024-10-31,596.71
60938,1509,2024-11-30,909.58
60939,1509,2024-12-31,780.07
60940,1509,2025-01-31,920.79
60941,1509,2025-02-28,1110.97
60942,1509,2025-03-31,884.51
60943,1509,2025-04-30,522.81
60944,1509,2025-05-31,461.86
60945,1509,2025-06-30,687.79
60946,1509,2025-07-31,1140.24
60947,1509,2025-08-31,690.9
60948,1509,2025-09-30,578.88
60949,1509,2025-10-31,980.15
60950,1509,2025-11-30,1286.26
60951,1509,2025-12-31,1161.99
60952,1510,2024-09-30,1661.37
60953,1510,2024-10-31,1203.23
60954,1510,2024-11-30,715.26
60955,1510,2024-12-31,687.76
60956,1510,2025-01-31,704.76
60957,1510,2025-02-28,928.26
60958,1510,2025-03-31,531.95
60959,1510,2025-04-30,1596.43
60960,1510,2025-05-31,621.05
60961,1510,2025-06-30,1054.38
60962,1510,2025-07-31,609.72
60963,1510,2025-08-31,417.83
60964,1510,2025-09-30,1004.04
60965,1510,2025-10-31,618.76
60966,1510,2025-11-30,540.31
60967,1510,2025-12-31,1614.27
60968,1511,2024-11-30,404.41
60969,1511,2024-12-31,680.56
60970,1511,2025-01-31,391.13
60971,1511,2025-02-28,346.19
60972,1511,2025-03-31,424.07
60973,1511,2025-04-30,573.62
60974,1511,2025-05-31,651.59
60975,1511,2025-06-30,504.98
60976,1511,2025-07-31,321.37
60977,1511,2025-08-31,379.4
60978,1511,2025-09-30,352.63
60979,1511,2025-10-31,454.66
60980,1511,2025-11-30,464.36
60981,1511,2025-12-31,456.65
60982,1512,2024-01-31,878.97
60983,1512,2024-02-29,836.54
60984,1512,2024-03-31,518.98
60985,1512,2024-04-30,1300.68
60986,1512,2024-05-31,901.36
60987,1512,2024-06-30,966.68
60988,1512,2024-07-31,1117.72
60989,1512,2024-08-31,1343.82
60990,1512,2024-09-30,837.16
60991,1512,2024-10-31,1155.54
60992,1512,2024-11-30,503.68
60993,1512,2024-12-31,900.21
60994,1512,2025-01-31,1055.14
60995,1512,2025-02-28,597.2
60996,1512,2025-03-31,775.19
60997,1512,2025-04-30,691.46
60998,1512,2025-05-31,739.31
60999,1512,2025-06-30,414.88
61000,1512,2025-07-31,977.58
61001,1512,2025-08-31,668.36
61002,1512,2025-09-30,1006.32
61003,1512,2025-10-31,504.58
61004,1512,2025-11-30,906.64
61005,1512,2025-12-31,839.97
61006,1513,2024-01-31,1009.04
61007,1513,2024-02-29,951.19
61008,1513,2024-03-31,793.53
61009,1513,2024-04-30,811.53
61010,1513,2024-05-31,735.8
61011,1513,2024-06-30,1018.04
61012,1513,2024-07-31,1176.41
61013,1513,2024-08-31,538.82
61014,1513,2024-09-30,632.28
61015,1513,2024-10-31,1162.22
61016,1513,2024-11-30,1298.6
61017,1513,2024-12-31,1065.0
61018,1513,2025-01-31,758.21
61019,1513,2025-02-28,768.86
61020,1513,2025-03-31,828.59
61021,1513,2025-04-30,880.05
61022,1513,2025-05-31,1394.49
61023,1513,2025-06-30,1114.02
61024,1513,2025-07-31,1337.64
61025,1513,2025-08-31,1303.29
61026,1513,2025-09-30,395.07
61027,1513,2025-10-31,506.43
61028,1513,2025-11-30,908.71
61029,1513,2025-12-31,1155.2
61030,1514,2024-09-30,996.63
61031,1514,2024-10-31,505.45
61032,1514,2024-11-30,441.58
61033,1514,2024-12-31,591.19
61034,1514,2025-01-31,850.92
61035,1514,2025-02-28,849.72
61036,1514,2025-03-31,955.18
61037,1514,2025-04-30,949.63
61038,1514,2025-05-31,617.26
61039,1514,2025-06-30,818.42
61040,1514,2025-07-31,698.89
61041,1514,2025-08-31,442.99
61042,1514,2025-09-30,681.47
61043,1514,2025-10-31,1162.45
61044,1514,2025-11-30,824.29
61045,1514,2025-12-31,578.09
61046,1515,2024-10-31,1006.39
61047,1515,2024-11-30,608.95
61048,1515,2024-12-31,808.41
61049,1515,2025-01-31,786.71
61050,1515,2025-02-28,1089.99
61051,1515,2025-03-31,1318.73
61052,1515,2025-04-30,617.65
61053,1515,2025-05-31,986.04
61054,1515,2025-06-30,1501.68
61055,1515,2025-07-31,609.16
61056,1515,2025-08-31,1122.59
61057,1515,2025-09-30,625.05
61058,1515,2025-10-31,1139.68
61059,1515,2025-11-30,1272.98
61060,1515,2025-12-31,1457.04
61061,1516,2024-01-31,916.24
61062,1516,2024-02-29,1025.57
61063,1516,2024-03-31,967.59
61064,1516,2024-04-30,1093.78
61065,1516,2024-05-31,1462.26
61066,1516,2024-06-30,881.08
61067,1516,2024-07-31,1302.22
61068,1516,2024-08-31,851.2
61069,1516,2024-09-30,1434.52
61070,1516,2024-10-31,1273.59
61071,1516,2024-11-30,619.42
61072,1516,2024-12-31,1214.49
61073,1516,2025-01-31,726.38
61074,1516,2025-02-28,399.04
61075,1516,2025-03-31,980.86
61076,1516,2025-04-30,1399.39
61077,1516,2025-05-31,910.01
61078,1516,2025-06-30,1289.62
61079,1516,2025-07-31,534.84
61080,1516,2025-08-31,1072.86
61081,1516,2025-09-30,821.7
61082,1516,2025-10-31,767.16
61083,1516,2025-11-30,540.47
61084,1516,2025-12-31,459.86
61085,1517,2024-02-29,1034.62
61086,1517,2024-03-31,499.69
61087,1517,2024-04-30,728.9
61088,1517,2024-05-31,1101.76
61089,1517,2024-06-30,985.08
61090,1517,2024-07-31,1220.31
61091,1517,2024-08-31,710.97
61092,1517,2024-09-30,1055.83
61093,1517,2024-10-31,1117.33
61094,1517,2024-11-30,956.32
61095,1517,2024-12-31,625.94
61096,1517,2025-01-31,495.71
61097,1517,2025-02-28,1503.83
61098,1517,2025-03-31,474.61
61099,1517,2025-04-30,1134.92
61100,1517,2025-05-31,1717.97
61101,1517,2025-06-30,660.82
61102,1517,2025-07-31,1091.6
61103,1517,2025-08-31,1218.8
61104,1517,2025-09-30,1108.79
61105,1517,2025-10-31,558.48
61106,1517,2025-11-30,795.73
61107,1517,2025-12-31,1387.23
61108,1518,2024-01-31,350.87
61109,1518,2024-02-29,706.75
61110,1518,2024-03-31,872.67
61111,1518,2024-04-30,1199.11
61112,1518,2024-05-31,742.11
61113,1518,2024-06-30,856.53
61114,1518,2024-07-31,585.09
61115,1518,2024-08-31,848.16
61116,1518,2024-09-30,841.8
61117,1518,2024-10-31,962.72
61118,1518,2024-11-30,926.93
61119,1518,2024-12-31,399.9
61120,1518,2025-01-31,821.64
61121,1518,2025-02-28,748.63
61122,1518,2025-03-31,601.97
61123,1518,2025-04-30,473.55
61124,1518,2025-05-31,753.36
61125,1518,2025-06-30,518.65
61126,1518,2025-07-31,784.0
61127,1518,2025-08-31,432.15
61128,1518,2025-09-30,537.67
61129,1518,2025-10-31,927.91
61130,1518,2025-11-30,923.84
61131,1518,2025-12-31,860.78
61132,1519,2024-01-31,488.05
61133,1519,2024-02-29,634.39
61134,1519,2024-03-31,1173.33
61135,1519,2024-04-30,1149.16
61136,1519,2024-05-31,752.94
61137,1519,2024-06-30,977.4
61138,1519,2024-07-31,1014.08
61139,1519,2024-08-31,707.67
61140,1519,2024-09-30,1345.54
61141,1519,2024-10-31,1854.98
61142,1519,2024-11-30,1141.57
61143,1519,2024-12-31,571.32
61144,1519,2025-01-31,1894.38
61145,1519,2025-02-28,793.63
61146,1519,2025-03-31,607.42
61147,1519,2025-04-30,968.73
61148,1519,2025-05-31,1058.39
61149,1519,2025-06-30,964.57
61150,1519,2025-07-31,833.05
61151,1519,2025-08-31,507.01
61152,1519,2025-09-30,815.95
61153,1519,2025-10-31,1588.08
61154,1519,2025-11-30,1073.9
61155,1519,2025-12-31,1029.74
61156,1520,2024-11-30,1281.96
61157,1520,2024-12-31,1413.29
61158,1520,2025-01-31,1376.33
61159,1520,2025-02-28,2082.48
61160,1520,2025-03-31,747.77
61161,1520,2025-04-30,1219.67
61162,1520,2025-05-31,691.12
61163,1520,2025-06-30,1345.58
61164,1520,2025-07-31,778.2
61165,1520,2025-08-31,994.29
61166,1520,2025-09-30,1068.07
61167,1520,2025-10-31,1070.49
61168,1520,2025-11-30,1335.58
61169,1520,2025-12-31,1714.67
61170,1521,2024-01-31,406.34
61171,1521,2024-02-29,778.8
61172,1521,2024-03-31,330.48
61173,1521,2024-04-30,734.44
61174,1521,2024-05-31,366.38
61175,1521,2024-06-30,395.93
61176,1521,2024-07-31,340.14
61177,1521,2024-08-31,447.02
61178,1521,2024-09-30,628.31
61179,1521,2024-10-31,884.51
61180,1521,2024-11-30,298.62
61181,1521,2024-12-31,911.77
61182,1521,2025-01-31,549.56
61183,1521,2025-02-28,360.42
61184,1521,2025-03-31,685.94
61185,1521,2025-04-30,462.45
61186,1521,2025-05-31,483.88
61187,1521,2025-06-30,567.75
61188,1521,2025-07-31,562.95
61189,1521,2025-08-31,396.44
61190,1521,2025-09-30,531.81
61191,1521,2025-10-31,785.18
61192,1521,2025-11-30,425.11
61193,1521,2025-12-31,635.04
61194,1522,2024-01-31,498.08
61195,1522,2024-02-29,456.13
61196,1522,2024-03-31,274.97
61197,1522,2024-04-30,450.5
61198,1522,2024-05-31,555.94
61199,1522,2024-06-30,536.54
61200,1522,2024-07-31,414.22
61201,1522,2024-08-31,554.51
61202,1522,2024-09-30,442.49
61203,1522,2024-10-31,715.28
61204,1522,2024-11-30,710.47
61205,1522,2024-12-31,460.98
61206,1522,2025-01-31,728.2
61207,1522,2025-02-28,891.76
61208,1522,2025-03-31,250.0
61209,1522,2025-04-30,369.05
61210,1522,2025-05-31,527.68
61211,1522,2025-06-30,639.84
61212,1522,2025-07-31,275.49
61213,1522,2025-08-31,552.54
61214,1522,2025-09-30,516.92
61215,1522,2025-10-31,765.29
61216,1522,2025-11-30,816.37
61217,1522,2025-12-31,667.93
61218,1523,2024-05-31,930.74
61219,1523,2024-06-30,719.72
61220,1523,2024-07-31,1064.59
61221,1523,2024-08-31,1600.23
61222,1523,2024-09-30,1006.5
61223,1523,2024-10-31,1995.31
61224,1523,2024-11-30,1838.57
61225,1523,2024-12-31,1044.29
61226,1523,2025-01-31,1169.44
61227,1523,2025-02-28,552.08
61228,1523,2025-03-31,993.12
61229,1523,2025-04-30,769.43
61230,1523,2025-05-31,1512.73
61231,1523,2025-06-30,802.9
61232,1523,2025-07-31,1765.52
61233,1523,2025-08-31,736.2
61234,1523,2025-09-30,1388.63
61235,1523,2025-10-31,1507.71
61236,1523,2025-11-30,1362.73
61237,1523,2025-12-31,1284.08
61238,1524,2024-01-31,741.99
61239,1524,2024-02-29,798.73
61240,1524,2024-03-31,747.17
61241,1524,2024-04-30,435.09
61242,1524,2024-05-31,451.41
61243,1524,2024-06-30,824.47
61244,1524,2024-07-31,983.61
61245,1524,2024-08-31,486.32
61246,1524,2024-09-30,413.9
61247,1524,2024-10-31,600.92
61248,1524,2024-11-30,1204.99
61249,1524,2024-12-31,731.97
61250,1524,2025-01-31,872.77
61251,1524,2025-02-28,1058.24
61252,1524,2025-03-31,508.35
61253,1524,2025-04-30,672.24
61254,1524,2025-05-31,507.66
61255,1524,2025-06-30,976.37
61256,1524,2025-07-31,659.27
61257,1524,2025-08-31,977.45
61258,1524,2025-09-30,1154.01
61259,1524,2025-10-31,1070.09
61260,1524,2025-11-30,712.54
61261,1524,2025-12-31,351.43
61262,1525,2024-01-31,996.11
61263,1525,2024-02-29,1323.19
61264,1525,2024-03-31,1115.07
61265,1525,2024-04-30,764.5
61266,1525,2024-05-31,1035.21
61267,1525,2024-06-30,1188.77
61268,1525,2024-07-31,1366.98
61269,1525,2024-08-31,1025.76
61270,1525,2024-09-30,2111.53
61271,1525,2024-10-31,652.2
61272,1525,2024-11-30,1627.63
61273,1525,2024-12-31,1909.93
61274,1525,2025-01-31,817.58
61275,1525,2025-02-28,895.46
61276,1525,2025-03-31,1671.23
61277,1525,2025-04-30,1588.74
61278,1525,2025-05-31,617.07
61279,1525,2025-06-30,490.25
61280,1525,2025-07-31,678.26
61281,1525,2025-08-31,1828.03
61282,1525,2025-09-30,1652.36
61283,1525,2025-10-31,1088.71
61284,1525,2025-11-30,959.06
61285,1525,2025-12-31,698.4
61286,1526,2024-01-31,660.73
61287,1526,2024-02-29,772.29
61288,1526,2024-03-31,411.34
61289,1526,2024-04-30,1116.3
61290,1526,2024-05-31,434.9
61291,1526,2024-06-30,1067.61
61292,1526,2024-07-31,728.97
61293,1526,2024-08-31,910.04
61294,1526,2024-09-30,578.83
61295,1526,2024-10-31,425.96
61296,1526,2024-11-30,826.55
61297,1526,2024-12-31,1138.48
61298,1526,2025-01-31,599.68
61299,1526,2025-02-28,886.06
61300,1526,2025-03-31,881.57
61301,1526,2025-04-30,797.36
61302,1526,2025-05-31,982.77
61303,1526,2025-06-30,861.79
61304,1526,2025-07-31,625.46
61305,1526,2025-08-31,953.96
61306,1526,2025-09-30,1004.02
61307,1526,2025-10-31,426.86
61308,1526,2025-11-30,1329.27
61309,1526,2025-12-31,406.07
61310,1527,2024-01-31,1519.25
61311,1527,2024-02-29,815.61
61312,1527,2024-03-31,1123.93
61313,1527,2024-04-30,1754.01
61314,1527,2024-05-31,1185.29
61315,1527,2024-06-30,1456.03
61316,1527,2024-07-31,1531.31
61317,1527,2024-08-31,1045.55
61318,1527,2024-09-30,1557.71
61319,1527,2024-10-31,908.78
61320,1527,2024-11-30,1885.97
61321,1527,2024-12-31,934.99
61322,1527,2025-01-31,995.9
61323,1527,2025-02-28,1780.92
61324,1527,2025-03-31,834.71
61325,1527,2025-04-30,2082.45
61326,1527,2025-05-31,1484.85
61327,1527,2025-06-30,1635.81
61328,1527,2025-07-31,607.47
61329,1527,2025-08-31,1711.3
61330,1527,2025-09-30,1505.28
61331,1527,2025-10-31,1519.66
61332,1527,2025-11-30,1242.94
61333,1527,2025-12-31,1855.42
61334,1528,2024-01-31,1116.89
61335,1528,2024-02-29,1439.79
61336,1528,2024-03-31,461.41
61337,1528,2024-04-30,915.47
61338,1528,2024-05-31,836.58
61339,1528,2024-06-30,1463.52
61340,1528,2024-07-31,1055.86
61341,1528,2024-08-31,858.14
61342,1528,2024-09-30,918.75
61343,1528,2024-10-31,763.17
61344,1528,2024-11-30,517.92
61345,1528,2024-12-31,1154.11
61346,1528,2025-01-31,1374.91
61347,1528,2025-02-28,788.65
61348,1528,2025-03-31,995.1
61349,1528,2025-04-30,710.46
61350,1528,2025-05-31,864.16
61351,1528,2025-06-30,1195.42
61352,1528,2025-07-31,1145.19
61353,1528,2025-08-31,944.89
61354,1528,2025-09-30,730.55
61355,1528,2025-10-31,668.82
61356,1528,2025-11-30,878.62
61357,1528,2025-12-31,1225.2
61358,1529,2024-01-31,804.42
61359,1529,2024-02-29,1357.2
61360,1529,2024-03-31,1325.01
61361,1529,2024-04-30,1108.15
61362,1529,2024-05-31,893.53
61363,1529,2024-06-30,414.66
61364,1529,2024-07-31,1241.74
61365,1529,2024-08-31,712.69
61366,1529,2024-09-30,1285.07
61367,1529,2024-10-31,545.41
61368,1529,2024-11-30,1005.17
61369,1529,2024-12-31,1518.25
61370,1529,2025-01-31,588.56
61371,1529,2025-02-28,1011.49
61372,1529,2025-03-31,857.87
61373,1529,2025-04-30,1465.0
61374,1529,2025-05-31,646.79
61375,1529,2025-06-30,442.02
61376,1529,2025-07-31,737.43
61377,1529,2025-08-31,1033.22
61378,1529,2025-09-30,936.42
61379,1529,2025-10-31,996.71
61380,1529,2025-11-30,1070.02
61381,1529,2025-12-31,1280.83
61382,1530,2024-01-31,1418.15
61383,1530,2024-02-29,1258.84
61384,1530,2024-03-31,1732.44
61385,1530,2024-04-30,1228.26
61386,1530,2024-05-31,956.48
61387,1530,2024-06-30,875.3
61388,1530,2024-07-31,1381.94
61389,1530,2024-08-31,1518.44
61390,1530,2024-09-30,1863.67
61391,1530,2024-10-31,845.91
61392,1530,2024-11-30,910.69
61393,1530,2024-12-31,1231.84
61394,1530,2025-01-31,822.21
61395,1530,2025-02-28,1682.04
61396,1530,2025-03-31,1884.1
61397,1530,2025-04-30,522.95
61398,1530,2025-05-31,1399.06
61399,1530,2025-06-30,1776.75
61400,1530,2025-07-31,1042.53
61401,1530,2025-08-31,1280.54
61402,1530,2025-09-30,1644.23
61403,1530,2025-10-31,794.74
61404,1530,2025-11-30,760.18
61405,1530,2025-12-31,1292.76
61406,1531,2024-01-31,1189.93
61407,1531,2024-02-29,554.16
61408,1531,2024-03-31,1259.52
61409,1531,2024-04-30,940.14
61410,1531,2024-05-31,1114.18
61411,1531,2024-06-30,520.61
61412,1531,2024-07-31,560.81
61413,1531,2024-08-31,1038.75
61414,1531,2024-09-30,484.94
61415,1531,2024-10-31,388.55
61416,1531,2024-11-30,625.84
61417,1531,2024-12-31,764.33
61418,1531,2025-01-31,1399.5
61419,1531,2025-02-28,389.98
61420,1531,2025-03-31,712.76
61421,1531,2025-04-30,508.94
61422,1531,2025-05-31,877.84
61423,1531,2025-06-30,732.04
61424,1531,2025-07-31,880.53
61425,1531,2025-08-31,782.9
61426,1531,2025-09-30,892.2
61427,1531,2025-10-31,623.14
61428,1531,2025-11-30,925.15
61429,1531,2025-12-31,634.96
61430,1532,2024-01-31,595.3
61431,1532,2024-02-29,567.47
61432,1532,2024-03-31,607.57
61433,1532,2024-04-30,621.53
61434,1532,2024-05-31,701.82
61435,1532,2024-06-30,474.71
61436,1532,2024-07-31,839.3
61437,1532,2024-08-31,360.28
61438,1532,2024-09-30,869.4
61439,1532,2024-10-31,420.28
61440,1532,2024-11-30,758.11
61441,1532,2024-12-31,369.02
61442,1532,2025-01-31,734.5
61443,1532,2025-02-28,545.89
61444,1532,2025-03-31,985.22
61445,1532,2025-04-30,429.51
61446,1532,2025-05-31,349.11
61447,1532,2025-06-30,476.72
61448,1532,2025-07-31,346.57
61449,1532,2025-08-31,900.73
61450,1532,2025-09-30,767.67
61451,1532,2025-10-31,563.93
61452,1532,2025-11-30,275.43
61453,1532,2025-12-31,1066.82
61454,1533,2024-02-29,508.94
61455,1533,2024-03-31,1098.58
61456,1533,2024-04-30,1069.54
61457,1533,2024-05-31,1232.9
61458,1533,2024-06-30,700.38
61459,1533,2024-07-31,665.46
61460,1533,2024-08-31,1191.42
61461,1533,2024-09-30,885.66
61462,1533,2024-10-31,904.14
61463,1533,2024-11-30,691.13
61464,1533,2024-12-31,1110.67
61465,1533,2025-01-31,903.11
61466,1533,2025-02-28,421.64
61467,1533,2025-03-31,928.19
61468,1533,2025-04-30,604.33
61469,1533,2025-05-31,498.41
61470,1533,2025-06-30,640.66
61471,1533,2025-07-31,669.91
61472,1533,2025-08-31,893.36
61473,1533,2025-09-30,327.51
61474,1533,2025-10-31,678.96
61475,1533,2025-11-30,706.82
61476,1533,2025-12-31,496.07
61477,1534,2024-10-31,813.76
61478,1534,2024-11-30,745.21
61479,1534,2024-12-31,988.26
61480,1534,2025-01-31,947.75
61481,1534,2025-02-28,871.09
61482,1534,2025-03-31,1178.66
61483,1534,2025-04-30,440.23
61484,1534,2025-05-31,1449.62
61485,1534,2025-06-30,1312.36
61486,1534,2025-07-31,1340.77
61487,1534,2025-08-31,1301.86
61488,1534,2025-09-30,1130.16
61489,1534,2025-10-31,922.02
61490,1534,2025-11-30,1353.32
61491,1534,2025-12-31,1220.81
61492,1535,2024-08-31,490.64
61493,1535,2024-09-30,711.98
61494,1535,2024-10-31,494.11
61495,1535,2024-11-30,257.31
61496,1535,2024-12-31,489.28
61497,1535,2025-01-31,251.81
61498,1535,2025-02-28,350.96
61499,1535,2025-03-31,250.0
61500,1535,2025-04-30,417.06
61501,1535,2025-05-31,673.15
61502,1535,2025-06-30,537.5
61503,1535,2025-07-31,250.0
61504,1535,2025-08-31,547.14
61505,1535,2025-09-30,680.52
61506,1535,2025-10-31,585.35
61507,1535,2025-11-30,755.71
61508,1535,2025-12-31,439.11
61509,1536,2024-01-31,434.75
61510,1536,2024-02-29,969.08
61511,1536,2024-03-31,1184.16
61512,1536,2024-04-30,1077.29
61513,1536,2024-05-31,1035.78
61514,1536,2024-06-30,1131.06
61515,1536,2024-07-31,1100.81
61516,1536,2024-08-31,1126.39
61517,1536,2024-09-30,970.08
61518,1536,2024-10-31,709.56
61519,1536,2024-11-30,1328.0
61520,1536,2024-12-31,729.96
61521,1536,2025-01-31,1027.01
61522,1536,2025-02-28,723.35
61523,1536,2025-03-31,392.99
61524,1536,2025-04-30,1704.19
61525,1536,2025-05-31,955.38
61526,1536,2025-06-30,565.27
61527,1536,2025-07-31,1287.87
61528,1536,2025-08-31,1051.22
61529,1536,2025-09-30,1159.3
61530,1536,2025-10-31,1003.65
61531,1536,2025-11-30,748.14
61532,1536,2025-12-31,765.29
61533,1537,2024-10-31,483.74
61534,1537,2024-11-30,1159.01
61535,1537,2024-12-31,838.92
61536,1537,2025-01-31,571.62
61537,1537,2025-02-28,401.68
61538,1537,2025-03-31,591.84
61539,1537,2025-04-30,715.94
61540,1537,2025-05-31,932.53
61541,1537,2025-06-30,862.82
61542,1537,2025-07-31,464.79
61543,1537,2025-08-31,835.51
61544,1537,2025-09-30,810.58
61545,1537,2025-10-31,862.82
61546,1537,2025-11-30,468.43
61547,1537,2025-12-31,526.81
61548,1538,2024-01-31,1117.28
61549,1538,2024-02-29,1063.87
61550,1538,2024-03-31,734.72
61551,1538,2024-04-30,1157.88
61552,1538,2024-05-31,1009.28
61553,1538,2024-06-30,1447.58
61554,1538,2024-07-31,1391.06
61555,1538,2024-08-31,599.88
61556,1538,2024-09-30,1391.41
61557,1538,2024-10-31,1061.94
61558,1538,2024-11-30,798.9
61559,1538,2024-12-31,735.37
61560,1538,2025-01-31,1459.45
61561,1538,2025-02-28,786.13
61562,1538,2025-03-31,970.83
61563,1538,2025-04-30,764.74
61564,1538,2025-05-31,894.97
61565,1538,2025-06-30,1548.87
61566,1538,2025-07-31,1424.29
61567,1538,2025-08-31,1139.23
61568,1538,2025-09-30,1250.5
61569,1538,2025-10-31,1010.27
61570,1538,2025-11-30,1209.8
61571,1538,2025-12-31,595.07
61572,1539,2024-01-31,298.84
61573,1539,2024-02-29,394.82
61574,1539,2024-03-31,302.71
61575,1539,2024-04-30,250.0
61576,1539,2024-05-31,271.26
61577,1539,2024-06-30,293.4
61578,1539,2024-07-31,451.68
61579,1539,2024-08-31,254.02
61580,1539,2024-09-30,475.9
61581,1539,2024-10-31,417.07
61582,1539,2024-11-30,250.0
61583,1539,2024-12-31,250.0
61584,1539,2025-01-31,250.0
61585,1539,2025-02-28,423.04
61586,1539,2025-03-31,362.94
61587,1539,2025-04-30,250.0
61588,1539,2025-05-31,250.0
61589,1539,2025-06-30,254.66
61590,1539,2025-07-31,304.94
61591,1539,2025-08-31,250.0
61592,1539,2025-09-30,333.74
61593,1539,2025-10-31,368.11
61594,1539,2025-11-30,250.0
61595,1539,2025-12-31,250.0
61596,1540,2024-01-31,502.31
61597,1540,2024-02-29,490.53
61598,1540,2024-03-31,842.88
61599,1540,2024-04-30,793.21
61600,1540,2024-05-31,784.3
61601,1540,2024-06-30,574.5
61602,1540,2024-07-31,932.76
61603,1540,2024-08-31,752.14
61604,1540,2024-09-30,970.9
61605,1540,2024-10-31,861.85
61606,1540,2024-11-30,921.78
61607,1540,2024-12-31,800.81
61608,1540,2025-01-31,613.39
61609,1540,2025-02-28,670.97
61610,1540,2025-03-31,916.21
61611,1540,2025-04-30,570.73
61612,1540,2025-05-31,903.97
61613,1540,2025-06-30,762.5
61614,1540,2025-07-31,1046.09
61615,1540,2025-08-31,1033.1
61616,1540,2025-09-30,363.21
61617,1540,2025-10-31,498.49
61618,1540,2025-11-30,348.58
61619,1540,2025-12-31,682.29
61620,1541,2024-06-30,353.33
61621,1541,2024-07-31,416.59
61622,1541,2024-08-31,519.92
61623,1541,2024-09-30,250.96
61624,1541,2024-10-31,351.56
61625,1541,2024-11-30,250.0
61626,1541,2024-12-31,372.55
61627,1541,2025-01-31,250.0
61628,1541,2025-02-28,284.29
61629,1541,2025-03-31,503.06
61630,1541,2025-04-30,250.0
61631,1541,2025-05-31,420.01
61632,1541,2025-06-30,302.88
61633,1541,2025-07-31,250.0
61634,1541,2025-08-31,277.24
61635,1541,2025-09-30,250.0
61636,1541,2025-10-31,476.53
61637,1541,2025-11-30,420.37
61638,1541,2025-12-31,581.81
61639,1542,2024-08-31,896.88
61640,1542,2024-09-30,565.63
61641,1542,2024-10-31,442.6
61642,1542,2024-11-30,660.44
61643,1542,2024-12-31,673.43
61644,1542,2025-01-31,610.61
61645,1542,2025-02-28,562.44
61646,1542,2025-03-31,1043.77
61647,1542,2025-04-30,902.05
61648,1542,2025-05-31,472.1
61649,1542,2025-06-30,903.29
61650,1542,2025-07-31,772.02
61651,1542,2025-08-31,955.29
61652,1542,2025-09-30,454.99
61653,1542,2025-10-31,354.92
61654,1542,2025-11-30,696.94
61655,1542,2025-12-31,793.41
61656,1543,2024-01-31,618.87
61657,1543,2024-02-29,1137.27
61658,1543,2024-03-31,1299.07
61659,1543,2024-04-30,685.54
61660,1543,2024-05-31,1339.53
61661,1543,2024-06-30,1044.97
61662,1543,2024-07-31,674.15
61663,1543,2024-08-31,602.99
61664,1543,2024-09-30,1045.16
61665,1543,2024-10-31,636.69
61666,1543,2024-11-30,447.87
61667,1543,2024-12-31,875.67
61668,1543,2025-01-31,725.61
61669,1543,2025-02-28,1656.24
61670,1543,2025-03-31,1469.35
61671,1543,2025-04-30,1006.18
61672,1543,2025-05-31,1016.49
61673,1543,2025-06-30,905.25
61674,1543,2025-07-31,492.73
61675,1543,2025-08-31,558.82
61676,1543,2025-09-30,1060.83
61677,1543,2025-10-31,646.43
61678,1543,2025-11-30,548.37
61679,1543,2025-12-31,1255.6
61680,1544,2024-01-31,1392.01
61681,1544,2024-02-29,442.9
61682,1544,2024-03-31,627.48
61683,1544,2024-04-30,953.01
61684,1544,2024-05-31,514.25
61685,1544,2024-06-30,554.17
61686,1544,2024-07-31,1298.44
61687,1544,2024-08-31,891.8
61688,1544,2024-09-30,598.01
61689,1544,2024-10-31,1360.82
61690,1544,2024-11-30,745.9
61691,1544,2024-12-31,528.77
61692,1544,2025-01-31,777.72
61693,1544,2025-02-28,844.58
61694,1544,2025-03-31,651.75
61695,1544,2025-04-30,580.31
61696,1544,2025-05-31,846.32
61697,1544,2025-06-30,428.74
61698,1544,2025-07-31,1186.62
61699,1544,2025-08-31,1027.47
61700,1544,2025-09-30,647.3
61701,1544,2025-10-31,1178.05
61702,1544,2025-11-30,971.58
61703,1544,2025-12-31,684.2
61704,1545,2024-01-31,633.51
61705,1545,2024-02-29,1204.7
61706,1545,2024-03-31,941.06
61707,1545,2024-04-30,650.36
61708,1545,2024-05-31,1124.0
61709,1545,2024-06-30,417.21
61710,1545,2024-07-31,684.4
61711,1545,2024-08-31,560.38
61712,1545,2024-09-30,863.05
61713,1545,2024-10-31,405.39
61714,1545,2024-11-30,818.08
61715,1545,2024-12-31,1105.04
61716,1545,2025-01-31,517.98
61717,1545,2025-02-28,431.13
61718,1545,2025-03-31,651.64
61719,1545,2025-04-30,1238.13
61720,1545,2025-05-31,487.47
61721,1545,2025-06-30,1126.13
61722,1545,2025-07-31,744.44
61723,1545,2025-08-31,839.61
61724,1545,2025-09-30,413.13
61725,1545,2025-10-31,948.28
61726,1545,2025-11-30,1010.75
61727,1545,2025-12-31,574.85
61728,1546,2024-01-31,700.96
61729,1546,2024-02-29,1167.01
61730,1546,2024-03-31,714.81
61731,1546,2024-04-30,529.14
61732,1546,2024-05-31,443.84
61733,1546,2024-06-30,643.95
61734,1546,2024-07-31,450.13
61735,1546,2024-08-31,987.94
61736,1546,2024-09-30,927.69
61737,1546,2024-10-31,836.08
61738,1546,2024-11-30,918.22
61739,1546,2024-12-31,768.99
61740,1546,2025-01-31,565.97
61741,1546,2025-02-28,847.19
61742,1546,2025-03-31,846.35
61743,1546,2025-04-30,982.11
61744,1546,2025-05-31,897.66
61745,1546,2025-06-30,657.35
61746,1546,2025-07-31,1366.99
61747,1546,2025-08-31,1099.05
61748,1546,2025-09-30,999.35
61749,1546,2025-10-31,614.81
61750,1546,2025-11-30,681.11
61751,1546,2025-12-31,1061.66
61752,1547,2024-05-31,835.78
61753,1547,2024-06-30,602.01
61754,1547,2024-07-31,1304.56
61755,1547,2024-08-31,930.67
61756,1547,2024-09-30,698.04
61757,1547,2024-10-31,1467.13
61758,1547,2024-11-30,433.31
61759,1547,2024-12-31,798.87
61760,1547,2025-01-31,682.63
61761,1547,2025-02-28,543.3
61762,1547,2025-03-31,1039.64
61763,1547,2025-04-30,935.49
61764,1547,2025-05-31,456.05
61765,1547,2025-06-30,1251.91
61766,1547,2025-07-31,946.84
61767,1547,2025-08-31,829.55
61768,1547,2025-09-30,628.96
61769,1547,2025-10-31,358.49
61770,1547,2025-11-30,1166.2
61771,1547,2025-12-31,589.74
61772,1548,2024-01-31,540.21
61773,1548,2024-02-29,614.8
61774,1548,2024-03-31,474.02
61775,1548,2024-04-30,451.34
61776,1548,2024-05-31,436.47
61777,1548,2024-06-30,603.81
61778,1548,2024-07-31,538.57
61779,1548,2024-08-31,283.1
61780,1548,2024-09-30,681.37
61781,1548,2024-10-31,318.53
61782,1548,2024-11-30,481.71
61783,1548,2024-12-31,665.2
61784,1548,2025-01-31,327.6
61785,1548,2025-02-28,492.39
61786,1548,2025-03-31,744.61
61787,1548,2025-04-30,583.97
61788,1548,2025-05-31,467.48
61789,1548,2025-06-30,584.99
61790,1548,2025-07-31,600.75
61791,1548,2025-08-31,401.52
61792,1548,2025-09-30,262.44
61793,1548,2025-10-31,378.48
61794,1548,2025-11-30,658.84
61795,1548,2025-12-31,802.71
61796,1549,2024-01-31,867.67
61797,1549,2024-02-29,827.97
61798,1549,2024-03-31,1178.93
61799,1549,2024-04-30,711.55
61800,1549,2024-05-31,1142.67
61801,1549,2024-06-30,1006.09
61802,1549,2024-07-31,1582.49
61803,1549,2024-08-31,742.35
61804,1549,2024-09-30,1656.11
61805,1549,2024-10-31,1331.68
61806,1549,2024-11-30,1193.03
61807,1549,2024-12-31,1244.11
61808,1549,2025-01-31,1486.38
61809,1549,2025-02-28,1033.88
61810,1549,2025-03-31,1640.09
61811,1549,2025-04-30,1671.52
61812,1549,2025-05-31,720.6
61813,1549,2025-06-30,902.93
61814,1549,2025-07-31,840.61
61815,1549,2025-08-31,1245.85
61816,1549,2025-09-30,1739.7
61817,1549,2025-10-31,1097.85
61818,1549,2025-11-30,898.94
61819,1549,2025-12-31,524.82
61820,1550,2024-05-31,1412.76
61821,1550,2024-06-30,573.73
61822,1550,2024-07-31,1025.06
61823,1550,2024-08-31,1704.83
61824,1550,2024-09-30,1236.52
61825,1550,2024-10-31,1015.11
61826,1550,2024-11-30,1182.73
61827,1550,2024-12-31,790.86
61828,1550,2025-01-31,1287.29
61829,1550,2025-02-28,1118.82
61830,1550,2025-03-31,942.0
61831,1550,2025-04-30,817.41
61832,1550,2025-05-31,731.61
61833,1550,2025-06-30,1005.84
61834,1550,2025-07-31,1016.18
61835,1550,2025-08-31,637.19
61836,1550,2025-09-30,1025.25
61837,1550,2025-10-31,721.05
61838,1550,2025-11-30,1124.22
61839,1550,2025-12-31,1549.98
61840,1551,2024-08-31,536.72
61841,1551,2024-09-30,1082.76
61842,1551,2024-10-31,829.57
61843,1551,2024-11-30,1459.58
61844,1551,2024-12-31,1426.35
61845,1551,2025-01-31,952.8
61846,1551,2025-02-28,680.09
61847,1551,2025-03-31,1061.22
61848,1551,2025-04-30,614.58
61849,1551,2025-05-31,413.49
61850,1551,2025-06-30,1089.35
61851,1551,2025-07-31,930.24
61852,1551,2025-08-31,1112.92
61853,1551,2025-09-30,1099.85
61854,1551,2025-10-31,658.4
61855,1551,2025-11-30,486.01
61856,1551,2025-12-31,1160.73
61857,1552,2024-08-31,919.78
61858,1552,2024-09-30,728.77
61859,1552,2024-10-31,1282.94
61860,1552,2024-11-30,1416.85
61861,1552,2024-12-31,882.04
61862,1552,2025-01-31,831.76
61863,1552,2025-02-28,543.49
61864,1552,2025-03-31,690.33
61865,1552,2025-04-30,725.15
61866,1552,2025-05-31,887.75
61867,1552,2025-06-30,763.31
61868,1552,2025-07-31,1065.76
61869,1552,2025-08-31,1110.13
61870,1552,2025-09-30,1324.35
61871,1552,2025-10-31,734.47
61872,1552,2025-11-30,1055.31
61873,1552,2025-12-31,882.0
61874,1553,2024-01-31,813.84
61875,1553,2024-02-29,928.22
61876,1553,2024-03-31,1017.62
61877,1553,2024-04-30,773.69
61878,1553,2024-05-31,847.19
61879,1553,2024-06-30,626.86
61880,1553,2024-07-31,1230.41
61881,1553,2024-08-31,1094.55
61882,1553,2024-09-30,628.03
61883,1553,2024-10-31,928.6
61884,1553,2024-11-30,929.61
61885,1553,2024-12-31,1244.51
61886,1553,2025-01-31,593.49
61887,1553,2025-02-28,1534.04
61888,1553,2025-03-31,1177.44
61889,1553,2025-04-30,1110.39
61890,1553,2025-05-31,551.96
61891,1553,2025-06-30,766.67
61892,1553,2025-07-31,660.53
61893,1553,2025-08-31,1122.44
61894,1553,2025-09-30,1007.31
61895,1553,2025-10-31,1160.34
61896,1553,2025-11-30,1296.92
61897,1553,2025-12-31,1002.78
61898,1554,2024-03-31,1176.35
61899,1554,2024-04-30,1062.62
61900,1554,2024-05-31,1698.03
61901,1554,2024-06-30,1471.23
61902,1554,2024-07-31,1278.51
61903,1554,2024-08-31,2064.03
61904,1554,2024-09-30,1857.85
61905,1554,2024-10-31,2247.44
61906,1554,2024-11-30,2025.21
61907,1554,2024-12-31,1052.39
61908,1554,2025-01-31,909.1
61909,1554,2025-02-28,624.72
61910,1554,2025-03-31,1646.07
61911,1554,2025-04-30,734.07
61912,1554,2025-05-31,864.22
61913,1554,2025-06-30,890.56
61914,1554,2025-07-31,1067.23
61915,1554,2025-08-31,1843.22
61916,1554,2025-09-30,1516.23
61917,1554,2025-10-31,1660.41
61918,1554,2025-11-30,994.15
61919,1554,2025-12-31,1502.27
61920,1555,2024-10-31,1116.04
61921,1555,2024-11-30,810.48
61922,1555,2024-12-31,898.18
61923,1555,2025-01-31,926.01
61924,1555,2025-02-28,1231.85
61925,1555,2025-03-31,574.4
61926,1555,2025-04-30,554.94
61927,1555,2025-05-31,515.08
61928,1555,2025-06-30,324.38
61929,1555,2025-07-31,856.78
61930,1555,2025-08-31,938.76
61931,1555,2025-09-30,355.75
61932,1555,2025-10-31,1083.56
61933,1555,2025-11-30,596.48
61934,1555,2025-12-31,568.89
61935,1556,2024-07-31,580.78
61936,1556,2024-08-31,440.89
61937,1556,2024-09-30,903.93
61938,1556,2024-10-31,1066.89
61939,1556,2024-11-30,540.24
61940,1556,2024-12-31,410.52
61941,1556,2025-01-31,695.45
61942,1556,2025-02-28,692.67
61943,1556,2025-03-31,819.19
61944,1556,2025-04-30,1178.99
61945,1556,2025-05-31,1074.92
61946,1556,2025-06-30,708.54
61947,1556,2025-07-31,825.67
61948,1556,2025-08-31,730.97
61949,1556,2025-09-30,739.97
61950,1556,2025-10-31,930.21
61951,1556,2025-11-30,685.68
61952,1556,2025-12-31,590.46
61953,1557,2024-01-31,446.51
61954,1557,2024-02-29,459.61
61955,1557,2024-03-31,798.94
61956,1557,2024-04-30,958.89
61957,1557,2024-05-31,520.29
61958,1557,2024-06-30,1012.74
61959,1557,2024-07-31,523.93
61960,1557,2024-08-31,789.69
61961,1557,2024-09-30,601.9
61962,1557,2024-10-31,405.31
61963,1557,2024-11-30,704.0
61964,1557,2024-12-31,589.03
61965,1557,2025-01-31,753.69
61966,1557,2025-02-28,756.01
61967,1557,2025-03-31,364.72
61968,1557,2025-04-30,673.67
61969,1557,2025-05-31,693.29
61970,1557,2025-06-30,329.88
61971,1557,2025-07-31,296.58
61972,1557,2025-08-31,316.45
61973,1557,2025-09-30,898.53
61974,1557,2025-10-31,768.05
61975,1557,2025-11-30,565.88
61976,1557,2025-12-31,832.34
61977,1558,2024-01-31,929.31
61978,1558,2024-02-29,602.77
61979,1558,2024-03-31,331.03
61980,1558,2024-04-30,514.86
61981,1558,2024-05-31,951.53
61982,1558,2024-06-30,942.57
61983,1558,2024-07-31,733.92
61984,1558,2024-08-31,643.89
61985,1558,2024-09-30,843.43
61986,1558,2024-10-31,426.61
61987,1558,2024-11-30,621.05
61988,1558,2024-12-31,665.63
61989,1558,2025-01-31,752.05
61990,1558,2025-02-28,754.65
61991,1558,2025-03-31,406.11
61992,1558,2025-04-30,295.36
61993,1558,2025-05-31,359.66
61994,1558,2025-06-30,553.85
61995,1558,2025-07-31,399.09
61996,1558,2025-08-31,763.28
61997,1558,2025-09-30,379.42
61998,1558,2025-10-31,318.91
61999,1558,2025-11-30,838.22
62000,1558,2025-12-31,696.64
62001,1559,2024-10-31,366.69
62002,1559,2024-11-30,328.87
62003,1559,2024-12-31,705.39
62004,1559,2025-01-31,541.28
62005,1559,2025-02-28,344.07
62006,1559,2025-03-31,306.53
62007,1559,2025-04-30,534.67
62008,1559,2025-05-31,558.05
62009,1559,2025-06-30,690.93
62010,1559,2025-07-31,685.92
62011,1559,2025-08-31,520.23
62012,1559,2025-09-30,611.43
62013,1559,2025-10-31,250.0
62014,1559,2025-11-30,529.23
62015,1559,2025-12-31,663.91
62016,1560,2024-01-31,343.47
62017,1560,2024-02-29,853.05
62018,1560,2024-03-31,728.69
62019,1560,2024-04-30,653.85
62020,1560,2024-05-31,745.4
62021,1560,2024-06-30,394.71
62022,1560,2024-07-31,482.67
62023,1560,2024-08-31,595.98
62024,1560,2024-09-30,453.86
62025,1560,2024-10-31,576.61
62026,1560,2024-11-30,455.33
62027,1560,2024-12-31,469.58
62028,1560,2025-01-31,367.69
62029,1560,2025-02-28,500.27
62030,1560,2025-03-31,805.54
62031,1560,2025-04-30,583.2
62032,1560,2025-05-31,414.78
62033,1560,2025-06-30,590.36
62034,1560,2025-07-31,468.97
62035,1560,2025-08-31,560.98
62036,1560,2025-09-30,783.1
62037,1560,2025-10-31,812.46
62038,1560,2025-11-30,485.02
62039,1560,2025-12-31,654.61
62040,1561,2024-01-31,935.86
62041,1561,2024-02-29,1131.39
62042,1561,2024-03-31,1098.58
62043,1561,2024-04-30,704.97
62044,1561,2024-05-31,1042.32
62045,1561,2024-06-30,595.86
62046,1561,2024-07-31,483.08
62047,1561,2024-08-31,449.74
62048,1561,2024-09-30,448.44
62049,1561,2024-10-31,895.01
62050,1561,2024-11-30,675.48
62051,1561,2024-12-31,427.94
62052,1561,2025-01-31,1210.82
62053,1561,2025-02-28,610.29
62054,1561,2025-03-31,1358.11
62055,1561,2025-04-30,515.91
62056,1561,2025-05-31,1034.39
62057,1561,2025-06-30,1161.0
62058,1561,2025-07-31,466.86
62059,1561,2025-08-31,750.54
62060,1561,2025-09-30,1316.35
62061,1561,2025-10-31,1272.01
62062,1561,2025-11-30,493.61
62063,1561,2025-12-31,558.41
62064,1562,2024-01-31,804.22
62065,1562,2024-02-29,1526.15
62066,1562,2024-03-31,905.77
62067,1562,2024-04-30,1567.82
62068,1562,2024-05-31,797.46
62069,1562,2024-06-30,1269.86
62070,1562,2024-07-31,1224.94
62071,1562,2024-08-31,736.15
62072,1562,2024-09-30,792.33
62073,1562,2024-10-31,1483.1
62074,1562,2024-11-30,1052.37
62075,1562,2024-12-31,498.89
62076,1562,2025-01-31,650.24
62077,1562,2025-02-28,1394.13
62078,1562,2025-03-31,921.17
62079,1562,2025-04-30,1101.49
62080,1562,2025-05-31,643.33
62081,1562,2025-06-30,742.32
62082,1562,2025-07-31,1145.84
62083,1562,2025-08-31,1437.69
62084,1562,2025-09-30,843.62
62085,1562,2025-10-31,896.37
62086,1562,2025-11-30,631.86
62087,1562,2025-12-31,660.94
62088,1563,2024-10-31,712.72
62089,1563,2024-11-30,1060.8
62090,1563,2024-12-31,667.68
62091,1563,2025-01-31,773.66
62092,1563,2025-02-28,596.65
62093,1563,2025-03-31,437.82
62094,1563,2025-04-30,973.86
62095,1563,2025-05-31,690.53
62096,1563,2025-06-30,1014.25
62097,1563,2025-07-31,1348.3
62098,1563,2025-08-31,511.39
62099,1563,2025-09-30,618.74
62100,1563,2025-10-31,676.26
62101,1563,2025-11-30,1054.11
62102,1563,2025-12-31,1001.64
62103,1564,2024-01-31,592.47
62104,1564,2024-02-29,396.34
62105,1564,2024-03-31,783.43
62106,1564,2024-04-30,660.66
62107,1564,2024-05-31,505.72
62108,1564,2024-06-30,587.69
62109,1564,2024-07-31,811.0
62110,1564,2024-08-31,557.58
62111,1564,2024-09-30,606.13
62112,1564,2024-10-31,428.9
62113,1564,2024-11-30,440.54
62114,1564,2024-12-31,415.42
62115,1564,2025-01-31,888.47
62116,1564,2025-02-28,763.6
62117,1564,2025-03-31,721.24
62118,1564,2025-04-30,1007.01
62119,1564,2025-05-31,690.17
62120,1564,2025-06-30,592.43
62121,1564,2025-07-31,959.88
62122,1564,2025-08-31,504.61
62123,1564,2025-09-30,808.48
62124,1564,2025-10-31,367.34
62125,1564,2025-11-30,567.53
62126,1564,2025-12-31,419.42
62127,1565,2024-01-31,1836.69
62128,1565,2024-02-29,1657.19
62129,1565,2024-03-31,652.99
62130,1565,2024-04-30,1064.7
62131,1565,2024-05-31,877.58
62132,1565,2024-06-30,1299.7
62133,1565,2024-07-31,1024.22
62134,1565,2024-08-31,1387.47
62135,1565,2024-09-30,678.37
62136,1565,2024-10-31,1201.16
62137,1565,2024-11-30,690.72
62138,1565,2024-12-31,1056.31
62139,1565,2025-01-31,808.73
62140,1565,2025-02-28,1281.5
62141,1565,2025-03-31,1046.37
62142,1565,2025-04-30,1007.64
62143,1565,2025-05-31,1112.24
62144,1565,2025-06-30,1649.1
62145,1565,2025-07-31,1415.66
62146,1565,2025-08-31,958.12
62147,1565,2025-09-30,1224.02
62148,1565,2025-10-31,1013.05
62149,1565,2025-11-30,1056.8
62150,1565,2025-12-31,1351.67
62151,1566,2024-01-31,1054.68
62152,1566,2024-02-29,994.04
62153,1566,2024-03-31,1141.37
62154,1566,2024-04-30,1251.15
62155,1566,2024-05-31,763.83
62156,1566,2024-06-30,1096.4
62157,1566,2024-07-31,812.66
62158,1566,2024-08-31,550.43
62159,1566,2024-09-30,759.49
62160,1566,2024-10-31,488.37
62161,1566,2024-11-30,573.58
62162,1566,2024-12-31,728.14
62163,1566,2025-01-31,661.35
62164,1566,2025-02-28,670.51
62165,1566,2025-03-31,994.05
62166,1566,2025-04-30,678.79
62167,1566,2025-05-31,1139.64
62168,1566,2025-06-30,857.52
62169,1566,2025-07-31,1408.44
62170,1566,2025-08-31,1336.4
62171,1566,2025-09-30,1635.06
62172,1566,2025-10-31,592.31
62173,1566,2025-11-30,624.82
62174,1566,2025-12-31,1420.15
62175,1567,2024-01-31,1074.23
62176,1567,2024-02-29,619.7
62177,1567,2024-03-31,786.8
62178,1567,2024-04-30,897.84
62179,1567,2024-05-31,1047.42
62180,1567,2024-06-30,482.6
62181,1567,2024-07-31,446.04
62182,1567,2024-08-31,679.64
62183,1567,2024-09-30,1083.35
62184,1567,2024-10-31,443.5
62185,1567,2024-11-30,674.93
62186,1567,2024-12-31,394.05
62187,1567,2025-01-31,386.43
62188,1567,2025-02-28,633.5
62189,1567,2025-03-31,548.06
62190,1567,2025-04-30,1112.72
62191,1567,2025-05-31,438.5
62192,1567,2025-06-30,869.08
62193,1567,2025-07-31,1229.15
62194,1567,2025-08-31,1067.2
62195,1567,2025-09-30,627.28
62196,1567,2025-10-31,465.62
62197,1567,2025-11-30,475.23
62198,1567,2025-12-31,841.28
62199,1568,2024-01-31,848.11
62200,1568,2024-02-29,554.86
62201,1568,2024-03-31,951.47
62202,1568,2024-04-30,484.04
62203,1568,2024-05-31,673.9
62204,1568,2024-06-30,437.85
62205,1568,2024-07-31,618.9
62206,1568,2024-08-31,989.54
62207,1568,2024-09-30,335.88
62208,1568,2024-10-31,1046.09
62209,1568,2024-11-30,672.8
62210,1568,2024-12-31,870.64
62211,1568,2025-01-31,1043.66
62212,1568,2025-02-28,803.43
62213,1568,2025-03-31,702.14
62214,1568,2025-04-30,845.43
62215,1568,2025-05-31,313.08
62216,1568,2025-06-30,903.34
62217,1568,2025-07-31,875.21
62218,1568,2025-08-31,369.56
62219,1568,2025-09-30,561.85
62220,1568,2025-10-31,644.96
62221,1568,2025-11-30,355.96
62222,1568,2025-12-31,470.65
62223,1569,2024-01-31,1619.57
62224,1569,2024-02-29,624.82
62225,1569,2024-03-31,1164.8
62226,1569,2024-04-30,960.84
62227,1569,2024-05-31,940.33
62228,1569,2024-06-30,1260.73
62229,1569,2024-07-31,1174.8
62230,1569,2024-08-31,957.16
62231,1569,2024-09-30,1317.4
62232,1569,2024-10-31,789.38
62233,1569,2024-11-30,1074.41
62234,1569,2024-12-31,535.97
62235,1569,2025-01-31,687.73
62236,1569,2025-02-28,894.14
62237,1569,2025-03-31,1397.7
62238,1569,2025-04-30,1153.32
62239,1569,2025-05-31,641.03
62240,1569,2025-06-30,634.73
62241,1569,2025-07-31,1378.03
62242,1569,2025-08-31,846.3
62243,1569,2025-09-30,662.81
62244,1569,2025-10-31,673.01
62245,1569,2025-11-30,1020.05
62246,1569,2025-12-31,743.6
62247,1570,2024-01-31,392.06
62248,1570,2024-02-29,932.02
62249,1570,2024-03-31,494.7
62250,1570,2024-04-30,1091.67
62251,1570,2024-05-31,661.93
62252,1570,2024-06-30,712.77
62253,1570,2024-07-31,815.43
62254,1570,2024-08-31,1257.75
62255,1570,2024-09-30,645.37
62256,1570,2024-10-31,648.99
62257,1570,2024-11-30,840.43
62258,1570,2024-12-31,495.77
62259,1570,2025-01-31,1260.95
62260,1570,2025-02-28,583.61
62261,1570,2025-03-31,1183.78
62262,1570,2025-04-30,642.67
62263,1570,2025-05-31,923.63
62264,1570,2025-06-30,799.36
62265,1570,2025-07-31,1284.92
62266,1570,2025-08-31,880.07
62267,1570,2025-09-30,617.9
62268,1570,2025-10-31,966.95
62269,1570,2025-11-30,703.24
62270,1570,2025-12-31,886.18
62271,1571,2024-02-29,361.33
62272,1571,2024-03-31,409.35
62273,1571,2024-04-30,340.66
62274,1571,2024-05-31,405.55
62275,1571,2024-06-30,487.91
62276,1571,2024-07-31,430.18
62277,1571,2024-08-31,470.76
62278,1571,2024-09-30,286.85
62279,1571,2024-10-31,401.23
62280,1571,2024-11-30,272.7
62281,1571,2024-12-31,572.51
62282,1571,2025-01-31,250.22
62283,1571,2025-02-28,250.0
62284,1571,2025-03-31,360.21
62285,1571,2025-04-30,423.8
62286,1571,2025-05-31,328.13
62287,1571,2025-06-30,358.99
62288,1571,2025-07-31,356.02
62289,1571,2025-08-31,405.82
62290,1571,2025-09-30,617.49
62291,1571,2025-10-31,251.98
62292,1571,2025-11-30,549.19
62293,1571,2025-12-31,307.65
62294,1572,2024-02-29,775.85
62295,1572,2024-03-31,476.79
62296,1572,2024-04-30,688.97
62297,1572,2024-05-31,1079.58
62298,1572,2024-06-30,1332.3
62299,1572,2024-07-31,780.75
62300,1572,2024-08-31,738.69
62301,1572,2024-09-30,978.81
62302,1572,2024-10-31,865.0
62303,1572,2024-11-30,1186.29
62304,1572,2024-12-31,873.74
62305,1572,2025-01-31,672.65
62306,1572,2025-02-28,392.17
62307,1572,2025-03-31,424.68
62308,1572,2025-04-30,319.15
62309,1572,2025-05-31,985.23
62310,1572,2025-06-30,1232.09
62311,1572,2025-07-31,1178.88
62312,1572,2025-08-31,525.7
62313,1572,2025-09-30,576.44
62314,1572,2025-10-31,830.73
62315,1572,2025-11-30,400.97
62316,1572,2025-12-31,464.11
62317,1573,2024-11-30,548.44
62318,1573,2024-12-31,1469.39
62319,1573,2025-01-31,1057.99
62320,1573,2025-02-28,823.64
62321,1573,2025-03-31,954.46
62322,1573,2025-04-30,1317.43
62323,1573,2025-05-31,947.13
62324,1573,2025-06-30,975.68
62325,1573,2025-07-31,1127.36
62326,1573,2025-08-31,801.13
62327,1573,2025-09-30,1051.03
62328,1573,2025-10-31,816.57
62329,1573,2025-11-30,1377.6
62330,1573,2025-12-31,1114.2
62331,1574,2024-01-31,482.33
62332,1574,2024-02-29,791.78
62333,1574,2024-03-31,385.08
62334,1574,2024-04-30,712.26
62335,1574,2024-05-31,431.17
62336,1574,2024-06-30,435.8
62337,1574,2024-07-31,936.74
62338,1574,2024-08-31,326.66
62339,1574,2024-09-30,393.61
62340,1574,2024-10-31,638.18
62341,1574,2024-11-30,389.7
62342,1574,2024-12-31,834.06
62343,1574,2025-01-31,419.1
62344,1574,2025-02-28,335.15
62345,1574,2025-03-31,803.42
62346,1574,2025-04-30,516.75
62347,1574,2025-05-31,289.92
62348,1574,2025-06-30,827.16
62349,1574,2025-07-31,532.47
62350,1574,2025-08-31,670.13
62351,1574,2025-09-30,382.58
62352,1574,2025-10-31,372.85
62353,1574,2025-11-30,480.12
62354,1574,2025-12-31,556.29
62355,1575,2024-02-29,1291.92
62356,1575,2024-03-31,761.84
62357,1575,2024-04-30,667.67
62358,1575,2024-05-31,1093.67
62359,1575,2024-06-30,894.96
62360,1575,2024-07-31,854.82
62361,1575,2024-08-31,1317.87
62362,1575,2024-09-30,902.47
62363,1575,2024-10-31,616.46
62364,1575,2024-11-30,997.47
62365,1575,2024-12-31,569.03
62366,1575,2025-01-31,537.84
62367,1575,2025-02-28,590.67
62368,1575,2025-03-31,1480.57
62369,1575,2025-04-30,670.22
62370,1575,2025-05-31,983.46
62371,1575,2025-06-30,1058.24
62372,1575,2025-07-31,1076.26
62373,1575,2025-08-31,1036.29
62374,1575,2025-09-30,471.56
62375,1575,2025-10-31,1350.37
62376,1575,2025-11-30,832.87
62377,1575,2025-12-31,1129.51
62378,1576,2024-05-31,610.03
62379,1576,2024-06-30,292.78
62380,1576,2024-07-31,646.5
62381,1576,2024-08-31,694.77
62382,1576,2024-09-30,406.39
62383,1576,2024-10-31,428.74
62384,1576,2024-11-30,279.98
62385,1576,2024-12-31,452.57
62386,1576,2025-01-31,434.01
62387,1576,2025-02-28,502.24
62388,1576,2025-03-31,669.39
62389,1576,2025-04-30,443.58
62390,1576,2025-05-31,457.43
62391,1576,2025-06-30,327.02
62392,1576,2025-07-31,452.71
62393,1576,2025-08-31,563.34
62394,1576,2025-09-30,448.04
62395,1576,2025-10-31,250.0
62396,1576,2025-11-30,250.0
62397,1576,2025-12-31,434.83
62398,1577,2024-01-31,1165.52
62399,1577,2024-02-29,1169.32
62400,1577,2024-03-31,582.18
62401,1577,2024-04-30,1723.76
62402,1577,2024-05-31,1610.86
62403,1577,2024-06-30,1096.77
62404,1577,2024-07-31,1064.11
62405,1577,2024-08-31,1018.84
62406,1577,2024-09-30,936.73
62407,1577,2024-10-31,877.55
62408,1577,2024-11-30,1720.29
62409,1577,2024-12-31,770.61
62410,1577,2025-01-31,970.49
62411,1577,2025-02-28,659.12
62412,1577,2025-03-31,1163.96
62413,1577,2025-04-30,1543.37
62414,1577,2025-05-31,1291.96
62415,1577,2025-06-30,1622.22
62416,1577,2025-07-31,741.95
62417,1577,2025-08-31,866.05
62418,1577,2025-09-30,643.06
62419,1577,2025-10-31,649.73
62420,1577,2025-11-30,641.34
62421,1577,2025-12-31,989.1
62422,1578,2024-05-31,1632.3
62423,1578,2024-06-30,2117.26
62424,1578,2024-07-31,1991.99
62425,1578,2024-08-31,1735.66
62426,1578,2024-09-30,1645.61
62427,1578,2024-10-31,681.98
62428,1578,2024-11-30,860.78
62429,1578,2024-12-31,580.23
62430,1578,2025-01-31,1453.29
62431,1578,2025-02-28,970.93
62432,1578,2025-03-31,857.71
62433,1578,2025-04-30,801.25
62434,1578,2025-05-31,1543.7
62435,1578,2025-06-30,990.16
62436,1578,2025-07-31,1743.26
62437,1578,2025-08-31,722.17
62438,1578,2025-09-30,1338.71
62439,1578,2025-10-31,2075.07
62440,1578,2025-11-30,1508.09
62441,1578,2025-12-31,1433.29
62442,1579,2024-09-30,401.6
62443,1579,2024-10-31,704.48
62444,1579,2024-11-30,763.95
62445,1579,2024-12-31,824.86
62446,1579,2025-01-31,549.06
62447,1579,2025-02-28,868.83
62448,1579,2025-03-31,1007.82
62449,1579,2025-04-30,844.91
62450,1579,2025-05-31,566.0
62451,1579,2025-06-30,657.16
62452,1579,2025-07-31,547.73
62453,1579,2025-08-31,399.31
62454,1579,2025-09-30,766.97
62455,1579,2025-10-31,498.47
62456,1579,2025-11-30,1008.22
62457,1579,2025-12-31,670.17
62458,1580,2024-01-31,894.05
62459,1580,2024-02-29,1157.74
62460,1580,2024-03-31,668.09
62461,1580,2024-04-30,1141.19
62462,1580,2024-05-31,871.78
62463,1580,2024-06-30,1606.9
62464,1580,2024-07-31,1114.98
62465,1580,2024-08-31,995.07
62466,1580,2024-09-30,518.42
62467,1580,2024-10-31,859.97
62468,1580,2024-11-30,649.76
62469,1580,2024-12-31,847.86
62470,1580,2025-01-31,1063.71
62471,1580,2025-02-28,1115.46
62472,1580,2025-03-31,567.05
62473,1580,2025-04-30,1549.4
62474,1580,2025-05-31,615.03
62475,1580,2025-06-30,1332.86
62476,1580,2025-07-31,1376.09
62477,1580,2025-08-31,1665.79
62478,1580,2025-09-30,864.26
62479,1580,2025-10-31,1267.92
62480,1580,2025-11-30,703.78
62481,1580,2025-12-31,600.1
62482,1581,2024-01-31,250.0
62483,1581,2024-02-29,368.76
62484,1581,2024-03-31,657.44
62485,1581,2024-04-30,491.47
62486,1581,2024-05-31,449.33
62487,1581,2024-06-30,645.99
62488,1581,2024-07-31,250.0
62489,1581,2024-08-31,250.0
62490,1581,2024-09-30,488.87
62491,1581,2024-10-31,448.32
62492,1581,2024-11-30,380.39
62493,1581,2024-12-31,309.21
62494,1581,2025-01-31,250.0
62495,1581,2025-02-28,250.0
62496,1581,2025-03-31,250.0
62497,1581,2025-04-30,534.38
62498,1581,2025-05-31,250.0
62499,1581,2025-06-30,250.0
62500,1581,2025-07-31,528.29
62501,1581,2025-08-31,352.69
62502,1581,2025-09-30,250.0
62503,1581,2025-10-31,384.23
62504,1581,2025-11-30,271.53
62505,1581,2025-12-31,439.6
62506,1582,2024-01-31,373.86
62507,1582,2024-02-29,309.54
62508,1582,2024-03-31,294.42
62509,1582,2024-04-30,268.74
62510,1582,2024-05-31,392.77
62511,1582,2024-06-30,655.9
62512,1582,2024-07-31,415.64
62513,1582,2024-08-31,324.29
62514,1582,2024-09-30,561.86
62515,1582,2024-10-31,356.32
62516,1582,2024-11-30,374.28
62517,1582,2024-12-31,814.17
62518,1582,2025-01-31,739.46
62519,1582,2025-02-28,731.04
62520,1582,2025-03-31,292.34
62521,1582,2025-04-30,586.54
62522,1582,2025-05-31,497.47
62523,1582,2025-06-30,609.8
62524,1582,2025-07-31,375.02
62525,1582,2025-08-31,730.18
62526,1582,2025-09-30,613.8
62527,1582,2025-10-31,569.91
62528,1582,2025-11-30,558.0
62529,1582,2025-12-31,258.77
62530,1583,2024-01-31,668.94
62531,1583,2024-02-29,982.61
62532,1583,2024-03-31,321.33
62533,1583,2024-04-30,1069.97
62534,1583,2024-05-31,788.15
62535,1583,2024-06-30,690.48
62536,1583,2024-07-31,673.79
62537,1583,2024-08-31,822.77
62538,1583,2024-09-30,622.63
62539,1583,2024-10-31,842.41
62540,1583,2024-11-30,415.13
62541,1583,2024-12-31,1280.64
62542,1583,2025-01-31,386.4
62543,1583,2025-02-28,454.18
62544,1583,2025-03-31,915.82
62545,1583,2025-04-30,1134.82
62546,1583,2025-05-31,820.42
62547,1583,2025-06-30,1024.62
62548,1583,2025-07-31,1043.56
62549,1583,2025-08-31,1215.61
62550,1583,2025-09-30,723.82
62551,1583,2025-10-31,805.96
62552,1583,2025-11-30,597.53
62553,1583,2025-12-31,973.83
62554,1584,2024-03-31,628.73
62555,1584,2024-04-30,598.88
62556,1584,2024-05-31,438.1
62557,1584,2024-06-30,306.33
62558,1584,2024-07-31,316.15
62559,1584,2024-08-31,775.12
62560,1584,2024-09-30,381.74
62561,1584,2024-10-31,250.0
62562,1584,2024-11-30,878.6
62563,1584,2024-12-31,792.93
62564,1584,2025-01-31,478.27
62565,1584,2025-02-28,425.8
62566,1584,2025-03-31,276.34
62567,1584,2025-04-30,586.14
62568,1584,2025-05-31,686.23
62569,1584,2025-06-30,542.18
62570,1584,2025-07-31,339.27
62571,1584,2025-08-31,491.41
62572,1584,2025-09-30,675.12
62573,1584,2025-10-31,351.18
62574,1584,2025-11-30,374.67
62575,1584,2025-12-31,292.72
62576,1585,2024-09-30,440.23
62577,1585,2024-10-31,650.5
62578,1585,2024-11-30,1646.1
62579,1585,2024-12-31,1623.9
62580,1585,2025-01-31,1014.96
62581,1585,2025-02-28,1681.97
62582,1585,2025-03-31,945.45
62583,1585,2025-04-30,1319.99
62584,1585,2025-05-31,564.8
62585,1585,2025-06-30,1256.46
62586,1585,2025-07-31,606.76
62587,1585,2025-08-31,1033.0
62588,1585,2025-09-30,1424.45
62589,1585,2025-10-31,707.81
62590,1585,2025-11-30,1303.36
62591,1585,2025-12-31,1067.99
62592,1586,2024-03-31,897.37
62593,1586,2024-04-30,2390.92
62594,1586,2024-05-31,1635.27
62595,1586,2024-06-30,1332.77
62596,1586,2024-07-31,2322.03
62597,1586,2024-08-31,1076.66
62598,1586,2024-09-30,938.61
62599,1586,2024-10-31,741.56
62600,1586,2024-11-30,1305.52
62601,1586,2024-12-31,1369.4
62602,1586,2025-01-31,1392.02
62603,1586,2025-02-28,780.35
62604,1586,2025-03-31,918.13
62605,1586,2025-04-30,842.38
62606,1586,2025-05-31,852.27
62607,1586,2025-06-30,953.97
62608,1586,2025-07-31,1894.24
62609,1586,2025-08-31,1559.84
62610,1586,2025-09-30,1820.13
62611,1586,2025-10-31,793.94
62612,1586,2025-11-30,1635.32
62613,1586,2025-12-31,1077.45
62614,1587,2024-01-31,579.2
62615,1587,2024-02-29,256.11
62616,1587,2024-03-31,347.0
62617,1587,2024-04-30,366.55
62618,1587,2024-05-31,656.69
62619,1587,2024-06-30,454.73
62620,1587,2024-07-31,285.54
62621,1587,2024-08-31,497.14
62622,1587,2024-09-30,330.96
62623,1587,2024-10-31,272.27
62624,1587,2024-11-30,343.65
62625,1587,2024-12-31,453.33
62626,1587,2025-01-31,444.0
62627,1587,2025-02-28,628.84
62628,1587,2025-03-31,361.21
62629,1587,2025-04-30,444.57
62630,1587,2025-05-31,308.78
62631,1587,2025-06-30,250.0
62632,1587,2025-07-31,254.44
62633,1587,2025-08-31,664.49
62634,1587,2025-09-30,564.44
62635,1587,2025-10-31,510.58
62636,1587,2025-11-30,587.53
62637,1587,2025-12-31,448.97
62638,1588,2024-01-31,764.53
62639,1588,2024-02-29,499.91
62640,1588,2024-03-31,617.5
62641,1588,2024-04-30,353.28
62642,1588,2024-05-31,862.75
62643,1588,2024-06-30,498.55
62644,1588,2024-07-31,490.82
62645,1588,2024-08-31,619.85
62646,1588,2024-09-30,510.16
62647,1588,2024-10-31,703.4
62648,1588,2024-11-30,428.68
62649,1588,2024-12-31,498.3
62650,1588,2025-01-31,754.26
62651,1588,2025-02-28,610.23
62652,1588,2025-03-31,908.47
62653,1588,2025-04-30,755.27
62654,1588,2025-05-31,489.75
62655,1588,2025-06-30,521.12
62656,1588,2025-07-31,611.15
62657,1588,2025-08-31,978.55
62658,1588,2025-09-30,427.43
62659,1588,2025-10-31,571.66
62660,1588,2025-11-30,902.07
62661,1588,2025-12-31,951.06
62662,1589,2024-05-31,541.44
62663,1589,2024-06-30,953.96
62664,1589,2024-07-31,1414.49
62665,1589,2024-08-31,1248.49
62666,1589,2024-09-30,488.91
62667,1589,2024-10-31,671.07
62668,1589,2024-11-30,1226.34
62669,1589,2024-12-31,646.86
62670,1589,2025-01-31,1103.45
62671,1589,2025-02-28,923.59
62672,1589,2025-03-31,806.81
62673,1589,2025-04-30,953.31
62674,1589,2025-05-31,1045.22
62675,1589,2025-06-30,1182.06
62676,1589,2025-07-31,1377.29
62677,1589,2025-08-31,1394.45
62678,1589,2025-09-30,539.2
62679,1589,2025-10-31,552.87
62680,1589,2025-11-30,553.65
62681,1589,2025-12-31,1431.51
62682,1590,2024-01-31,1552.92
62683,1590,2024-02-29,1253.4
62684,1590,2024-03-31,1039.92
62685,1590,2024-04-30,1947.62
62686,1590,2024-05-31,713.34
62687,1590,2024-06-30,1520.08
62688,1590,2024-07-31,1258.83
62689,1590,2024-08-31,1421.74
62690,1590,2024-09-30,928.79
62691,1590,2024-10-31,1629.07
62692,1590,2024-11-30,1397.21
62693,1590,2024-12-31,1542.36
62694,1590,2025-01-31,1531.35
62695,1590,2025-02-28,714.9
62696,1590,2025-03-31,1035.03
62697,1590,2025-04-30,1367.7
62698,1590,2025-05-31,1352.82
62699,1590,2025-06-30,697.71
62700,1590,2025-07-31,1423.12
62701,1590,2025-08-31,1266.62
62702,1590,2025-09-30,1702.74
62703,1590,2025-10-31,1137.11
62704,1590,2025-11-30,1188.66
62705,1590,2025-12-31,1217.29
62706,1591,2024-03-31,533.44
62707,1591,2024-04-30,374.67
62708,1591,2024-05-31,564.87
62709,1591,2024-06-30,642.16
62710,1591,2024-07-31,519.11
62711,1591,2024-08-31,579.33
62712,1591,2024-09-30,687.99
62713,1591,2024-10-31,364.86
62714,1591,2024-11-30,250.0
62715,1591,2024-12-31,451.77
62716,1591,2025-01-31,250.0
62717,1591,2025-02-28,518.48
62718,1591,2025-03-31,801.81
62719,1591,2025-04-30,440.13
62720,1591,2025-05-31,316.01
62721,1591,2025-06-30,777.32
62722,1591,2025-07-31,455.28
62723,1591,2025-08-31,250.0
62724,1591,2025-09-30,426.02
62725,1591,2025-10-31,250.0
62726,1591,2025-11-30,401.89
62727,1591,2025-12-31,539.71
62728,1592,2024-05-31,1154.21
62729,1592,2024-06-30,611.46
62730,1592,2024-07-31,1174.9
62731,1592,2024-08-31,1172.02
62732,1592,2024-09-30,545.73
62733,1592,2024-10-31,637.85
62734,1592,2024-11-30,811.89
62735,1592,2024-12-31,771.65
62736,1592,2025-01-31,1179.08
62737,1592,2025-02-28,804.14
62738,1592,2025-03-31,1003.12
62739,1592,2025-04-30,739.9
62740,1592,2025-05-31,525.3
62741,1592,2025-06-30,1183.07
62742,1592,2025-07-31,1209.88
62743,1592,2025-08-31,745.61
62744,1592,2025-09-30,1171.44
62745,1592,2025-10-31,823.15
62746,1592,2025-11-30,1021.15
62747,1592,2025-12-31,903.88
62748,1593,2024-01-31,1848.0
62749,1593,2024-02-29,1435.81
62750,1593,2024-03-31,1941.42
62751,1593,2024-04-30,1517.02
62752,1593,2024-05-31,1668.12
62753,1593,2024-06-30,1863.56
62754,1593,2024-07-31,893.34
62755,1593,2024-08-31,2393.2
62756,1593,2024-09-30,1794.73
62757,1593,2024-10-31,1771.8
62758,1593,2024-11-30,1484.55
62759,1593,2024-12-31,1545.24
62760,1593,2025-01-31,1613.26
62761,1593,2025-02-28,1112.42
62762,1593,2025-03-31,988.95
62763,1593,2025-04-30,1484.08
62764,1593,2025-05-31,2049.13
62765,1593,2025-06-30,1169.1
62766,1593,2025-07-31,1153.96
62767,1593,2025-08-31,920.6
62768,1593,2025-09-30,1033.57
62769,1593,2025-10-31,1859.35
62770,1593,2025-11-30,1003.93
62771,1593,2025-12-31,1416.16
62772,1594,2024-04-30,312.69
62773,1594,2024-05-31,371.85
62774,1594,2024-06-30,254.07
62775,1594,2024-07-31,499.45
62776,1594,2024-08-31,348.17
62777,1594,2024-09-30,369.23
62778,1594,2024-10-31,458.47
62779,1594,2024-11-30,477.79
62780,1594,2024-12-31,288.05
62781,1594,2025-01-31,343.07
62782,1594,2025-02-28,395.92
62783,1594,2025-03-31,374.07
62784,1594,2025-04-30,405.63
62785,1594,2025-05-31,385.61
62786,1594,2025-06-30,407.27
62787,1594,2025-07-31,377.04
62788,1594,2025-08-31,273.73
62789,1594,2025-09-30,389.42
62790,1594,2025-10-31,250.0
62791,1594,2025-11-30,364.77
62792,1594,2025-12-31,482.15
62793,1595,2024-01-31,330.56
62794,1595,2024-02-29,367.98
62795,1595,2024-03-31,805.0
62796,1595,2024-04-30,385.92
62797,1595,2024-05-31,496.43
62798,1595,2024-06-30,509.84
62799,1595,2024-07-31,559.92
62800,1595,2024-08-31,282.42
62801,1595,2024-09-30,561.71
62802,1595,2024-10-31,636.94
62803,1595,2024-11-30,614.15
62804,1595,2024-12-31,253.7
62805,1595,2025-01-31,669.03
62806,1595,2025-02-28,632.59
62807,1595,2025-03-31,470.44
62808,1595,2025-04-30,692.27
62809,1595,2025-05-31,417.92
62810,1595,2025-06-30,521.84
62811,1595,2025-07-31,396.46
62812,1595,2025-08-31,264.11
62813,1595,2025-09-30,428.22
62814,1595,2025-10-31,424.07
62815,1595,2025-11-30,660.17
62816,1595,2025-12-31,605.07
62817,1596,2024-01-31,655.29
62818,1596,2024-02-29,775.89
62819,1596,2024-03-31,768.48
62820,1596,2024-04-30,590.52
62821,1596,2024-05-31,855.27
62822,1596,2024-06-30,797.48
62823,1596,2024-07-31,531.61
62824,1596,2024-08-31,811.12
62825,1596,2024-09-30,753.91
62826,1596,2024-10-31,770.86
62827,1596,2024-11-30,915.95
62828,1596,2024-12-31,773.71
62829,1596,2025-01-31,504.52
62830,1596,2025-02-28,1253.78
62831,1596,2025-03-31,1061.47
62832,1596,2025-04-30,799.84
62833,1596,2025-05-31,890.34
62834,1596,2025-06-30,411.44
62835,1596,2025-07-31,979.65
62836,1596,2025-08-31,798.29
62837,1596,2025-09-30,459.13
62838,1596,2025-10-31,757.15
62839,1596,2025-11-30,710.84
62840,1596,2025-12-31,732.75
62841,1597,2024-01-31,407.58
62842,1597,2024-02-29,679.26
62843,1597,2024-03-31,890.15
62844,1597,2024-04-30,534.81
62845,1597,2024-05-31,725.83
62846,1597,2024-06-30,1050.68
62847,1597,2024-07-31,477.76
62848,1597,2024-08-31,1205.86
62849,1597,2024-09-30,960.44
62850,1597,2024-10-31,620.61
62851,1597,2024-11-30,903.74
62852,1597,2024-12-31,642.78
62853,1597,2025-01-31,600.61
62854,1597,2025-02-28,1048.33
62855,1597,2025-03-31,517.27
62856,1597,2025-04-30,689.45
62857,1597,2025-05-31,578.92
62858,1597,2025-06-30,741.65
62859,1597,2025-07-31,624.74
62860,1597,2025-08-31,851.46
62861,1597,2025-09-30,694.88
62862,1597,2025-10-31,652.99
62863,1597,2025-11-30,525.73
62864,1597,2025-12-31,503.71
62865,1598,2024-01-31,934.98
62866,1598,2024-02-29,938.52
62867,1598,2024-03-31,907.22
62868,1598,2024-04-30,652.15
62869,1598,2024-05-31,1161.14
62870,1598,2024-06-30,817.17
62871,1598,2024-07-31,1478.53
62872,1598,2024-08-31,521.16
62873,1598,2024-09-30,1481.97
62874,1598,2024-10-31,1456.52
62875,1598,2024-11-30,906.49
62876,1598,2024-12-31,1216.41
62877,1598,2025-01-31,1273.33
62878,1598,2025-02-28,1105.4
62879,1598,2025-03-31,1482.98
62880,1598,2025-04-30,1354.37
62881,1598,2025-05-31,1214.33
62882,1598,2025-06-30,1633.83
62883,1598,2025-07-31,1246.11
62884,1598,2025-08-31,1280.59
62885,1598,2025-09-30,1589.13
62886,1598,2025-10-31,790.25
62887,1598,2025-11-30,1277.64
62888,1598,2025-12-31,1502.32
62889,1599,2024-01-31,1757.37
62890,1599,2024-02-29,1565.73
62891,1599,2024-03-31,665.54
62892,1599,2024-04-30,1253.07
62893,1599,2024-05-31,943.89
62894,1599,2024-06-30,974.56
62895,1599,2024-07-31,533.06
62896,1599,2024-08-31,524.54
62897,1599,2024-09-30,1161.26
62898,1599,2024-10-31,1234.05
62899,1599,2024-11-30,630.2
62900,1599,2024-12-31,1109.28
62901,1599,2025-01-31,904.6
62902,1599,2025-02-28,1540.83
62903,1599,2025-03-31,1696.05
62904,1599,2025-04-30,1365.84
62905,1599,2025-05-31,928.86
62906,1599,2025-06-30,1416.97
62907,1599,2025-07-31,1462.74
62908,1599,2025-08-31,1106.47
62909,1599,2025-09-30,1020.6
62910,1599,2025-10-31,1440.78
62911,1599,2025-11-30,573.65
62912,1599,2025-12-31,1216.59
62913,1600,2024-10-31,250.0
62914,1600,2024-11-30,250.0
62915,1600,2024-12-31,373.07
62916,1600,2025-01-31,250.0
62917,1600,2025-02-28,347.88
62918,1600,2025-03-31,307.52
62919,1600,2025-04-30,250.0
62920,1600,2025-05-31,534.06
62921,1600,2025-06-30,257.31
62922,1600,2025-07-31,442.19
62923,1600,2025-08-31,250.0
62924,1600,2025-09-30,322.23
62925,1600,2025-10-31,250.0
62926,1600,2025-11-30,255.0
62927,1600,2025-12-31,303.7
62928,1601,2024-01-31,1040.16
62929,1601,2024-02-29,1003.67
62930,1601,2024-03-31,1273.65
62931,1601,2024-04-30,662.59
62932,1601,2024-05-31,1696.45
62933,1601,2024-06-30,554.64
62934,1601,2024-07-31,574.1
62935,1601,2024-08-31,639.35
62936,1601,2024-09-30,1297.79
62937,1601,2024-10-31,1383.99
62938,1601,2024-11-30,780.99
62939,1601,2024-12-31,907.67
62940,1601,2025-01-31,1222.56
62941,1601,2025-02-28,816.81
62942,1601,2025-03-31,742.95
62943,1601,2025-04-30,566.79
62944,1601,2025-05-31,1598.58
62945,1601,2025-06-30,815.01
62946,1601,2025-07-31,419.72
62947,1601,2025-08-31,871.99
62948,1601,2025-09-30,1554.53
62949,1601,2025-10-31,569.01
62950,1601,2025-11-30,803.54
62951,1601,2025-12-31,863.17
62952,1602,2024-01-31,854.76
62953,1602,2024-02-29,799.91
62954,1602,2024-03-31,497.82
62955,1602,2024-04-30,662.62
62956,1602,2024-05-31,479.31
62957,1602,2024-06-30,792.68
62958,1602,2024-07-31,961.95
62959,1602,2024-08-31,1106.05
62960,1602,2024-09-30,474.39
62961,1602,2024-10-31,574.17
62962,1602,2024-11-30,813.1
62963,1602,2024-12-31,863.83
62964,1602,2025-01-31,860.67
62965,1602,2025-02-28,574.65
62966,1602,2025-03-31,548.54
62967,1602,2025-04-30,1162.76
62968,1602,2025-05-31,950.84
62969,1602,2025-06-30,1070.5
62970,1602,2025-07-31,629.39
62971,1602,2025-08-31,708.48
62972,1602,2025-09-30,397.48
62973,1602,2025-10-31,529.52
62974,1602,2025-11-30,384.69
62975,1602,2025-12-31,449.78
62976,1603,2024-09-30,606.57
62977,1603,2024-10-31,660.05
62978,1603,2024-11-30,1830.06
62979,1603,2024-12-31,1397.14
62980,1603,2025-01-31,1173.18
62981,1603,2025-02-28,1123.91
62982,1603,2025-03-31,1639.51
62983,1603,2025-04-30,1258.72
62984,1603,2025-05-31,1576.06
62985,1603,2025-06-30,644.88
62986,1603,2025-07-31,762.3
62987,1603,2025-08-31,780.77
62988,1603,2025-09-30,1144.7
62989,1603,2025-10-31,1104.07
62990,1603,2025-11-30,801.46
62991,1603,2025-12-31,1084.69
62992,1604,2024-09-30,1021.37
62993,1604,2024-10-31,597.14
62994,1604,2024-11-30,919.97
62995,1604,2024-12-31,643.78
62996,1604,2025-01-31,396.07
62997,1604,2025-02-28,624.3
62998,1604,2025-03-31,770.78
62999,1604,2025-04-30,512.1
63000,1604,2025-05-31,442.08
63001,1604,2025-06-30,357.62
63002,1604,2025-07-31,288.25
63003,1604,2025-08-31,384.13
63004,1604,2025-09-30,717.67
63005,1604,2025-10-31,425.23
63006,1604,2025-11-30,291.86
63007,1604,2025-12-31,346.35
63008,1605,2024-01-31,603.53
63009,1605,2024-02-29,446.48
63010,1605,2024-03-31,670.89
63011,1605,2024-04-30,425.18
63012,1605,2024-05-31,956.81
63013,1605,2024-06-30,638.81
63014,1605,2024-07-31,799.46
63015,1605,2024-08-31,645.12
63016,1605,2024-09-30,717.48
63017,1605,2024-10-31,605.29
63018,1605,2024-11-30,811.58
63019,1605,2024-12-31,868.85
63020,1605,2025-01-31,764.54
63021,1605,2025-02-28,508.33
63022,1605,2025-03-31,522.26
63023,1605,2025-04-30,546.6
63024,1605,2025-05-31,784.72
63025,1605,2025-06-30,607.37
63026,1605,2025-07-31,849.77
63027,1605,2025-08-31,752.49
63028,1605,2025-09-30,667.96
63029,1605,2025-10-31,361.08
63030,1605,2025-11-30,686.92
63031,1605,2025-12-31,849.19
63032,1606,2024-01-31,938.69
63033,1606,2024-02-29,618.75
63034,1606,2024-03-31,787.42
63035,1606,2024-04-30,1821.71
63036,1606,2024-05-31,1433.39
63037,1606,2024-06-30,1141.61
63038,1606,2024-07-31,1044.95
63039,1606,2024-08-31,443.84
63040,1606,2024-09-30,1129.27
63041,1606,2024-10-31,1088.02
63042,1606,2024-11-30,698.81
63043,1606,2024-12-31,1281.73
63044,1606,2025-01-31,551.6
63045,1606,2025-02-28,1453.54
63046,1606,2025-03-31,1348.35
63047,1606,2025-04-30,895.94
63048,1606,2025-05-31,638.8
63049,1606,2025-06-30,1493.92
63050,1606,2025-07-31,868.3
63051,1606,2025-08-31,1573.36
63052,1606,2025-09-30,896.58
63053,1606,2025-10-31,974.08
63054,1606,2025-11-30,1298.58
63055,1606,2025-12-31,1063.99
63056,1607,2024-01-31,1032.57
63057,1607,2024-02-29,681.14
63058,1607,2024-03-31,940.67
63059,1607,2024-04-30,1430.98
63060,1607,2024-05-31,787.11
63061,1607,2024-06-30,1791.57
63062,1607,2024-07-31,975.3
63063,1607,2024-08-31,710.42
63064,1607,2024-09-30,1544.28
63065,1607,2024-10-31,1308.33
63066,1607,2024-11-30,728.73
63067,1607,2024-12-31,1140.43
63068,1607,2025-01-31,1668.03
63069,1607,2025-02-28,1199.66
63070,1607,2025-03-31,740.93
63071,1607,2025-04-30,1735.7
63072,1607,2025-05-31,1306.55
63073,1607,2025-06-30,1111.31
63074,1607,2025-07-31,768.95
63075,1607,2025-08-31,1545.0
63076,1607,2025-09-30,896.09
63077,1607,2025-10-31,1945.66
63078,1607,2025-11-30,824.39
63079,1607,2025-12-31,815.2
63080,1608,2024-01-31,1151.46
63081,1608,2024-02-29,923.67
63082,1608,2024-03-31,1287.94
63083,1608,2024-04-30,1165.15
63084,1608,2024-05-31,735.32
63085,1608,2024-06-30,1176.4
63086,1608,2024-07-31,1240.76
63087,1608,2024-08-31,659.81
63088,1608,2024-09-30,873.02
63089,1608,2024-10-31,1309.37
63090,1608,2024-11-30,639.98
63091,1608,2024-12-31,962.34
63092,1608,2025-01-31,534.31
63093,1608,2025-02-28,972.61
63094,1608,2025-03-31,677.69
63095,1608,2025-04-30,619.1
63096,1608,2025-05-31,1299.55
63097,1608,2025-06-30,1093.98
63098,1608,2025-07-31,1171.63
63099,1608,2025-08-31,868.53
63100,1608,2025-09-30,1253.84
63101,1608,2025-10-31,1150.06
63102,1608,2025-11-30,1117.76
63103,1608,2025-12-31,519.56
63104,1609,2024-06-30,606.51
63105,1609,2024-07-31,301.16
63106,1609,2024-08-31,451.27
63107,1609,2024-09-30,250.0
63108,1609,2024-10-31,250.0
63109,1609,2024-11-30,629.31
63110,1609,2024-12-31,252.78
63111,1609,2025-01-31,322.09
63112,1609,2025-02-28,302.35
63113,1609,2025-03-31,250.0
63114,1609,2025-04-30,321.93
63115,1609,2025-05-31,461.75
63116,1609,2025-06-30,527.58
63117,1609,2025-07-31,533.51
63118,1609,2025-08-31,449.65
63119,1609,2025-09-30,343.12
63120,1609,2025-10-31,278.47
63121,1609,2025-11-30,250.0
63122,1609,2025-12-31,343.85
63123,1610,2024-01-31,625.81
63124,1610,2024-02-29,698.33
63125,1610,2024-03-31,888.57
63126,1610,2024-04-30,957.98
63127,1610,2024-05-31,1038.94
63128,1610,2024-06-30,1352.49
63129,1610,2024-07-31,961.45
63130,1610,2024-08-31,899.05
63131,1610,2024-09-30,1548.93
63132,1610,2024-10-31,934.53
63133,1610,2024-11-30,754.54
63134,1610,2024-12-31,1470.46
63135,1610,2025-01-31,803.27
63136,1610,2025-02-28,834.65
63137,1610,2025-03-31,1173.69
63138,1610,2025-04-30,524.58
63139,1610,2025-05-31,981.4
63140,1610,2025-06-30,833.64
63141,1610,2025-07-31,1581.43
63142,1610,2025-08-31,1488.04
63143,1610,2025-09-30,581.35
63144,1610,2025-10-31,772.02
63145,1610,2025-11-30,1383.27
63146,1610,2025-12-31,1105.9
63147,1611,2024-03-31,631.13
63148,1611,2024-04-30,383.97
63149,1611,2024-05-31,442.07
63150,1611,2024-06-30,441.0
63151,1611,2024-07-31,744.06
63152,1611,2024-08-31,266.93
63153,1611,2024-09-30,782.44
63154,1611,2024-10-31,685.59
63155,1611,2024-11-30,310.37
63156,1611,2024-12-31,638.62
63157,1611,2025-01-31,664.43
63158,1611,2025-02-28,623.88
63159,1611,2025-03-31,276.42
63160,1611,2025-04-30,491.3
63161,1611,2025-05-31,833.31
63162,1611,2025-06-30,676.54
63163,1611,2025-07-31,394.9
63164,1611,2025-08-31,394.01
63165,1611,2025-09-30,721.14
63166,1611,2025-10-31,261.63
63167,1611,2025-11-30,835.35
63168,1611,2025-12-31,531.95
63169,1612,2024-01-31,664.19
63170,1612,2024-02-29,441.69
63171,1612,2024-03-31,1163.36
63172,1612,2024-04-30,589.63
63173,1612,2024-05-31,788.96
63174,1612,2024-06-30,945.14
63175,1612,2024-07-31,681.56
63176,1612,2024-08-31,756.08
63177,1612,2024-09-30,1598.74
63178,1612,2024-10-31,1050.73
63179,1612,2024-11-30,440.09
63180,1612,2024-12-31,557.28
63181,1612,2025-01-31,1088.71
63182,1612,2025-02-28,957.96
63183,1612,2025-03-31,1022.2
63184,1612,2025-04-30,1258.82
63185,1612,2025-05-31,1094.75
63186,1612,2025-06-30,781.21
63187,1612,2025-07-31,1109.71
63188,1612,2025-08-31,864.0
63189,1612,2025-09-30,1086.48
63190,1612,2025-10-31,636.62
63191,1612,2025-11-30,511.03
63192,1612,2025-12-31,781.33
63193,1613,2024-04-30,484.97
63194,1613,2024-05-31,459.16
63195,1613,2024-06-30,361.46
63196,1613,2024-07-31,512.6
63197,1613,2024-08-31,571.5
63198,1613,2024-09-30,373.42
63199,1613,2024-10-31,545.79
63200,1613,2024-11-30,418.55
63201,1613,2024-12-31,476.38
63202,1613,2025-01-31,265.96
63203,1613,2025-02-28,614.75
63204,1613,2025-03-31,578.79
63205,1613,2025-04-30,408.62
63206,1613,2025-05-31,576.61
63207,1613,2025-06-30,616.0
63208,1613,2025-07-31,328.04
63209,1613,2025-08-31,362.44
63210,1613,2025-09-30,261.23
63211,1613,2025-10-31,280.91
63212,1613,2025-11-30,281.69
63213,1613,2025-12-31,343.47
63214,1614,2024-10-31,480.57
63215,1614,2024-11-30,841.53
63216,1614,2024-12-31,658.96
63217,1614,2025-01-31,1195.92
63218,1614,2025-02-28,1298.12
63219,1614,2025-03-31,1452.4
63220,1614,2025-04-30,1159.12
63221,1614,2025-05-31,1288.16
63222,1614,2025-06-30,848.91
63223,1614,2025-07-31,860.71
63224,1614,2025-08-31,701.39
63225,1614,2025-09-30,1359.64
63226,1614,2025-10-31,667.15
63227,1614,2025-11-30,695.06
63228,1614,2025-12-31,953.8
63229,1615,2024-01-31,666.56
63230,1615,2024-02-29,609.43
63231,1615,2024-03-31,493.24
63232,1615,2024-04-30,420.54
63233,1615,2024-05-31,533.47
63234,1615,2024-06-30,422.46
63235,1615,2024-07-31,724.05
63236,1615,2024-08-31,662.14
63237,1615,2024-09-30,567.31
63238,1615,2024-10-31,357.93
63239,1615,2024-11-30,935.32
63240,1615,2024-12-31,352.4
63241,1615,2025-01-31,787.98
63242,1615,2025-02-28,838.97
63243,1615,2025-03-31,757.05
63244,1615,2025-04-30,334.67
63245,1615,2025-05-31,534.8
63246,1615,2025-06-30,503.52
63247,1615,2025-07-31,407.77
63248,1615,2025-08-31,430.23
63249,1615,2025-09-30,477.29
63250,1615,2025-10-31,948.76
63251,1615,2025-11-30,346.19
63252,1615,2025-12-31,560.37
63253,1616,2024-01-31,294.47
63254,1616,2024-02-29,607.67
63255,1616,2024-03-31,400.4
63256,1616,2024-04-30,679.39
63257,1616,2024-05-31,540.19
63258,1616,2024-06-30,810.33
63259,1616,2024-07-31,602.84
63260,1616,2024-08-31,610.52
63261,1616,2024-09-30,495.35
63262,1616,2024-10-31,413.71
63263,1616,2024-11-30,895.19
63264,1616,2024-12-31,776.67
63265,1616,2025-01-31,522.68
63266,1616,2025-02-28,537.98
63267,1616,2025-03-31,374.33
63268,1616,2025-04-30,412.75
63269,1616,2025-05-31,381.74
63270,1616,2025-06-30,389.58
63271,1616,2025-07-31,598.43
63272,1616,2025-08-31,404.72
63273,1616,2025-09-30,839.76
63274,1616,2025-10-31,724.74
63275,1616,2025-11-30,813.55
63276,1616,2025-12-31,327.27
63277,1617,2024-01-31,878.0
63278,1617,2024-02-29,1072.45
63279,1617,2024-03-31,650.44
63280,1617,2024-04-30,786.52
63281,1617,2024-05-31,1057.57
63282,1617,2024-06-30,1636.26
63283,1617,2024-07-31,917.16
63284,1617,2024-08-31,1132.36
63285,1617,2024-09-30,1579.62
63286,1617,2024-10-31,1188.9
63287,1617,2024-11-30,1694.29
63288,1617,2024-12-31,1775.79
63289,1617,2025-01-31,1518.58
63290,1617,2025-02-28,619.19
63291,1617,2025-03-31,1425.45
63292,1617,2025-04-30,1857.54
63293,1617,2025-05-31,575.78
63294,1617,2025-06-30,1337.47
63295,1617,2025-07-31,2185.45
63296,1617,2025-08-31,1535.47
63297,1617,2025-09-30,775.92
63298,1617,2025-10-31,783.87
63299,1617,2025-11-30,1393.54
63300,1617,2025-12-31,1476.79
63301,1618,2024-11-30,573.49
63302,1618,2024-12-31,1010.56
63303,1618,2025-01-31,1144.83
63304,1618,2025-02-28,1088.82
63305,1618,2025-03-31,863.83
63306,1618,2025-04-30,1344.98
63307,1618,2025-05-31,1438.85
63308,1618,2025-06-30,1052.82
63309,1618,2025-07-31,1234.87
63310,1618,2025-08-31,537.33
63311,1618,2025-09-30,522.88
63312,1618,2025-10-31,436.16
63313,1618,2025-11-30,1130.41
63314,1618,2025-12-31,1088.36
63315,1619,2024-01-31,375.0
63316,1619,2024-02-29,896.27
63317,1619,2024-03-31,1133.87
63318,1619,2024-04-30,656.5
63319,1619,2024-05-31,788.75
63320,1619,2024-06-30,582.75
63321,1619,2024-07-31,662.34
63322,1619,2024-08-31,565.66
63323,1619,2024-09-30,803.31
63324,1619,2024-10-31,470.38
63325,1619,2024-11-30,980.44
63326,1619,2024-12-31,436.68
63327,1619,2025-01-31,844.25
63328,1619,2025-02-28,987.95
63329,1619,2025-03-31,470.35
63330,1619,2025-04-30,516.26
63331,1619,2025-05-31,694.76
63332,1619,2025-06-30,893.14
63333,1619,2025-07-31,692.44
63334,1619,2025-08-31,725.74
63335,1619,2025-09-30,583.37
63336,1619,2025-10-31,298.43
63337,1619,2025-11-30,898.28
63338,1619,2025-12-31,572.72
63339,1620,2024-01-31,757.61
63340,1620,2024-02-29,1408.59
63341,1620,2024-03-31,1362.68
63342,1620,2024-04-30,976.49
63343,1620,2024-05-31,1215.93
63344,1620,2024-06-30,1300.93
63345,1620,2024-07-31,1133.03
63346,1620,2024-08-31,1570.86
63347,1620,2024-09-30,1375.9
63348,1620,2024-10-31,1768.9
63349,1620,2024-11-30,1771.47
63350,1620,2024-12-31,1001.16
63351,1620,2025-01-31,846.01
63352,1620,2025-02-28,1439.9
63353,1620,2025-03-31,976.73
63354,1620,2025-04-30,927.78
63355,1620,2025-05-31,1567.77
63356,1620,2025-06-30,1214.66
63357,1620,2025-07-31,1422.77
63358,1620,2025-08-31,1171.21
63359,1620,2025-09-30,616.16
63360,1620,2025-10-31,1331.47
63361,1620,2025-11-30,1638.92
63362,1620,2025-12-31,1145.08
63363,1621,2024-01-31,1072.95
63364,1621,2024-02-29,761.23
63365,1621,2024-03-31,499.75
63366,1621,2024-04-30,388.25
63367,1621,2024-05-31,588.94
63368,1621,2024-06-30,655.35
63369,1621,2024-07-31,604.98
63370,1621,2024-08-31,599.75
63371,1621,2024-09-30,1213.66
63372,1621,2024-10-31,753.63
63373,1621,2024-11-30,1035.48
63374,1621,2024-12-31,943.83
63375,1621,2025-01-31,518.8
63376,1621,2025-02-28,868.64
63377,1621,2025-03-31,684.42
63378,1621,2025-04-30,573.29
63379,1621,2025-05-31,1046.18
63380,1621,2025-06-30,925.51
63381,1621,2025-07-31,594.89
63382,1621,2025-08-31,420.61
63383,1621,2025-09-30,447.86
63384,1621,2025-10-31,819.27
63385,1621,2025-11-30,546.29
63386,1621,2025-12-31,537.12
63387,1622,2024-09-30,584.43
63388,1622,2024-10-31,558.62
63389,1622,2024-11-30,1285.28
63390,1622,2024-12-31,1302.96
63391,1622,2025-01-31,890.96
63392,1622,2025-02-28,958.68
63393,1622,2025-03-31,940.74
63394,1622,2025-04-30,1451.6
63395,1622,2025-05-31,650.53
63396,1622,2025-06-30,689.27
63397,1622,2025-07-31,979.38
63398,1622,2025-08-31,591.76
63399,1622,2025-09-30,1178.84
63400,1622,2025-10-31,1303.55
63401,1622,2025-11-30,521.86
63402,1622,2025-12-31,1115.85
63403,1623,2024-01-31,602.45
63404,1623,2024-02-29,1030.46
63405,1623,2024-03-31,514.8
63406,1623,2024-04-30,1159.95
63407,1623,2024-05-31,774.54
63408,1623,2024-06-30,657.79
63409,1623,2024-07-31,664.67
63410,1623,2024-08-31,1226.65
63411,1623,2024-09-30,685.69
63412,1623,2024-10-31,1073.61
63413,1623,2024-11-30,642.95
63414,1623,2024-12-31,1172.05
63415,1623,2025-01-31,1287.44
63416,1623,2025-02-28,910.77
63417,1623,2025-03-31,1561.96
63418,1623,2025-04-30,1109.12
63419,1623,2025-05-31,439.04
63420,1623,2025-06-30,968.68
63421,1623,2025-07-31,1040.37
63422,1623,2025-08-31,1209.92
63423,1623,2025-09-30,1206.6
63424,1623,2025-10-31,1089.27
63425,1623,2025-11-30,1474.6
63426,1623,2025-12-31,648.5
63427,1624,2024-11-30,557.04
63428,1624,2024-12-31,673.4
63429,1624,2025-01-31,641.25
63430,1624,2025-02-28,933.03
63431,1624,2025-03-31,334.27
63432,1624,2025-04-30,556.28
63433,1624,2025-05-31,801.9
63434,1624,2025-06-30,293.63
63435,1624,2025-07-31,968.38
63436,1624,2025-08-31,893.78
63437,1624,2025-09-30,659.88
63438,1624,2025-10-31,722.78
63439,1624,2025-11-30,768.19
63440,1624,2025-12-31,771.84
63441,1625,2024-05-31,875.93
63442,1625,2024-06-30,1724.51
63443,1625,2024-07-31,1231.18
63444,1625,2024-08-31,543.09
63445,1625,2024-09-30,783.17
63446,1625,2024-10-31,635.16
63447,1625,2024-11-30,1364.71
63448,1625,2024-12-31,947.25
63449,1625,2025-01-31,776.93
63450,1625,2025-02-28,1219.38
63451,1625,2025-03-31,1194.72
63452,1625,2025-04-30,747.72
63453,1625,2025-05-31,1382.36
63454,1625,2025-06-30,946.63
63455,1625,2025-07-31,412.0
63456,1625,2025-08-31,643.75
63457,1625,2025-09-30,543.11
63458,1625,2025-10-31,1027.86
63459,1625,2025-11-30,969.13
63460,1625,2025-12-31,973.14
63461,1626,2024-02-29,1125.24
63462,1626,2024-03-31,679.92
63463,1626,2024-04-30,329.79
63464,1626,2024-05-31,820.1
63465,1626,2024-06-30,633.5
63466,1626,2024-07-31,850.25
63467,1626,2024-08-31,1100.6
63468,1626,2024-09-30,681.65
63469,1626,2024-10-31,1337.0
63470,1626,2024-11-30,1043.26
63471,1626,2024-12-31,973.12
63472,1626,2025-01-31,602.02
63473,1626,2025-02-28,470.91
63474,1626,2025-03-31,905.3
63475,1626,2025-04-30,786.2
63476,1626,2025-05-31,596.26
63477,1626,2025-06-30,556.52
63478,1626,2025-07-31,1331.75
63479,1626,2025-08-31,952.16
63480,1626,2025-09-30,831.98
63481,1626,2025-10-31,526.18
63482,1626,2025-11-30,863.42
63483,1626,2025-12-31,430.27
63484,1627,2024-01-31,412.53
63485,1627,2024-02-29,422.38
63486,1627,2024-03-31,450.1
63487,1627,2024-04-30,950.63
63488,1627,2024-05-31,968.69
63489,1627,2024-06-30,363.75
63490,1627,2024-07-31,859.21
63491,1627,2024-08-31,763.07
63492,1627,2024-09-30,343.42
63493,1627,2024-10-31,534.7
63494,1627,2024-11-30,751.66
63495,1627,2024-12-31,898.9
63496,1627,2025-01-31,818.17
63497,1627,2025-02-28,670.61
63498,1627,2025-03-31,674.7
63499,1627,2025-04-30,613.1
63500,1627,2025-05-31,313.7
63501,1627,2025-06-30,502.12
63502,1627,2025-07-31,463.27
63503,1627,2025-08-31,1128.0
63504,1627,2025-09-30,1078.25
63505,1627,2025-10-31,1161.51
63506,1627,2025-11-30,462.34
63507,1627,2025-12-31,547.81
63508,1628,2024-01-31,2128.97
63509,1628,2024-02-29,1602.72
63510,1628,2024-03-31,1929.69
63511,1628,2024-04-30,897.73
63512,1628,2024-05-31,1568.03
63513,1628,2024-06-30,1097.2
63514,1628,2024-07-31,1293.44
63515,1628,2024-08-31,1128.75
63516,1628,2024-09-30,953.88
63517,1628,2024-10-31,1727.02
63518,1628,2024-11-30,2278.23
63519,1628,2024-12-31,1831.37
63520,1628,2025-01-31,1378.74
63521,1628,2025-02-28,1579.25
63522,1628,2025-03-31,1117.02
63523,1628,2025-04-30,2156.85
63524,1628,2025-05-31,1793.22
63525,1628,2025-06-30,1147.26
63526,1628,2025-07-31,1254.95
63527,1628,2025-08-31,1407.7
63528,1628,2025-09-30,923.36
63529,1628,2025-10-31,1516.44
63530,1628,2025-11-30,1511.34
63531,1628,2025-12-31,1296.49
63532,1629,2024-02-29,573.95
63533,1629,2024-03-31,304.36
63534,1629,2024-04-30,482.0
63535,1629,2024-05-31,549.31
63536,1629,2024-06-30,570.52
63537,1629,2024-07-31,603.2
63538,1629,2024-08-31,786.98
63539,1629,2024-09-30,425.44
63540,1629,2024-10-31,287.56
63541,1629,2024-11-30,422.98
63542,1629,2024-12-31,797.69
63543,1629,2025-01-31,266.33
63544,1629,2025-02-28,860.93
63545,1629,2025-03-31,437.84
63546,1629,2025-04-30,588.44
63547,1629,2025-05-31,683.92
63548,1629,2025-06-30,836.87
63549,1629,2025-07-31,1041.12
63550,1629,2025-08-31,794.73
63551,1629,2025-09-30,276.91
63552,1629,2025-10-31,334.73
63553,1629,2025-11-30,805.7
63554,1629,2025-12-31,659.66
63555,1630,2024-05-31,551.02
63556,1630,2024-06-30,435.09
63557,1630,2024-07-31,276.59
63558,1630,2024-08-31,300.82
63559,1630,2024-09-30,367.19
63560,1630,2024-10-31,628.93
63561,1630,2024-11-30,637.31
63562,1630,2024-12-31,581.16
63563,1630,2025-01-31,405.19
63564,1630,2025-02-28,392.45
63565,1630,2025-03-31,344.99
63566,1630,2025-04-30,458.88
63567,1630,2025-05-31,388.67
63568,1630,2025-06-30,390.83
63569,1630,2025-07-31,423.49
63570,1630,2025-08-31,447.07
63571,1630,2025-09-30,543.22
63572,1630,2025-10-31,294.62
63573,1630,2025-11-30,257.56
63574,1630,2025-12-31,546.59
63575,1631,2024-12-31,1492.55
63576,1631,2025-01-31,1506.12
63577,1631,2025-02-28,1803.32
63578,1631,2025-03-31,1071.02
63579,1631,2025-04-30,1139.76
63580,1631,2025-05-31,1449.8
63581,1631,2025-06-30,1001.92
63582,1631,2025-07-31,1221.09
63583,1631,2025-08-31,2017.81
63584,1631,2025-09-30,1296.19
63585,1631,2025-10-31,840.59
63586,1631,2025-11-30,1489.6
63587,1631,2025-12-31,1935.37
63588,1632,2024-02-29,1914.96
63589,1632,2024-03-31,884.53
63590,1632,2024-04-30,1714.71
63591,1632,2024-05-31,1185.01
63592,1632,2024-06-30,843.48
63593,1632,2024-07-31,2014.05
63594,1632,2024-08-31,1379.59
63595,1632,2024-09-30,1563.52
63596,1632,2024-10-31,2249.55
63597,1632,2024-11-30,1094.83
63598,1632,2024-12-31,1904.63
63599,1632,2025-01-31,1523.35
63600,1632,2025-02-28,2008.34
63601,1632,2025-03-31,1438.76
63602,1632,2025-04-30,1193.45
63603,1632,2025-05-31,1203.66
63604,1632,2025-06-30,2208.44
63605,1632,2025-07-31,2044.86
63606,1632,2025-08-31,1697.17
63607,1632,2025-09-30,729.86
63608,1632,2025-10-31,655.64
63609,1632,2025-11-30,1427.46
63610,1632,2025-12-31,2100.17
63611,1633,2024-11-30,776.65
63612,1633,2024-12-31,836.55
63613,1633,2025-01-31,1139.25
63614,1633,2025-02-28,300.74
63615,1633,2025-03-31,477.41
63616,1633,2025-04-30,866.84
63617,1633,2025-05-31,724.19
63618,1633,2025-06-30,487.52
63619,1633,2025-07-31,470.0
63620,1633,2025-08-31,578.07
63621,1633,2025-09-30,946.67
63622,1633,2025-10-31,953.47
63623,1633,2025-11-30,1218.02
63624,1633,2025-12-31,896.82
63625,1634,2024-11-30,250.0
63626,1634,2024-12-31,370.94
63627,1634,2025-01-31,374.94
63628,1634,2025-02-28,334.08
63629,1634,2025-03-31,510.27
63630,1634,2025-04-30,307.53
63631,1634,2025-05-31,305.83
63632,1634,2025-06-30,263.11
63633,1634,2025-07-31,329.37
63634,1634,2025-08-31,250.0
63635,1634,2025-09-30,409.24
63636,1634,2025-10-31,577.79
63637,1634,2025-11-30,315.75
63638,1634,2025-12-31,250.0
63639,1635,2024-01-31,674.18
63640,1635,2024-02-29,903.74
63641,1635,2024-03-31,684.25
63642,1635,2024-04-30,1036.0
63643,1635,2024-05-31,663.8
63644,1635,2024-06-30,447.94
63645,1635,2024-07-31,770.43
63646,1635,2024-08-31,958.67
63647,1635,2024-09-30,755.73
63648,1635,2024-10-31,611.92
63649,1635,2024-11-30,821.28
63650,1635,2024-12-31,1043.77
63651,1635,2025-01-31,433.15
63652,1635,2025-02-28,645.52
63653,1635,2025-03-31,867.65
63654,1635,2025-04-30,633.52
63655,1635,2025-05-31,764.59
63656,1635,2025-06-30,1366.91
63657,1635,2025-07-31,1039.07
63658,1635,2025-08-31,482.96
63659,1635,2025-09-30,837.12
63660,1635,2025-10-31,529.52
63661,1635,2025-11-30,1126.13
63662,1635,2025-12-31,451.16
63663,1636,2024-01-31,419.56
63664,1636,2024-02-29,863.49
63665,1636,2024-03-31,401.68
63666,1636,2024-04-30,1192.64
63667,1636,2024-05-31,667.8
63668,1636,2024-06-30,704.75
63669,1636,2024-07-31,930.41
63670,1636,2024-08-31,756.78
63671,1636,2024-09-30,543.81
63672,1636,2024-10-31,1257.83
63673,1636,2024-11-30,596.32
63674,1636,2024-12-31,624.2
63675,1636,2025-01-31,773.25
63676,1636,2025-02-28,503.75
63677,1636,2025-03-31,800.51
63678,1636,2025-04-30,511.87
63679,1636,2025-05-31,1029.05
63680,1636,2025-06-30,441.51
63681,1636,2025-07-31,650.97
63682,1636,2025-08-31,982.75
63683,1636,2025-09-30,689.9
63684,1636,2025-10-31,736.93
63685,1636,2025-11-30,811.1
63686,1636,2025-12-31,849.05
63687,1637,2024-01-31,1015.83
63688,1637,2024-02-29,721.2
63689,1637,2024-03-31,743.35
63690,1637,2024-04-30,398.23
63691,1637,2024-05-31,1062.42
63692,1637,2024-06-30,466.42
63693,1637,2024-07-31,902.38
63694,1637,2024-08-31,355.27
63695,1637,2024-09-30,582.02
63696,1637,2024-10-31,1101.08
63697,1637,2024-11-30,460.52
63698,1637,2024-12-31,989.58
63699,1637,2025-01-31,560.61
63700,1637,2025-02-28,980.64
63701,1637,2025-03-31,1082.95
63702,1637,2025-04-30,536.99
63703,1637,2025-05-31,749.94
63704,1637,2025-06-30,386.54
63705,1637,2025-07-31,454.84
63706,1637,2025-08-31,501.38
63707,1637,2025-09-30,847.26
63708,1637,2025-10-31,603.89
63709,1637,2025-11-30,944.19
63710,1637,2025-12-31,1021.79
63711,1638,2024-01-31,636.22
63712,1638,2024-02-29,627.21
63713,1638,2024-03-31,626.87
63714,1638,2024-04-30,561.59
63715,1638,2024-05-31,278.96
63716,1638,2024-06-30,928.52
63717,1638,2024-07-31,750.52
63718,1638,2024-08-31,570.7
63719,1638,2024-09-30,913.08
63720,1638,2024-10-31,671.75
63721,1638,2024-11-30,550.86
63722,1638,2024-12-31,310.58
63723,1638,2025-01-31,663.21
63724,1638,2025-02-28,605.64
63725,1638,2025-03-31,301.11
63726,1638,2025-04-30,746.84
63727,1638,2025-05-31,704.2
63728,1638,2025-06-30,751.37
63729,1638,2025-07-31,373.47
63730,1638,2025-08-31,829.3
63731,1638,2025-09-30,956.31
63732,1638,2025-10-31,324.83
63733,1638,2025-11-30,375.55
63734,1638,2025-12-31,696.84
63735,1639,2024-10-31,1007.21
63736,1639,2024-11-30,1161.6
63737,1639,2024-12-31,1166.87
63738,1639,2025-01-31,639.59
63739,1639,2025-02-28,1149.27
63740,1639,2025-03-31,1697.18
63741,1639,2025-04-30,1072.32
63742,1639,2025-05-31,1012.62
63743,1639,2025-06-30,1379.77
63744,1639,2025-07-31,1146.2
63745,1639,2025-08-31,551.25
63746,1639,2025-09-30,865.03
63747,1639,2025-10-31,1179.06
63748,1639,2025-11-30,556.64
63749,1639,2025-12-31,962.41
63750,1640,2024-01-31,1417.68
63751,1640,2024-02-29,814.34
63752,1640,2024-03-31,1456.7
63753,1640,2024-04-30,877.19
63754,1640,2024-05-31,720.1
63755,1640,2024-06-30,485.88
63756,1640,2024-07-31,1765.78
63757,1640,2024-08-31,1441.65
63758,1640,2024-09-30,804.32
63759,1640,2024-10-31,1136.89
63760,1640,2024-11-30,1219.43
63761,1640,2024-12-31,1685.85
63762,1640,2025-01-31,1356.76
63763,1640,2025-02-28,1633.21
63764,1640,2025-03-31,1369.46
63765,1640,2025-04-30,746.37
63766,1640,2025-05-31,1214.46
63767,1640,2025-06-30,808.07
63768,1640,2025-07-31,1109.16
63769,1640,2025-08-31,1099.25
63770,1640,2025-09-30,782.41
63771,1640,2025-10-31,1025.47
63772,1640,2025-11-30,838.52
63773,1640,2025-12-31,1381.05
63774,1641,2024-01-31,250.0
63775,1641,2024-02-29,250.0
63776,1641,2024-03-31,346.79
63777,1641,2024-04-30,646.26
63778,1641,2024-05-31,392.28
63779,1641,2024-06-30,553.17
63780,1641,2024-07-31,442.76
63781,1641,2024-08-31,250.0
63782,1641,2024-09-30,294.25
63783,1641,2024-10-31,331.34
63784,1641,2024-11-30,350.86
63785,1641,2024-12-31,578.29
63786,1641,2025-01-31,552.43
63787,1641,2025-02-28,250.0
63788,1641,2025-03-31,440.73
63789,1641,2025-04-30,566.27
63790,1641,2025-05-31,396.52
63791,1641,2025-06-30,327.61
63792,1641,2025-07-31,360.81
63793,1641,2025-08-31,250.0
63794,1641,2025-09-30,413.76
63795,1641,2025-10-31,268.15
63796,1641,2025-11-30,291.22
63797,1641,2025-12-31,499.5
63798,1642,2024-05-31,1025.15
63799,1642,2024-06-30,1194.81
63800,1642,2024-07-31,1623.94
63801,1642,2024-08-31,1602.24
63802,1642,2024-09-30,922.92
63803,1642,2024-10-31,1117.48
63804,1642,2024-11-30,1558.44
63805,1642,2024-12-31,1274.17
63806,1642,2025-01-31,1076.95
63807,1642,2025-02-28,544.84
63808,1642,2025-03-31,728.73
63809,1642,2025-04-30,839.44
63810,1642,2025-05-31,1290.68
63811,1642,2025-06-30,1581.85
63812,1642,2025-07-31,1245.32
63813,1642,2025-08-31,1011.67
63814,1642,2025-09-30,732.9
63815,1642,2025-10-31,1103.77
63816,1642,2025-11-30,594.13
63817,1642,2025-12-31,1040.92
63818,1643,2024-01-31,1531.9
63819,1643,2024-02-29,1801.79
63820,1643,2024-03-31,1579.02
63821,1643,2024-04-30,1658.73
63822,1643,2024-05-31,2074.2
63823,1643,2024-06-30,2061.07
63824,1643,2024-07-31,1527.01
63825,1643,2024-08-31,1375.85
63826,1643,2024-09-30,1426.67
63827,1643,2024-10-31,767.69
63828,1643,2024-11-30,792.63
63829,1643,2024-12-31,1364.87
63830,1643,2025-01-31,1219.75
63831,1643,2025-02-28,1721.68
63832,1643,2025-03-31,1063.67
63833,1643,2025-04-30,1228.06
63834,1643,2025-05-31,1328.25
63835,1643,2025-06-30,1081.16
63836,1643,2025-07-31,1402.79
63837,1643,2025-08-31,2274.58
63838,1643,2025-09-30,1104.77
63839,1643,2025-10-31,2426.79
63840,1643,2025-11-30,929.07
63841,1643,2025-12-31,1183.25
63842,1644,2024-12-31,718.27
63843,1644,2025-01-31,645.15
63844,1644,2025-02-28,572.99
63845,1644,2025-03-31,541.08
63846,1644,2025-04-30,950.08
63847,1644,2025-05-31,569.87
63848,1644,2025-06-30,1112.44
63849,1644,2025-07-31,989.28
63850,1644,2025-08-31,955.6
63851,1644,2025-09-30,1024.26
63852,1644,2025-10-31,619.14
63853,1644,2025-11-30,1138.03
63854,1644,2025-12-31,646.35
63855,1645,2024-04-30,517.86
63856,1645,2024-05-31,393.73
63857,1645,2024-06-30,892.84
63858,1645,2024-07-31,914.2
63859,1645,2024-08-31,530.88
63860,1645,2024-09-30,793.97
63861,1645,2024-10-31,708.68
63862,1645,2024-11-30,691.78
63863,1645,2024-12-31,991.17
63864,1645,2025-01-31,317.32
63865,1645,2025-02-28,1033.19
63866,1645,2025-03-31,977.96
63867,1645,2025-04-30,1220.07
63868,1645,2025-05-31,1050.84
63869,1645,2025-06-30,660.61
63870,1645,2025-07-31,505.41
63871,1645,2025-08-31,585.37
63872,1645,2025-09-30,505.67
63873,1645,2025-10-31,721.48
63874,1645,2025-11-30,918.47
63875,1645,2025-12-31,708.73
63876,1646,2024-01-31,434.54
63877,1646,2024-02-29,1332.62
63878,1646,2024-03-31,1183.04
63879,1646,2024-04-30,888.86
63880,1646,2024-05-31,1002.66
63881,1646,2024-06-30,445.15
63882,1646,2024-07-31,998.07
63883,1646,2024-08-31,658.74
63884,1646,2024-09-30,1086.15
63885,1646,2024-10-31,995.81
63886,1646,2024-11-30,351.47
63887,1646,2024-12-31,359.3
63888,1646,2025-01-31,869.33
63889,1646,2025-02-28,1120.05
63890,1646,2025-03-31,1100.88
63891,1646,2025-04-30,697.44
63892,1646,2025-05-31,457.05
63893,1646,2025-06-30,792.89
63894,1646,2025-07-31,867.5
63895,1646,2025-08-31,434.18
63896,1646,2025-09-30,397.92
63897,1646,2025-10-31,1128.1
63898,1646,2025-11-30,1153.33
63899,1646,2025-12-31,1035.63
63900,1647,2024-01-31,643.94
63901,1647,2024-02-29,1361.93
63902,1647,2024-03-31,1122.19
63903,1647,2024-04-30,727.86
63904,1647,2024-05-31,816.41
63905,1647,2024-06-30,486.25
63906,1647,2024-07-31,593.7
63907,1647,2024-08-31,835.25
63908,1647,2024-09-30,608.09
63909,1647,2024-10-31,1215.71
63910,1647,2024-11-30,788.82
63911,1647,2024-12-31,1084.68
63912,1647,2025-01-31,1383.7
63913,1647,2025-02-28,813.19
63914,1647,2025-03-31,1266.6
63915,1647,2025-04-30,1323.39
63916,1647,2025-05-31,1277.43
63917,1647,2025-06-30,1044.69
63918,1647,2025-07-31,636.66
63919,1647,2025-08-31,796.46
63920,1647,2025-09-30,1069.03
63921,1647,2025-10-31,1401.65
63922,1647,2025-11-30,589.59
63923,1647,2025-12-31,701.89
63924,1648,2024-06-30,320.08
63925,1648,2024-07-31,593.85
63926,1648,2024-08-31,547.65
63927,1648,2024-09-30,481.42
63928,1648,2024-10-31,353.54
63929,1648,2024-11-30,339.49
63930,1648,2024-12-31,250.0
63931,1648,2025-01-31,250.0
63932,1648,2025-02-28,291.23
63933,1648,2025-03-31,640.14
63934,1648,2025-04-30,713.36
63935,1648,2025-05-31,409.49
63936,1648,2025-06-30,454.24
63937,1648,2025-07-31,337.56
63938,1648,2025-08-31,664.47
63939,1648,2025-09-30,713.26
63940,1648,2025-10-31,667.3
63941,1648,2025-11-30,317.99
63942,1648,2025-12-31,322.61
63943,1649,2024-09-30,850.01
63944,1649,2024-10-31,904.27
63945,1649,2024-11-30,805.39
63946,1649,2024-12-31,1045.2
63947,1649,2025-01-31,880.89
63948,1649,2025-02-28,1568.13
63949,1649,2025-03-31,679.53
63950,1649,2025-04-30,581.86
63951,1649,2025-05-31,745.64
63952,1649,2025-06-30,853.7
63953,1649,2025-07-31,490.71
63954,1649,2025-08-31,1306.83
63955,1649,2025-09-30,1289.2
63956,1649,2025-10-31,606.92
63957,1649,2025-11-30,482.71
63958,1649,2025-12-31,709.85
63959,1650,2024-11-30,835.35
63960,1650,2024-12-31,674.17
63961,1650,2025-01-31,487.28
63962,1650,2025-02-28,606.71
63963,1650,2025-03-31,512.42
63964,1650,2025-04-30,1056.71
63965,1650,2025-05-31,776.19
63966,1650,2025-06-30,526.69
63967,1650,2025-07-31,1117.63
63968,1650,2025-08-31,868.39
63969,1650,2025-09-30,415.02
63970,1650,2025-10-31,973.5
63971,1650,2025-11-30,395.16
63972,1650,2025-12-31,675.3
63973,1651,2024-09-30,1033.38
63974,1651,2024-10-31,1005.05
63975,1651,2024-11-30,1102.1
63976,1651,2024-12-31,1485.06
63977,1651,2025-01-31,1468.75
63978,1651,2025-02-28,1338.83
63979,1651,2025-03-31,2027.66
63980,1651,2025-04-30,780.92
63981,1651,2025-05-31,1131.01
63982,1651,2025-06-30,1512.66
63983,1651,2025-07-31,1657.53
63984,1651,2025-08-31,1167.35
63985,1651,2025-09-30,1953.55
63986,1651,2025-10-31,963.8
63987,1651,2025-11-30,696.46
63988,1651,2025-12-31,1668.59
63989,1652,2024-01-31,1004.38
63990,1652,2024-02-29,988.52
63991,1652,2024-03-31,1011.34
63992,1652,2024-04-30,570.25
63993,1652,2024-05-31,536.14
63994,1652,2024-06-30,821.22
63995,1652,2024-07-31,441.95
63996,1652,2024-08-31,1441.95
63997,1652,2024-09-30,896.29
63998,1652,2024-10-31,902.7
63999,1652,2024-11-30,1421.8
64000,1652,2024-12-31,889.45
64001,1652,2025-01-31,419.69
64002,1652,2025-02-28,1237.72
64003,1652,2025-03-31,680.23
64004,1652,2025-04-30,758.04
64005,1652,2025-05-31,1027.0
64006,1652,2025-06-30,1089.38
64007,1652,2025-07-31,1461.44
64008,1652,2025-08-31,942.0
64009,1652,2025-09-30,916.41
64010,1652,2025-10-31,906.77
64011,1652,2025-11-30,996.89
64012,1652,2025-12-31,879.75
64013,1653,2024-06-30,639.31
64014,1653,2024-07-31,1099.09
64015,1653,2024-08-31,1337.81
64016,1653,2024-09-30,1643.94
64017,1653,2024-10-31,1424.1
64018,1653,2024-11-30,1247.76
64019,1653,2024-12-31,1419.8
64020,1653,2025-01-31,1025.43
64021,1653,2025-02-28,684.55
64022,1653,2025-03-31,866.75
64023,1653,2025-04-30,1298.6
64024,1653,2025-05-31,1170.24
64025,1653,2025-06-30,639.04
64026,1653,2025-07-31,1440.15
64027,1653,2025-08-31,1661.2
64028,1653,2025-09-30,1635.13
64029,1653,2025-10-31,1127.24
64030,1653,2025-11-30,758.89
64031,1653,2025-12-31,1693.57
64032,1654,2024-01-31,500.75
64033,1654,2024-02-29,717.66
64034,1654,2024-03-31,335.23
64035,1654,2024-04-30,815.35
64036,1654,2024-05-31,412.26
64037,1654,2024-06-30,688.75
64038,1654,2024-07-31,532.0
64039,1654,2024-08-31,262.49
64040,1654,2024-09-30,541.88
64041,1654,2024-10-31,660.69
64042,1654,2024-11-30,275.5
64043,1654,2024-12-31,544.44
64044,1654,2025-01-31,469.19
64045,1654,2025-02-28,376.0
64046,1654,2025-03-31,416.71
64047,1654,2025-04-30,612.79
64048,1654,2025-05-31,305.36
64049,1654,2025-06-30,318.34
64050,1654,2025-07-31,661.4
64051,1654,2025-08-31,640.07
64052,1654,2025-09-30,764.03
64053,1654,2025-10-31,948.45
64054,1654,2025-11-30,426.81
64055,1654,2025-12-31,660.76
64056,1655,2024-01-31,1140.84
64057,1655,2024-02-29,741.32
64058,1655,2024-03-31,1658.17
64059,1655,2024-04-30,1581.09
64060,1655,2024-05-31,1255.69
64061,1655,2024-06-30,764.77
64062,1655,2024-07-31,1178.99
64063,1655,2024-08-31,1005.78
64064,1655,2024-09-30,804.4
64065,1655,2024-10-31,865.72
64066,1655,2024-11-30,876.49
64067,1655,2024-12-31,1356.22
64068,1655,2025-01-31,593.33
64069,1655,2025-02-28,1327.3
64070,1655,2025-03-31,935.27
64071,1655,2025-04-30,846.72
64072,1655,2025-05-31,1177.69
64073,1655,2025-06-30,1476.65
64074,1655,2025-07-31,1607.95
64075,1655,2025-08-31,676.1
64076,1655,2025-09-30,817.48
64077,1655,2025-10-31,916.12
64078,1655,2025-11-30,1466.16
64079,1655,2025-12-31,1467.34
64080,1656,2024-05-31,847.83
64081,1656,2024-06-30,764.87
64082,1656,2024-07-31,601.91
64083,1656,2024-08-31,503.15
64084,1656,2024-09-30,970.66
64085,1656,2024-10-31,1307.02
64086,1656,2024-11-30,569.54
64087,1656,2024-12-31,1506.04
64088,1656,2025-01-31,790.59
64089,1656,2025-02-28,651.38
64090,1656,2025-03-31,758.74
64091,1656,2025-04-30,486.74
64092,1656,2025-05-31,765.69
64093,1656,2025-06-30,1066.19
64094,1656,2025-07-31,1315.05
64095,1656,2025-08-31,1240.93
64096,1656,2025-09-30,1010.89
64097,1656,2025-10-31,940.05
64098,1656,2025-11-30,1155.94
64099,1656,2025-12-31,524.02
64100,1657,2024-01-31,406.68
64101,1657,2024-02-29,315.05
64102,1657,2024-03-31,272.98
64103,1657,2024-04-30,401.93
64104,1657,2024-05-31,421.66
64105,1657,2024-06-30,394.19
64106,1657,2024-07-31,805.59
64107,1657,2024-08-31,503.48
64108,1657,2024-09-30,476.41
64109,1657,2024-10-31,938.39
64110,1657,2024-11-30,334.0
64111,1657,2024-12-31,797.45
64112,1657,2025-01-31,513.59
64113,1657,2025-02-28,812.91
64114,1657,2025-03-31,610.01
64115,1657,2025-04-30,471.04
64116,1657,2025-05-31,572.83
64117,1657,2025-06-30,678.25
64118,1657,2025-07-31,447.33
64119,1657,2025-08-31,662.02
64120,1657,2025-09-30,290.37
64121,1657,2025-10-31,638.18
64122,1657,2025-11-30,581.29
64123,1657,2025-12-31,558.23
64124,1658,2024-04-30,1030.87
64125,1658,2024-05-31,781.54
64126,1658,2024-06-30,1221.7
64127,1658,2024-07-31,870.25
64128,1658,2024-08-31,1084.59
64129,1658,2024-09-30,893.54
64130,1658,2024-10-31,680.89
64131,1658,2024-11-30,408.19
64132,1658,2024-12-31,726.61
64133,1658,2025-01-31,631.11
64134,1658,2025-02-28,410.15
64135,1658,2025-03-31,553.3
64136,1658,2025-04-30,939.56
64137,1658,2025-05-31,811.19
64138,1658,2025-06-30,1079.67
64139,1658,2025-07-31,1305.78
64140,1658,2025-08-31,928.17
64141,1658,2025-09-30,416.2
64142,1658,2025-10-31,1186.13
64143,1658,2025-11-30,1206.58
64144,1658,2025-12-31,1070.88
64145,1659,2024-09-30,1217.2
64146,1659,2024-10-31,921.37
64147,1659,2024-11-30,1041.64
64148,1659,2024-12-31,1895.53
64149,1659,2025-01-31,1184.01
64150,1659,2025-02-28,1597.8
64151,1659,2025-03-31,919.54
64152,1659,2025-04-30,516.31
64153,1659,2025-05-31,1216.19
64154,1659,2025-06-30,980.01
64155,1659,2025-07-31,735.91
64156,1659,2025-08-31,984.76
64157,1659,2025-09-30,1316.96
64158,1659,2025-10-31,801.28
64159,1659,2025-11-30,1447.87
64160,1659,2025-12-31,1473.29
64161,1660,2024-01-31,397.49
64162,1660,2024-02-29,889.54
64163,1660,2024-03-31,1037.07
64164,1660,2024-04-30,607.66
64165,1660,2024-05-31,373.35
64166,1660,2024-06-30,312.82
64167,1660,2024-07-31,415.06
64168,1660,2024-08-31,635.37
64169,1660,2024-09-30,605.22
64170,1660,2024-10-31,1150.05
64171,1660,2024-11-30,607.31
64172,1660,2024-12-31,1278.6
64173,1660,2025-01-31,724.0
64174,1660,2025-02-28,375.8
64175,1660,2025-03-31,927.07
64176,1660,2025-04-30,677.4
64177,1660,2025-05-31,830.37
64178,1660,2025-06-30,390.86
64179,1660,2025-07-31,1213.49
64180,1660,2025-08-31,611.09
64181,1660,2025-09-30,874.22
64182,1660,2025-10-31,1348.44
64183,1660,2025-11-30,1068.88
64184,1660,2025-12-31,731.71
64185,1661,2024-01-31,402.47
64186,1661,2024-02-29,875.2
64187,1661,2024-03-31,837.23
64188,1661,2024-04-30,411.61
64189,1661,2024-05-31,316.84
64190,1661,2024-06-30,761.85
64191,1661,2024-07-31,647.16
64192,1661,2024-08-31,604.17
64193,1661,2024-09-30,563.64
64194,1661,2024-10-31,780.98
64195,1661,2024-11-30,688.12
64196,1661,2024-12-31,250.0
64197,1661,2025-01-31,648.96
64198,1661,2025-02-28,597.32
64199,1661,2025-03-31,832.0
64200,1661,2025-04-30,887.7
64201,1661,2025-05-31,473.71
64202,1661,2025-06-30,352.5
64203,1661,2025-07-31,257.68
64204,1661,2025-08-31,548.95
64205,1661,2025-09-30,417.12
64206,1661,2025-10-31,596.28
64207,1661,2025-11-30,702.32
64208,1661,2025-12-31,682.82
64209,1662,2024-09-30,1194.57
64210,1662,2024-10-31,685.82
64211,1662,2024-11-30,944.55
64212,1662,2024-12-31,740.54
64213,1662,2025-01-31,540.18
64214,1662,2025-02-28,961.46
64215,1662,2025-03-31,1050.37
64216,1662,2025-04-30,978.89
64217,1662,2025-05-31,999.01
64218,1662,2025-06-30,383.89
64219,1662,2025-07-31,627.78
64220,1662,2025-08-31,700.21
64221,1662,2025-09-30,690.98
64222,1662,2025-10-31,1249.88
64223,1662,2025-11-30,672.18
64224,1662,2025-12-31,725.89
64225,1663,2024-01-31,538.08
64226,1663,2024-02-29,597.37
64227,1663,2024-03-31,333.82
64228,1663,2024-04-30,355.08
64229,1663,2024-05-31,578.14
64230,1663,2024-06-30,446.04
64231,1663,2024-07-31,626.09
64232,1663,2024-08-31,736.03
64233,1663,2024-09-30,373.96
64234,1663,2024-10-31,564.12
64235,1663,2024-11-30,437.44
64236,1663,2024-12-31,811.06
64237,1663,2025-01-31,607.37
64238,1663,2025-02-28,779.19
64239,1663,2025-03-31,643.22
64240,1663,2025-04-30,688.87
64241,1663,2025-05-31,651.91
64242,1663,2025-06-30,578.64
64243,1663,2025-07-31,884.03
64244,1663,2025-08-31,496.44
64245,1663,2025-09-30,920.0
64246,1663,2025-10-31,355.67
64247,1663,2025-11-30,849.69
64248,1663,2025-12-31,728.07
64249,1664,2024-01-31,603.56
64250,1664,2024-02-29,1249.57
64251,1664,2024-03-31,1212.17
64252,1664,2024-04-30,659.72
64253,1664,2024-05-31,746.14
64254,1664,2024-06-30,416.09
64255,1664,2024-07-31,580.1
64256,1664,2024-08-31,998.57
64257,1664,2024-09-30,542.51
64258,1664,2024-10-31,1195.66
64259,1664,2024-11-30,1168.75
64260,1664,2024-12-31,698.91
64261,1664,2025-01-31,960.97
64262,1664,2025-02-28,874.65
64263,1664,2025-03-31,1002.9
64264,1664,2025-04-30,774.74
64265,1664,2025-05-31,842.93
64266,1664,2025-06-30,934.14
64267,1664,2025-07-31,1043.39
64268,1664,2025-08-31,518.42
64269,1664,2025-09-30,826.71
64270,1664,2025-10-31,1157.41
64271,1664,2025-11-30,1084.8
64272,1664,2025-12-31,1480.28
64273,1665,2024-01-31,862.26
64274,1665,2024-02-29,952.77
64275,1665,2024-03-31,570.06
64276,1665,2024-04-30,1038.06
64277,1665,2024-05-31,749.39
64278,1665,2024-06-30,1215.69
64279,1665,2024-07-31,926.48
64280,1665,2024-08-31,913.07
64281,1665,2024-09-30,465.5
64282,1665,2024-10-31,721.6
64283,1665,2024-11-30,854.09
64284,1665,2024-12-31,1051.71
64285,1665,2025-01-31,759.6
64286,1665,2025-02-28,1002.68
64287,1665,2025-03-31,951.5
64288,1665,2025-04-30,991.79
64289,1665,2025-05-31,993.97
64290,1665,2025-06-30,638.38
64291,1665,2025-07-31,754.16
64292,1665,2025-08-31,410.19
64293,1665,2025-09-30,1187.73
64294,1665,2025-10-31,1113.52
64295,1665,2025-11-30,1088.14
64296,1665,2025-12-31,489.29
64297,1666,2024-10-31,281.9
64298,1666,2024-11-30,467.17
64299,1666,2024-12-31,335.1
64300,1666,2025-01-31,250.0
64301,1666,2025-02-28,315.78
64302,1666,2025-03-31,286.53
64303,1666,2025-04-30,437.75
64304,1666,2025-05-31,376.53
64305,1666,2025-06-30,250.0
64306,1666,2025-07-31,250.0
64307,1666,2025-08-31,421.75
64308,1666,2025-09-30,460.14
64309,1666,2025-10-31,342.72
64310,1666,2025-11-30,515.13
64311,1666,2025-12-31,304.39
64312,1667,2024-01-31,456.44
64313,1667,2024-02-29,334.94
64314,1667,2024-03-31,655.37
64315,1667,2024-04-30,492.31
64316,1667,2024-05-31,434.98
64317,1667,2024-06-30,479.16
64318,1667,2024-07-31,505.18
64319,1667,2024-08-31,492.88
64320,1667,2024-09-30,334.6
64321,1667,2024-10-31,258.15
64322,1667,2024-11-30,521.64
64323,1667,2024-12-31,250.0
64324,1667,2025-01-31,639.23
64325,1667,2025-02-28,634.53
64326,1667,2025-03-31,408.6
64327,1667,2025-04-30,580.0
64328,1667,2025-05-31,672.68
64329,1667,2025-06-30,321.1
64330,1667,2025-07-31,463.63
64331,1667,2025-08-31,431.04
64332,1667,2025-09-30,250.0
64333,1667,2025-10-31,597.28
64334,1667,2025-11-30,506.96
64335,1667,2025-12-31,471.97
64336,1668,2024-10-31,1538.26
64337,1668,2024-11-30,482.94
64338,1668,2024-12-31,792.16
64339,1668,2025-01-31,888.49
64340,1668,2025-02-28,608.74
64341,1668,2025-03-31,1420.2
64342,1668,2025-04-30,1704.39
64343,1668,2025-05-31,987.01
64344,1668,2025-06-30,499.32
64345,1668,2025-07-31,878.95
64346,1668,2025-08-31,524.45
64347,1668,2025-09-30,1216.38
64348,1668,2025-10-31,726.31
64349,1668,2025-11-30,891.92
64350,1668,2025-12-31,923.53
64351,1669,2024-08-31,859.93
64352,1669,2024-09-30,402.09
64353,1669,2024-10-31,950.53
64354,1669,2024-11-30,636.81
64355,1669,2024-12-31,761.34
64356,1669,2025-01-31,491.15
64357,1669,2025-02-28,749.18
64358,1669,2025-03-31,700.86
64359,1669,2025-04-30,495.45
64360,1669,2025-05-31,424.78
64361,1669,2025-06-30,546.69
64362,1669,2025-07-31,1080.45
64363,1669,2025-08-31,476.7
64364,1669,2025-09-30,866.8
64365,1669,2025-10-31,575.32
64366,1669,2025-11-30,943.57
64367,1669,2025-12-31,625.8
64368,1670,2024-08-31,322.31
64369,1670,2024-09-30,250.0
64370,1670,2024-10-31,373.24
64371,1670,2024-11-30,388.59
64372,1670,2024-12-31,538.99
64373,1670,2025-01-31,250.0
64374,1670,2025-02-28,306.66
64375,1670,2025-03-31,313.35
64376,1670,2025-04-30,250.0
64377,1670,2025-05-31,250.0
64378,1670,2025-06-30,250.0
64379,1670,2025-07-31,279.65
64380,1670,2025-08-31,250.0
64381,1670,2025-09-30,402.66
64382,1670,2025-10-31,250.0
64383,1670,2025-11-30,310.48
64384,1670,2025-12-31,257.56
64385,1671,2024-01-31,725.13
64386,1671,2024-02-29,1689.72
64387,1671,2024-03-31,1680.34
64388,1671,2024-04-30,825.39
64389,1671,2024-05-31,522.01
64390,1671,2024-06-30,916.15
64391,1671,2024-07-31,1492.64
64392,1671,2024-08-31,1495.7
64393,1671,2024-09-30,1305.02
64394,1671,2024-10-31,1566.21
64395,1671,2024-11-30,1564.65
64396,1671,2024-12-31,1437.4
64397,1671,2025-01-31,1356.0
64398,1671,2025-02-28,1433.71
64399,1671,2025-03-31,1331.18
64400,1671,2025-04-30,1326.11
64401,1671,2025-05-31,1023.69
64402,1671,2025-06-30,759.42
64403,1671,2025-07-31,1479.64
64404,1671,2025-08-31,1452.49
64405,1671,2025-09-30,791.81
64406,1671,2025-10-31,918.36
64407,1671,2025-11-30,1538.58
64408,1671,2025-12-31,535.98
64409,1672,2024-01-31,1044.54
64410,1672,2024-02-29,691.08
64411,1672,2024-03-31,870.41
64412,1672,2024-04-30,1009.53
64413,1672,2024-05-31,807.55
64414,1672,2024-06-30,919.25
64415,1672,2024-07-31,438.69
64416,1672,2024-08-31,858.82
64417,1672,2024-09-30,423.16
64418,1672,2024-10-31,490.68
64419,1672,2024-11-30,777.2
64420,1672,2024-12-31,1237.11
64421,1672,2025-01-31,518.99
64422,1672,2025-02-28,1430.93
64423,1672,2025-03-31,1487.54
64424,1672,2025-04-30,868.58
64425,1672,2025-05-31,919.84
64426,1672,2025-06-30,877.76
64427,1672,2025-07-31,944.94
64428,1672,2025-08-31,457.68
64429,1672,2025-09-30,938.14
64430,1672,2025-10-31,1018.68
64431,1672,2025-11-30,1024.29
64432,1672,2025-12-31,755.79
64433,1673,2024-01-31,718.16
64434,1673,2024-02-29,387.5
64435,1673,2024-03-31,527.84
64436,1673,2024-04-30,905.19
64437,1673,2024-05-31,916.74
64438,1673,2024-06-30,920.95
64439,1673,2024-07-31,832.33
64440,1673,2024-08-31,732.03
64441,1673,2024-09-30,306.97
64442,1673,2024-10-31,902.76
64443,1673,2024-11-30,467.38
64444,1673,2024-12-31,508.88
64445,1673,2025-01-31,299.96
64446,1673,2025-02-28,654.79
64447,1673,2025-03-31,273.71
64448,1673,2025-04-30,1023.61
64449,1673,2025-05-31,569.35
64450,1673,2025-06-30,752.23
64451,1673,2025-07-31,886.76
64452,1673,2025-08-31,669.92
64453,1673,2025-09-30,568.55
64454,1673,2025-10-31,433.5
64455,1673,2025-11-30,426.54
64456,1673,2025-12-31,647.99
64457,1674,2024-01-31,502.15
64458,1674,2024-02-29,581.34
64459,1674,2024-03-31,431.84
64460,1674,2024-04-30,505.67
64461,1674,2024-05-31,365.26
64462,1674,2024-06-30,576.45
64463,1674,2024-07-31,326.02
64464,1674,2024-08-31,281.4
64465,1674,2024-09-30,417.62
64466,1674,2024-10-31,556.48
64467,1674,2024-11-30,631.91
64468,1674,2024-12-31,435.52
64469,1674,2025-01-31,385.32
64470,1674,2025-02-28,492.98
64471,1674,2025-03-31,413.96
64472,1674,2025-04-30,360.64
64473,1674,2025-05-31,433.52
64474,1674,2025-06-30,738.05
64475,1674,2025-07-31,480.58
64476,1674,2025-08-31,650.13
64477,1674,2025-09-30,811.02
64478,1674,2025-10-31,624.26
64479,1674,2025-11-30,412.87
64480,1674,2025-12-31,522.73
64481,1675,2024-10-31,1357.52
64482,1675,2024-11-30,1119.73
64483,1675,2024-12-31,850.02
64484,1675,2025-01-31,1446.43
64485,1675,2025-02-28,516.82
64486,1675,2025-03-31,660.63
64487,1675,2025-04-30,749.19
64488,1675,2025-05-31,681.05
64489,1675,2025-06-30,1067.19
64490,1675,2025-07-31,1108.3
64491,1675,2025-08-31,1203.61
64492,1675,2025-09-30,589.06
64493,1675,2025-10-31,979.45
64494,1675,2025-11-30,1521.74
64495,1675,2025-12-31,527.88
64496,1676,2024-01-31,1228.63
64497,1676,2024-02-29,1040.07
64498,1676,2024-03-31,884.29
64499,1676,2024-04-30,408.94
64500,1676,2024-05-31,930.26
64501,1676,2024-06-30,1093.1
64502,1676,2024-07-31,1012.41
64503,1676,2024-08-31,991.16
64504,1676,2024-09-30,640.38
64505,1676,2024-10-31,917.13
64506,1676,2024-11-30,768.43
64507,1676,2024-12-31,878.26
64508,1676,2025-01-31,915.15
64509,1676,2025-02-28,735.91
64510,1676,2025-03-31,1180.8
64511,1676,2025-04-30,571.28
64512,1676,2025-05-31,1520.94
64513,1676,2025-06-30,982.42
64514,1676,2025-07-31,498.94
64515,1676,2025-08-31,1171.37
64516,1676,2025-09-30,426.03
64517,1676,2025-10-31,545.91
64518,1676,2025-11-30,747.4
64519,1676,2025-12-31,890.65
64520,1677,2024-06-30,1418.96
64521,1677,2024-07-31,2422.39
64522,1677,2024-08-31,824.89
64523,1677,2024-09-30,1330.49
64524,1677,2024-10-31,811.24
64525,1677,2024-11-30,1258.66
64526,1677,2024-12-31,1205.18
64527,1677,2025-01-31,1142.07
64528,1677,2025-02-28,1709.41
64529,1677,2025-03-31,1125.68
64530,1677,2025-04-30,1006.43
64531,1677,2025-05-31,1789.87
64532,1677,2025-06-30,1502.64
64533,1677,2025-07-31,1322.32
64534,1677,2025-08-31,1349.11
64535,1677,2025-09-30,1694.92
64536,1677,2025-10-31,1057.18
64537,1677,2025-11-30,706.39
64538,1677,2025-12-31,1577.79
64539,1678,2024-01-31,916.2
64540,1678,2024-02-29,793.55
64541,1678,2024-03-31,560.22
64542,1678,2024-04-30,1136.98
64543,1678,2024-05-31,755.11
64544,1678,2024-06-30,1172.14
64545,1678,2024-07-31,1316.62
64546,1678,2024-08-31,820.62
64547,1678,2024-09-30,652.46
64548,1678,2024-10-31,1080.16
64549,1678,2024-11-30,1304.93
64550,1678,2024-12-31,782.46
64551,1678,2025-01-31,1301.7
64552,1678,2025-02-28,1155.98
64553,1678,2025-03-31,1315.59
64554,1678,2025-04-30,1101.13
64555,1678,2025-05-31,1329.96
64556,1678,2025-06-30,980.48
64557,1678,2025-07-31,1040.17
64558,1678,2025-08-31,1122.62
64559,1678,2025-09-30,1123.62
64560,1678,2025-10-31,620.83
64561,1678,2025-11-30,1051.48
64562,1678,2025-12-31,650.54
64563,1679,2024-07-31,1367.95
64564,1679,2024-08-31,1122.18
64565,1679,2024-09-30,763.55
64566,1679,2024-10-31,642.62
64567,1679,2024-11-30,1468.17
64568,1679,2024-12-31,660.85
64569,1679,2025-01-31,499.74
64570,1679,2025-02-28,1090.61
64571,1679,2025-03-31,405.55
64572,1679,2025-04-30,850.37
64573,1679,2025-05-31,549.85
64574,1679,2025-06-30,523.68
64575,1679,2025-07-31,576.88
64576,1679,2025-08-31,925.36
64577,1679,2025-09-30,499.39
64578,1679,2025-10-31,503.97
64579,1679,2025-11-30,530.65
64580,1679,2025-12-31,716.11
64581,1680,2024-04-30,1090.81
64582,1680,2024-05-31,631.5
64583,1680,2024-06-30,696.25
64584,1680,2024-07-31,1281.77
64585,1680,2024-08-31,1039.82
64586,1680,2024-09-30,488.2
64587,1680,2024-10-31,601.13
64588,1680,2024-11-30,497.76
64589,1680,2024-12-31,917.33
64590,1680,2025-01-31,1168.29
64591,1680,2025-02-28,730.94
64592,1680,2025-03-31,729.48
64593,1680,2025-04-30,920.75
64594,1680,2025-05-31,1039.97
64595,1680,2025-06-30,399.2
64596,1680,2025-07-31,1083.26
64597,1680,2025-08-31,1181.51
64598,1680,2025-09-30,371.29
64599,1680,2025-10-31,1161.54
64600,1680,2025-11-30,475.88
64601,1680,2025-12-31,1189.59
64602,1681,2024-12-31,1147.35
64603,1681,2025-01-31,1163.24
64604,1681,2025-02-28,906.08
64605,1681,2025-03-31,579.43
64606,1681,2025-04-30,1172.39
64607,1681,2025-05-31,594.95
64608,1681,2025-06-30,1621.83
64609,1681,2025-07-31,1018.15
64610,1681,2025-08-31,540.97
64611,1681,2025-09-30,744.94
64612,1681,2025-10-31,846.45
64613,1681,2025-11-30,1239.55
64614,1681,2025-12-31,772.12
64615,1682,2024-01-31,996.97
64616,1682,2024-02-29,1440.54
64617,1682,2024-03-31,1273.77
64618,1682,2024-04-30,724.63
64619,1682,2024-05-31,1132.96
64620,1682,2024-06-30,775.32
64621,1682,2024-07-31,873.85
64622,1682,2024-08-31,861.88
64623,1682,2024-09-30,1208.85
64624,1682,2024-10-31,672.85
64625,1682,2024-11-30,659.57
64626,1682,2024-12-31,1685.89
64627,1682,2025-01-31,858.67
64628,1682,2025-02-28,680.56
64629,1682,2025-03-31,1178.2
64630,1682,2025-04-30,539.75
64631,1682,2025-05-31,710.37
64632,1682,2025-06-30,914.47
64633,1682,2025-07-31,987.32
64634,1682,2025-08-31,820.98
64635,1682,2025-09-30,882.19
64636,1682,2025-10-31,687.21
64637,1682,2025-11-30,1297.97
64638,1682,2025-12-31,605.81
64639,1683,2024-01-31,1307.72
64640,1683,2024-02-29,1402.2
64641,1683,2024-03-31,1179.57
64642,1683,2024-04-30,805.2
64643,1683,2024-05-31,1221.72
64644,1683,2024-06-30,1142.79
64645,1683,2024-07-31,1803.81
64646,1683,2024-08-31,575.26
64647,1683,2024-09-30,1286.84
64648,1683,2024-10-31,700.68
64649,1683,2024-11-30,910.55
64650,1683,2024-12-31,1203.4
64651,1683,2025-01-31,783.75
64652,1683,2025-02-28,1272.12
64653,1683,2025-03-31,1506.27
64654,1683,2025-04-30,1372.28
64655,1683,2025-05-31,1945.62
64656,1683,2025-06-30,1051.56
64657,1683,2025-07-31,621.09
64658,1683,2025-08-31,1095.9
64659,1683,2025-09-30,917.21
64660,1683,2025-10-31,528.89
64661,1683,2025-11-30,1114.63
64662,1683,2025-12-31,1249.19
64663,1684,2024-01-31,530.04
64664,1684,2024-02-29,677.23
64665,1684,2024-03-31,397.69
64666,1684,2024-04-30,552.1
64667,1684,2024-05-31,1033.07
64668,1684,2024-06-30,581.61
64669,1684,2024-07-31,746.14
64670,1684,2024-08-31,534.34
64671,1684,2024-09-30,850.71
64672,1684,2024-10-31,1052.49
64673,1684,2024-11-30,722.87
64674,1684,2024-12-31,544.56
64675,1684,2025-01-31,720.73
64676,1684,2025-02-28,917.71
64677,1684,2025-03-31,418.5
64678,1684,2025-04-30,867.27
64679,1684,2025-05-31,603.74
64680,1684,2025-06-30,850.86
64681,1684,2025-07-31,555.09
64682,1684,2025-08-31,325.76
64683,1684,2025-09-30,557.69
64684,1684,2025-10-31,637.83
64685,1684,2025-11-30,1136.34
64686,1684,2025-12-31,1100.18
64687,1685,2024-01-31,678.81
64688,1685,2024-02-29,847.0
64689,1685,2024-03-31,911.69
64690,1685,2024-04-30,466.39
64691,1685,2024-05-31,792.76
64692,1685,2024-06-30,835.12
64693,1685,2024-07-31,973.44
64694,1685,2024-08-31,673.13
64695,1685,2024-09-30,415.5
64696,1685,2024-10-31,493.62
64697,1685,2024-11-30,648.91
64698,1685,2024-12-31,1053.23
64699,1685,2025-01-31,324.74
64700,1685,2025-02-28,845.97
64701,1685,2025-03-31,721.97
64702,1685,2025-04-30,380.33
64703,1685,2025-05-31,467.34
64704,1685,2025-06-30,765.44
64705,1685,2025-07-31,390.87
64706,1685,2025-08-31,1177.42
64707,1685,2025-09-30,965.38
64708,1685,2025-10-31,651.26
64709,1685,2025-11-30,763.73
64710,1685,2025-12-31,655.33
64711,1686,2024-01-31,558.79
64712,1686,2024-02-29,700.5
64713,1686,2024-03-31,580.74
64714,1686,2024-04-30,843.24
64715,1686,2024-05-31,368.39
64716,1686,2024-06-30,511.55
64717,1686,2024-07-31,442.31
64718,1686,2024-08-31,466.42
64719,1686,2024-09-30,818.33
64720,1686,2024-10-31,880.71
64721,1686,2024-11-30,495.07
64722,1686,2024-12-31,591.69
64723,1686,2025-01-31,570.01
64724,1686,2025-02-28,630.91
64725,1686,2025-03-31,602.17
64726,1686,2025-04-30,470.0
64727,1686,2025-05-31,676.58
64728,1686,2025-06-30,1144.81
64729,1686,2025-07-31,1077.09
64730,1686,2025-08-31,1312.4
64731,1686,2025-09-30,515.72
64732,1686,2025-10-31,675.15
64733,1686,2025-11-30,838.43
64734,1686,2025-12-31,1218.0
64735,1687,2024-01-31,932.4
64736,1687,2024-02-29,1033.1
64737,1687,2024-03-31,1584.99
64738,1687,2024-04-30,1054.98
64739,1687,2024-05-31,1025.28
64740,1687,2024-06-30,454.85
64741,1687,2024-07-31,1474.36
64742,1687,2024-08-31,998.5
64743,1687,2024-09-30,896.69
64744,1687,2024-10-31,1658.64
64745,1687,2024-11-30,634.2
64746,1687,2024-12-31,883.82
64747,1687,2025-01-31,673.62
64748,1687,2025-02-28,1093.5
64749,1687,2025-03-31,1420.45
64750,1687,2025-04-30,1188.2
64751,1687,2025-05-31,1276.9
64752,1687,2025-06-30,505.14
64753,1687,2025-07-31,1325.53
64754,1687,2025-08-31,598.84
64755,1687,2025-09-30,607.33
64756,1687,2025-10-31,1445.96
64757,1687,2025-11-30,623.45
64758,1687,2025-12-31,1544.89
64759,1688,2024-01-31,1127.01
64760,1688,2024-02-29,1849.98
64761,1688,2024-03-31,560.58
64762,1688,2024-04-30,1718.91
64763,1688,2024-05-31,1951.41
64764,1688,2024-06-30,1472.25
64765,1688,2024-07-31,923.64
64766,1688,2024-08-31,1324.82
64767,1688,2024-09-30,717.86
64768,1688,2024-10-31,1133.62
64769,1688,2024-11-30,1400.82
64770,1688,2024-12-31,771.8
64771,1688,2025-01-31,1564.95
64772,1688,2025-02-28,2131.37
64773,1688,2025-03-31,1184.11
64774,1688,2025-04-30,1442.4
64775,1688,2025-05-31,709.04
64776,1688,2025-06-30,827.7
64777,1688,2025-07-31,821.91
64778,1688,2025-08-31,1535.49
64779,1688,2025-09-30,1677.03
64780,1688,2025-10-31,1605.04
64781,1688,2025-11-30,1777.56
64782,1688,2025-12-31,1009.81
64783,1689,2024-03-31,552.09
64784,1689,2024-04-30,580.03
64785,1689,2024-05-31,804.94
64786,1689,2024-06-30,486.04
64787,1689,2024-07-31,466.74
64788,1689,2024-08-31,572.78
64789,1689,2024-09-30,857.06
64790,1689,2024-10-31,386.81
64791,1689,2024-11-30,496.96
64792,1689,2024-12-31,598.22
64793,1689,2025-01-31,776.5
64794,1689,2025-02-28,729.28
64795,1689,2025-03-31,650.55
64796,1689,2025-04-30,1163.12
64797,1689,2025-05-31,1039.49
64798,1689,2025-06-30,838.1
64799,1689,2025-07-31,889.55
64800,1689,2025-08-31,815.84
64801,1689,2025-09-30,737.08
64802,1689,2025-10-31,833.24
64803,1689,2025-11-30,493.9
64804,1689,2025-12-31,733.3
64805,1690,2024-01-31,910.85
64806,1690,2024-02-29,739.69
64807,1690,2024-03-31,882.7
64808,1690,2024-04-30,1127.11
64809,1690,2024-05-31,623.81
64810,1690,2024-06-30,836.22
64811,1690,2024-07-31,1107.46
64812,1690,2024-08-31,886.99
64813,1690,2024-09-30,814.92
64814,1690,2024-10-31,741.67
64815,1690,2024-11-30,1115.65
64816,1690,2024-12-31,800.0
64817,1690,2025-01-31,1226.66
64818,1690,2025-02-28,842.75
64819,1690,2025-03-31,674.82
64820,1690,2025-04-30,715.16
64821,1690,2025-05-31,526.2
64822,1690,2025-06-30,1068.51
64823,1690,2025-07-31,431.5
64824,1690,2025-08-31,1031.11
64825,1690,2025-09-30,711.05
64826,1690,2025-10-31,1319.82
64827,1690,2025-11-30,840.29
64828,1690,2025-12-31,1057.28
64829,1691,2024-01-31,897.09
64830,1691,2024-02-29,1029.2
64831,1691,2024-03-31,1286.21
64832,1691,2024-04-30,1602.25
64833,1691,2024-05-31,1216.06
64834,1691,2024-06-30,572.01
64835,1691,2024-07-31,654.12
64836,1691,2024-08-31,624.47
64837,1691,2024-09-30,695.82
64838,1691,2024-10-31,743.02
64839,1691,2024-11-30,546.06
64840,1691,2024-12-31,421.23
64841,1691,2025-01-31,1021.03
64842,1691,2025-02-28,1282.24
64843,1691,2025-03-31,1504.71
64844,1691,2025-04-30,664.53
64845,1691,2025-05-31,550.63
64846,1691,2025-06-30,1501.31
64847,1691,2025-07-31,917.43
64848,1691,2025-08-31,616.01
64849,1691,2025-09-30,741.57
64850,1691,2025-10-31,1017.87
64851,1691,2025-11-30,467.96
64852,1691,2025-12-31,1386.74
64853,1692,2024-03-31,719.51
64854,1692,2024-04-30,672.19
64855,1692,2024-05-31,1072.93
64856,1692,2024-06-30,993.22
64857,1692,2024-07-31,957.26
64858,1692,2024-08-31,741.76
64859,1692,2024-09-30,714.03
64860,1692,2024-10-31,453.95
64861,1692,2024-11-30,345.23
64862,1692,2024-12-31,745.51
64863,1692,2025-01-31,807.28
64864,1692,2025-02-28,527.76
64865,1692,2025-03-31,702.81
64866,1692,2025-04-30,800.57
64867,1692,2025-05-31,855.6
64868,1692,2025-06-30,1140.44
64869,1692,2025-07-31,836.35
64870,1692,2025-08-31,756.86
64871,1692,2025-09-30,837.7
64872,1692,2025-10-31,547.43
64873,1692,2025-11-30,875.22
64874,1692,2025-12-31,1143.06
64875,1693,2024-01-31,1550.2
64876,1693,2024-02-29,761.49
64877,1693,2024-03-31,1323.64
64878,1693,2024-04-30,1389.08
64879,1693,2024-05-31,1221.85
64880,1693,2024-06-30,1470.45
64881,1693,2024-07-31,1654.05
64882,1693,2024-08-31,1711.36
64883,1693,2024-09-30,979.91
64884,1693,2024-10-31,1673.09
64885,1693,2024-11-30,958.26
64886,1693,2024-12-31,890.35
64887,1693,2025-01-31,1167.22
64888,1693,2025-02-28,1171.18
64889,1693,2025-03-31,940.24
64890,1693,2025-04-30,583.24
64891,1693,2025-05-31,1490.03
64892,1693,2025-06-30,1186.89
64893,1693,2025-07-31,687.3
64894,1693,2025-08-31,789.87
64895,1693,2025-09-30,660.38
64896,1693,2025-10-31,589.48
64897,1693,2025-11-30,1344.96
64898,1693,2025-12-31,760.75
64899,1694,2024-07-31,401.86
64900,1694,2024-08-31,250.0
64901,1694,2024-09-30,250.0
64902,1694,2024-10-31,341.74
64903,1694,2024-11-30,396.03
64904,1694,2024-12-31,264.22
64905,1694,2025-01-31,367.4
64906,1694,2025-02-28,467.92
64907,1694,2025-03-31,250.0
64908,1694,2025-04-30,285.09
64909,1694,2025-05-31,250.0
64910,1694,2025-06-30,456.19
64911,1694,2025-07-31,250.0
64912,1694,2025-08-31,397.99
64913,1694,2025-09-30,463.09
64914,1694,2025-10-31,250.0
64915,1694,2025-11-30,282.06
64916,1694,2025-12-31,288.69
64917,1695,2024-06-30,947.59
64918,1695,2024-07-31,555.95
64919,1695,2024-08-31,345.84
64920,1695,2024-09-30,584.77
64921,1695,2024-10-31,546.09
64922,1695,2024-11-30,337.46
64923,1695,2024-12-31,738.55
64924,1695,2025-01-31,281.5
64925,1695,2025-02-28,756.67
64926,1695,2025-03-31,596.49
64927,1695,2025-04-30,330.62
64928,1695,2025-05-31,401.14
64929,1695,2025-06-30,620.47
64930,1695,2025-07-31,379.28
64931,1695,2025-08-31,663.41
64932,1695,2025-09-30,770.0
64933,1695,2025-10-31,814.87
64934,1695,2025-11-30,889.07
64935,1695,2025-12-31,634.66
64936,1696,2024-01-31,740.26
64937,1696,2024-02-29,587.48
64938,1696,2024-03-31,488.07
64939,1696,2024-04-30,749.65
64940,1696,2024-05-31,914.59
64941,1696,2024-06-30,872.29
64942,1696,2024-07-31,315.86
64943,1696,2024-08-31,257.32
64944,1696,2024-09-30,838.83
64945,1696,2024-10-31,1104.44
64946,1696,2024-11-30,966.68
64947,1696,2024-12-31,718.81
64948,1696,2025-01-31,973.27
64949,1696,2025-02-28,813.37
64950,1696,2025-03-31,455.68
64951,1696,2025-04-30,326.09
64952,1696,2025-05-31,1050.11
64953,1696,2025-06-30,614.38
64954,1696,2025-07-31,690.83
64955,1696,2025-08-31,536.43
64956,1696,2025-09-30,732.48
64957,1696,2025-10-31,620.6
64958,1696,2025-11-30,750.9
64959,1696,2025-12-31,490.35
64960,1697,2024-01-31,450.38
64961,1697,2024-02-29,295.79
64962,1697,2024-03-31,250.0
64963,1697,2024-04-30,250.0
64964,1697,2024-05-31,250.0
64965,1697,2024-06-30,263.74
64966,1697,2024-07-31,297.75
64967,1697,2024-08-31,250.0
64968,1697,2024-09-30,468.15
64969,1697,2024-10-31,330.69
64970,1697,2024-11-30,563.91
64971,1697,2024-12-31,368.12
64972,1697,2025-01-31,320.39
64973,1697,2025-02-28,473.37
64974,1697,2025-03-31,454.51
64975,1697,2025-04-30,393.66
64976,1697,2025-05-31,393.85
64977,1697,2025-06-30,271.94
64978,1697,2025-07-31,520.86
64979,1697,2025-08-31,290.72
64980,1697,2025-09-30,289.34
64981,1697,2025-10-31,270.66
64982,1697,2025-11-30,364.52
64983,1697,2025-12-31,250.0
64984,1698,2024-09-30,1124.71
64985,1698,2024-10-31,986.94
64986,1698,2024-11-30,376.92
64987,1698,2024-12-31,430.86
64988,1698,2025-01-31,1035.75
64989,1698,2025-02-28,1088.17
64990,1698,2025-03-31,1170.17
64991,1698,2025-04-30,815.41
64992,1698,2025-05-31,459.09
64993,1698,2025-06-30,1135.12
64994,1698,2025-07-31,1258.54
64995,1698,2025-08-31,397.21
64996,1698,2025-09-30,506.73
64997,1698,2025-10-31,1333.74
64998,1698,2025-11-30,930.58
64999,1698,2025-12-31,746.6
65000,1699,2024-01-31,906.83
65001,1699,2024-02-29,250.0
65002,1699,2024-03-31,819.4
65003,1699,2024-04-30,476.73
65004,1699,2024-05-31,863.99
65005,1699,2024-06-30,772.14
65006,1699,2024-07-31,250.0
65007,1699,2024-08-31,256.23
65008,1699,2024-09-30,352.6
65009,1699,2024-10-31,674.8
65010,1699,2024-11-30,558.17
65011,1699,2024-12-31,315.66
65012,1699,2025-01-31,716.63
65013,1699,2025-02-28,725.3
65014,1699,2025-03-31,467.95
65015,1699,2025-04-30,464.72
65016,1699,2025-05-31,510.15
65017,1699,2025-06-30,410.36
65018,1699,2025-07-31,301.98
65019,1699,2025-08-31,377.99
65020,1699,2025-09-30,930.16
65021,1699,2025-10-31,826.11
65022,1699,2025-11-30,522.47
65023,1699,2025-12-31,669.3
65024,1700,2024-09-30,412.46
65025,1700,2024-10-31,387.1
65026,1700,2024-11-30,537.6
65027,1700,2024-12-31,569.09
65028,1700,2025-01-31,1096.81
65029,1700,2025-02-28,786.03
65030,1700,2025-03-31,1021.96
65031,1700,2025-04-30,1194.88
65032,1700,2025-05-31,915.47
65033,1700,2025-06-30,468.11
65034,1700,2025-07-31,996.41
65035,1700,2025-08-31,580.0
65036,1700,2025-09-30,599.29
65037,1700,2025-10-31,878.44
65038,1700,2025-11-30,691.82
65039,1700,2025-12-31,1016.91
65040,1701,2024-01-31,1394.05
65041,1701,2024-02-29,758.39
65042,1701,2024-03-31,1095.45
65043,1701,2024-04-30,1488.17
65044,1701,2024-05-31,661.86
65045,1701,2024-06-30,918.03
65046,1701,2024-07-31,865.24
65047,1701,2024-08-31,673.25
65048,1701,2024-09-30,929.11
65049,1701,2024-10-31,720.12
65050,1701,2024-11-30,1408.72
65051,1701,2024-12-31,608.99
65052,1701,2025-01-31,981.19
65053,1701,2025-02-28,812.69
65054,1701,2025-03-31,1063.37
65055,1701,2025-04-30,534.42
65056,1701,2025-05-31,1094.19
65057,1701,2025-06-30,1060.58
65058,1701,2025-07-31,800.28
65059,1701,2025-08-31,684.66
65060,1701,2025-09-30,1115.44
65061,1701,2025-10-31,797.77
65062,1701,2025-11-30,1246.25
65063,1701,2025-12-31,1254.54
65064,1702,2024-01-31,717.32
65065,1702,2024-02-29,462.24
65066,1702,2024-03-31,444.23
65067,1702,2024-04-30,1099.8
65068,1702,2024-05-31,807.9
65069,1702,2024-06-30,725.95
65070,1702,2024-07-31,747.28
65071,1702,2024-08-31,841.38
65072,1702,2024-09-30,1167.17
65073,1702,2024-10-31,506.86
65074,1702,2024-11-30,796.85
65075,1702,2024-12-31,660.87
65076,1702,2025-01-31,603.89
65077,1702,2025-02-28,707.57
65078,1702,2025-03-31,897.03
65079,1702,2025-04-30,1050.4
65080,1702,2025-05-31,510.15
65081,1702,2025-06-30,460.21
65082,1702,2025-07-31,655.34
65083,1702,2025-08-31,1349.65
65084,1702,2025-09-30,690.84
65085,1702,2025-10-31,787.43
65086,1702,2025-11-30,464.8
65087,1702,2025-12-31,428.64
65088,1703,2024-01-31,348.41
65089,1703,2024-02-29,689.75
65090,1703,2024-03-31,539.61
65091,1703,2024-04-30,485.06
65092,1703,2024-05-31,294.13
65093,1703,2024-06-30,596.86
65094,1703,2024-07-31,890.21
65095,1703,2024-08-31,294.62
65096,1703,2024-09-30,861.87
65097,1703,2024-10-31,608.21
65098,1703,2024-11-30,613.98
65099,1703,2024-12-31,771.47
65100,1703,2025-01-31,740.19
65101,1703,2025-02-28,307.07
65102,1703,2025-03-31,673.57
65103,1703,2025-04-30,498.69
65104,1703,2025-05-31,693.59
65105,1703,2025-06-30,437.52
65106,1703,2025-07-31,419.35
65107,1703,2025-08-31,318.77
65108,1703,2025-09-30,482.77
65109,1703,2025-10-31,375.86
65110,1703,2025-11-30,409.41
65111,1703,2025-12-31,848.37
65112,1704,2024-04-30,608.67
65113,1704,2024-05-31,896.71
65114,1704,2024-06-30,731.37
65115,1704,2024-07-31,1035.31
65116,1704,2024-08-31,1147.88
65117,1704,2024-09-30,664.49
65118,1704,2024-10-31,572.75
65119,1704,2024-11-30,417.12
65120,1704,2024-12-31,472.1
65121,1704,2025-01-31,634.64
65122,1704,2025-02-28,541.63
65123,1704,2025-03-31,547.36
65124,1704,2025-04-30,1041.02
65125,1704,2025-05-31,1054.45
65126,1704,2025-06-30,539.19
65127,1704,2025-07-31,699.87
65128,1704,2025-08-31,553.87
65129,1704,2025-09-30,571.1
65130,1704,2025-10-31,425.78
65131,1704,2025-11-30,339.64
65132,1704,2025-12-31,741.73
65133,1705,2024-01-31,1532.16
65134,1705,2024-02-29,1102.79
65135,1705,2024-03-31,1004.85
65136,1705,2024-04-30,1838.59
65137,1705,2024-05-31,1016.94
65138,1705,2024-06-30,1521.19
65139,1705,2024-07-31,1449.34
65140,1705,2024-08-31,1009.97
65141,1705,2024-09-30,840.22
65142,1705,2024-10-31,1243.11
65143,1705,2024-11-30,745.07
65144,1705,2024-12-31,958.07
65145,1705,2025-01-31,1095.61
65146,1705,2025-02-28,777.51
65147,1705,2025-03-31,877.15
65148,1705,2025-04-30,687.18
65149,1705,2025-05-31,981.05
65150,1705,2025-06-30,1629.98
65151,1705,2025-07-31,855.74
65152,1705,2025-08-31,801.46
65153,1705,2025-09-30,1585.98
65154,1705,2025-10-31,1452.87
65155,1705,2025-11-30,1360.65
65156,1705,2025-12-31,1390.16
65157,1706,2024-01-31,992.87
65158,1706,2024-02-29,392.93
65159,1706,2024-03-31,424.98
65160,1706,2024-04-30,284.8
65161,1706,2024-05-31,532.78
65162,1706,2024-06-30,367.65
65163,1706,2024-07-31,809.39
65164,1706,2024-08-31,537.57
65165,1706,2024-09-30,786.76
65166,1706,2024-10-31,708.56
65167,1706,2024-11-30,821.27
65168,1706,2024-12-31,1078.74
65169,1706,2025-01-31,694.76
65170,1706,2025-02-28,804.55
65171,1706,2025-03-31,781.21
65172,1706,2025-04-30,959.79
65173,1706,2025-05-31,684.06
65174,1706,2025-06-30,741.31
65175,1706,2025-07-31,661.49
65176,1706,2025-08-31,1128.0
65177,1706,2025-09-30,773.47
65178,1706,2025-10-31,364.87
65179,1706,2025-11-30,795.5
65180,1706,2025-12-31,379.45
65181,1707,2024-01-31,975.63
65182,1707,2024-02-29,555.91
65183,1707,2024-03-31,555.81
65184,1707,2024-04-30,453.83
65185,1707,2024-05-31,568.48
65186,1707,2024-06-30,299.55
65187,1707,2024-07-31,577.29
65188,1707,2024-08-31,816.09
65189,1707,2024-09-30,645.53
65190,1707,2024-10-31,659.03
65191,1707,2024-11-30,750.6
65192,1707,2024-12-31,559.63
65193,1707,2025-01-31,413.58
65194,1707,2025-02-28,560.34
65195,1707,2025-03-31,684.15
65196,1707,2025-04-30,780.22
65197,1707,2025-05-31,725.62
65198,1707,2025-06-30,440.17
65199,1707,2025-07-31,654.61
65200,1707,2025-08-31,532.76
65201,1707,2025-09-30,743.83
65202,1707,2025-10-31,654.64
65203,1707,2025-11-30,315.07
65204,1707,2025-12-31,320.51
65205,1708,2024-01-31,1175.6
65206,1708,2024-02-29,722.4
65207,1708,2024-03-31,940.04
65208,1708,2024-04-30,569.66
65209,1708,2024-05-31,696.81
65210,1708,2024-06-30,667.16
65211,1708,2024-07-31,556.68
65212,1708,2024-08-31,1488.54
65213,1708,2024-09-30,692.05
65214,1708,2024-10-31,654.17
65215,1708,2024-11-30,1232.31
65216,1708,2024-12-31,725.97
65217,1708,2025-01-31,573.29
65218,1708,2025-02-28,1267.14
65219,1708,2025-03-31,591.25
65220,1708,2025-04-30,557.07
65221,1708,2025-05-31,849.51
65222,1708,2025-06-30,1104.8
65223,1708,2025-07-31,1183.37
65224,1708,2025-08-31,1417.1
65225,1708,2025-09-30,1182.55
65226,1708,2025-10-31,1328.87
65227,1708,2025-11-30,890.28
65228,1708,2025-12-31,789.12
65229,1709,2024-01-31,1138.72
65230,1709,2024-02-29,673.3
65231,1709,2024-03-31,806.83
65232,1709,2024-04-30,1338.44
65233,1709,2024-05-31,471.73
65234,1709,2024-06-30,1168.3
65235,1709,2024-07-31,771.06
65236,1709,2024-08-31,1069.5
65237,1709,2024-09-30,716.94
65238,1709,2024-10-31,688.65
65239,1709,2024-11-30,1069.72
65240,1709,2024-12-31,1043.22
65241,1709,2025-01-31,902.57
65242,1709,2025-02-28,1058.72
65243,1709,2025-03-31,960.56
65244,1709,2025-04-30,1195.01
65245,1709,2025-05-31,415.84
65246,1709,2025-06-30,631.24
65247,1709,2025-07-31,809.25
65248,1709,2025-08-31,880.95
65249,1709,2025-09-30,1016.86
65250,1709,2025-10-31,1219.17
65251,1709,2025-11-30,669.03
65252,1709,2025-12-31,597.27
65253,1710,2024-01-31,1353.49
65254,1710,2024-02-29,502.62
65255,1710,2024-03-31,1249.32
65256,1710,2024-04-30,1225.72
65257,1710,2024-05-31,1023.33
65258,1710,2024-06-30,1317.7
65259,1710,2024-07-31,435.36
65260,1710,2024-08-31,1479.61
65261,1710,2024-09-30,720.02
65262,1710,2024-10-31,572.18
65263,1710,2024-11-30,1199.0
65264,1710,2024-12-31,1387.83
65265,1710,2025-01-31,704.21
65266,1710,2025-02-28,710.43
65267,1710,2025-03-31,1148.22
65268,1710,2025-04-30,972.0
65269,1710,2025-05-31,1120.4
65270,1710,2025-06-30,584.44
65271,1710,2025-07-31,1005.51
65272,1710,2025-08-31,748.74
65273,1710,2025-09-30,715.0
65274,1710,2025-10-31,1699.15
65275,1710,2025-11-30,1231.42
65276,1710,2025-12-31,1300.58
65277,1711,2024-05-31,965.56
65278,1711,2024-06-30,535.74
65279,1711,2024-07-31,886.98
65280,1711,2024-08-31,464.98
65281,1711,2024-09-30,448.95
65282,1711,2024-10-31,816.95
65283,1711,2024-11-30,848.62
65284,1711,2024-12-31,797.46
65285,1711,2025-01-31,430.37
65286,1711,2025-02-28,451.42
65287,1711,2025-03-31,1235.85
65288,1711,2025-04-30,739.43
65289,1711,2025-05-31,515.74
65290,1711,2025-06-30,424.27
65291,1711,2025-07-31,1138.64
65292,1711,2025-08-31,1095.6
65293,1711,2025-09-30,918.44
65294,1711,2025-10-31,1164.46
65295,1711,2025-11-30,889.7
65296,1711,2025-12-31,592.42
65297,1712,2024-01-31,921.81
65298,1712,2024-02-29,1027.18
65299,1712,2024-03-31,1106.22
65300,1712,2024-04-30,1077.08
65301,1712,2024-05-31,1165.56
65302,1712,2024-06-30,1054.73
65303,1712,2024-07-31,1071.56
65304,1712,2024-08-31,1242.1
65305,1712,2024-09-30,936.89
65306,1712,2024-10-31,933.16
65307,1712,2024-11-30,1074.16
65308,1712,2024-12-31,1404.76
65309,1712,2025-01-31,795.83
65310,1712,2025-02-28,860.09
65311,1712,2025-03-31,871.12
65312,1712,2025-04-30,1376.81
65313,1712,2025-05-31,1452.99
65314,1712,2025-06-30,429.41
65315,1712,2025-07-31,511.35
65316,1712,2025-08-31,769.19
65317,1712,2025-09-30,647.17
65318,1712,2025-10-31,616.04
65319,1712,2025-11-30,1324.47
65320,1712,2025-12-31,881.09
65321,1713,2024-09-30,479.95
65322,1713,2024-10-31,588.29
65323,1713,2024-11-30,552.97
65324,1713,2024-12-31,384.89
65325,1713,2025-01-31,944.41
65326,1713,2025-02-28,755.74
65327,1713,2025-03-31,834.35
65328,1713,2025-04-30,852.74
65329,1713,2025-05-31,972.72
65330,1713,2025-06-30,497.86
65331,1713,2025-07-31,605.41
65332,1713,2025-08-31,789.83
65333,1713,2025-09-30,446.73
65334,1713,2025-10-31,427.59
65335,1713,2025-11-30,625.72
65336,1713,2025-12-31,474.91
65337,1714,2024-10-31,1153.34
65338,1714,2024-11-30,836.07
65339,1714,2024-12-31,531.19
65340,1714,2025-01-31,961.5
65341,1714,2025-02-28,669.05
65342,1714,2025-03-31,505.79
65343,1714,2025-04-30,542.76
65344,1714,2025-05-31,722.07
65345,1714,2025-06-30,813.87
65346,1714,2025-07-31,1276.45
65347,1714,2025-08-31,590.06
65348,1714,2025-09-30,1219.85
65349,1714,2025-10-31,638.84
65350,1714,2025-11-30,399.84
65351,1714,2025-12-31,987.9
65352,1715,2024-05-31,916.0
65353,1715,2024-06-30,824.34
65354,1715,2024-07-31,475.56
65355,1715,2024-08-31,933.17
65356,1715,2024-09-30,1094.0
65357,1715,2024-10-31,1057.65
65358,1715,2024-11-30,1007.84
65359,1715,2024-12-31,681.03
65360,1715,2025-01-31,335.4
65361,1715,2025-02-28,1079.29
65362,1715,2025-03-31,771.77
65363,1715,2025-04-30,596.28
65364,1715,2025-05-31,602.24
65365,1715,2025-06-30,1275.16
65366,1715,2025-07-31,417.6
65367,1715,2025-08-31,1094.32
65368,1715,2025-09-30,764.19
65369,1715,2025-10-31,361.87
65370,1715,2025-11-30,510.59
65371,1715,2025-12-31,1108.15
65372,1716,2024-11-30,538.0
65373,1716,2024-12-31,527.2
65374,1716,2025-01-31,303.86
65375,1716,2025-02-28,656.57
65376,1716,2025-03-31,250.0
65377,1716,2025-04-30,672.89
65378,1716,2025-05-31,269.08
65379,1716,2025-06-30,654.54
65380,1716,2025-07-31,527.91
65381,1716,2025-08-31,272.05
65382,1716,2025-09-30,603.34
65383,1716,2025-10-31,427.95
65384,1716,2025-11-30,383.08
65385,1716,2025-12-31,316.36
65386,1717,2024-01-31,278.39
65387,1717,2024-02-29,284.83
65388,1717,2024-03-31,614.25
65389,1717,2024-04-30,333.72
65390,1717,2024-05-31,299.47
65391,1717,2024-06-30,466.97
65392,1717,2024-07-31,265.38
65393,1717,2024-08-31,250.0
65394,1717,2024-09-30,486.41
65395,1717,2024-10-31,250.0
65396,1717,2024-11-30,250.0
65397,1717,2024-12-31,517.58
65398,1717,2025-01-31,263.1
65399,1717,2025-02-28,250.0
65400,1717,2025-03-31,405.08
65401,1717,2025-04-30,264.94
65402,1717,2025-05-31,250.0
65403,1717,2025-06-30,372.25
65404,1717,2025-07-31,290.57
65405,1717,2025-08-31,250.0
65406,1717,2025-09-30,288.48
65407,1717,2025-10-31,250.0
65408,1717,2025-11-30,659.76
65409,1717,2025-12-31,512.2
65410,1718,2024-08-31,1160.98
65411,1718,2024-09-30,843.54
65412,1718,2024-10-31,1307.38
65413,1718,2024-11-30,818.58
65414,1718,2024-12-31,1146.65
65415,1718,2025-01-31,1103.89
65416,1718,2025-02-28,1194.1
65417,1718,2025-03-31,978.75
65418,1718,2025-04-30,637.98
65419,1718,2025-05-31,1760.76
65420,1718,2025-06-30,1212.75
65421,1718,2025-07-31,1595.02
65422,1718,2025-08-31,549.5
65423,1718,2025-09-30,1340.79
65424,1718,2025-10-31,789.53
65425,1718,2025-11-30,1045.27
65426,1718,2025-12-31,1478.39
65427,1719,2024-06-30,572.08
65428,1719,2024-07-31,622.3
65429,1719,2024-08-31,484.27
65430,1719,2024-09-30,831.83
65431,1719,2024-10-31,737.93
65432,1719,2024-11-30,644.54
65433,1719,2024-12-31,409.68
65434,1719,2025-01-31,802.92
65435,1719,2025-02-28,733.32
65436,1719,2025-03-31,1091.32
65437,1719,2025-04-30,510.96
65438,1719,2025-05-31,680.56
65439,1719,2025-06-30,446.06
65440,1719,2025-07-31,856.22
65441,1719,2025-08-31,1086.1
65442,1719,2025-09-30,372.16
65443,1719,2025-10-31,893.04
65444,1719,2025-11-30,565.52
65445,1719,2025-12-31,976.04
65446,1720,2024-02-29,316.04
65447,1720,2024-03-31,511.41
65448,1720,2024-04-30,399.55
65449,1720,2024-05-31,327.53
65450,1720,2024-06-30,695.1
65451,1720,2024-07-31,739.55
65452,1720,2024-08-31,415.01
65453,1720,2024-09-30,774.14
65454,1720,2024-10-31,321.08
65455,1720,2024-11-30,469.95
65456,1720,2024-12-31,298.6
65457,1720,2025-01-31,572.4
65458,1720,2025-02-28,515.15
65459,1720,2025-03-31,480.59
65460,1720,2025-04-30,621.05
65461,1720,2025-05-31,547.04
65462,1720,2025-06-30,642.71
65463,1720,2025-07-31,389.21
65464,1720,2025-08-31,250.0
65465,1720,2025-09-30,701.81
65466,1720,2025-10-31,463.75
65467,1720,2025-11-30,467.9
65468,1720,2025-12-31,763.86
65469,1721,2024-01-31,600.6
65470,1721,2024-02-29,933.55
65471,1721,2024-03-31,1000.48
65472,1721,2024-04-30,770.76
65473,1721,2024-05-31,1170.95
65474,1721,2024-06-30,1420.32
65475,1721,2024-07-31,1393.19
65476,1721,2024-08-31,690.56
65477,1721,2024-09-30,1126.3
65478,1721,2024-10-31,632.26
65479,1721,2024-11-30,703.04
65480,1721,2024-12-31,1191.74
65481,1721,2025-01-31,994.54
65482,1721,2025-02-28,751.24
65483,1721,2025-03-31,1336.49
65484,1721,2025-04-30,1473.43
65485,1721,2025-05-31,597.33
65486,1721,2025-06-30,1073.4
65487,1721,2025-07-31,1249.93
65488,1721,2025-08-31,1470.21
65489,1721,2025-09-30,785.05
65490,1721,2025-10-31,1250.38
65491,1721,2025-11-30,1011.8
65492,1721,2025-12-31,853.53
65493,1722,2024-02-29,1825.47
65494,1722,2024-03-31,1360.19
65495,1722,2024-04-30,1147.3
65496,1722,2024-05-31,1705.83
65497,1722,2024-06-30,504.83
65498,1722,2024-07-31,692.91
65499,1722,2024-08-31,929.94
65500,1722,2024-09-30,1013.03
65501,1722,2024-10-31,1679.13
65502,1722,2024-11-30,690.44
65503,1722,2024-12-31,1387.78
65504,1722,2025-01-31,1306.67
65505,1722,2025-02-28,827.33
65506,1722,2025-03-31,1336.36
65507,1722,2025-04-30,885.64
65508,1722,2025-05-31,748.98
65509,1722,2025-06-30,838.95
65510,1722,2025-07-31,1715.11
65511,1722,2025-08-31,1770.24
65512,1722,2025-09-30,1684.99
65513,1722,2025-10-31,1679.8
65514,1722,2025-11-30,904.22
65515,1722,2025-12-31,864.15
65516,1723,2024-10-31,256.2
65517,1723,2024-11-30,250.0
65518,1723,2024-12-31,250.0
65519,1723,2025-01-31,250.0
65520,1723,2025-02-28,262.29
65521,1723,2025-03-31,250.0
65522,1723,2025-04-30,313.97
65523,1723,2025-05-31,484.1
65524,1723,2025-06-30,250.0
65525,1723,2025-07-31,326.87
65526,1723,2025-08-31,250.0
65527,1723,2025-09-30,250.0
65528,1723,2025-10-31,260.87
65529,1723,2025-11-30,250.0
65530,1723,2025-12-31,250.0
65531,1724,2024-12-31,461.86
65532,1724,2025-01-31,471.59
65533,1724,2025-02-28,517.46
65534,1724,2025-03-31,571.31
65535,1724,2025-04-30,732.71
65536,1724,2025-05-31,866.3
65537,1724,2025-06-30,689.8
65538,1724,2025-07-31,664.26
65539,1724,2025-08-31,391.41
65540,1724,2025-09-30,581.96
65541,1724,2025-10-31,321.08
65542,1724,2025-11-30,431.69
65543,1724,2025-12-31,281.02
65544,1725,2024-01-31,470.45
65545,1725,2024-02-29,452.99
65546,1725,2024-03-31,826.46
65547,1725,2024-04-30,435.61
65548,1725,2024-05-31,786.63
65549,1725,2024-06-30,664.14
65550,1725,2024-07-31,366.32
65551,1725,2024-08-31,398.4
65552,1725,2024-09-30,413.93
65553,1725,2024-10-31,772.73
65554,1725,2024-11-30,469.4
65555,1725,2024-12-31,547.4
65556,1725,2025-01-31,585.24
65557,1725,2025-02-28,726.58
65558,1725,2025-03-31,367.4
65559,1725,2025-04-30,510.75
65560,1725,2025-05-31,491.69
65561,1725,2025-06-30,661.0
65562,1725,2025-07-31,767.97
65563,1725,2025-08-31,308.24
65564,1725,2025-09-30,535.69
65565,1725,2025-10-31,741.39
65566,1725,2025-11-30,1117.15
65567,1725,2025-12-31,479.95
65568,1726,2024-01-31,1685.19
65569,1726,2024-02-29,714.91
65570,1726,2024-03-31,915.38
65571,1726,2024-04-30,1265.02
65572,1726,2024-05-31,1660.3
65573,1726,2024-06-30,1313.37
65574,1726,2024-07-31,1718.62
65575,1726,2024-08-31,1374.65
65576,1726,2024-09-30,1794.28
65577,1726,2024-10-31,1043.33
65578,1726,2024-11-30,1539.75
65579,1726,2024-12-31,1402.46
65580,1726,2025-01-31,999.39
65581,1726,2025-02-28,1071.93
65582,1726,2025-03-31,2137.86
65583,1726,2025-04-30,1180.8
65584,1726,2025-05-31,1297.82
65585,1726,2025-06-30,1491.68
65586,1726,2025-07-31,1662.74
65587,1726,2025-08-31,1134.04
65588,1726,2025-09-30,1153.05
65589,1726,2025-10-31,1174.24
65590,1726,2025-11-30,2098.6
65591,1726,2025-12-31,712.26
65592,1727,2024-06-30,596.24
65593,1727,2024-07-31,1173.75
65594,1727,2024-08-31,564.49
65595,1727,2024-09-30,486.57
65596,1727,2024-10-31,945.13
65597,1727,2024-11-30,521.95
65598,1727,2024-12-31,1263.81
65599,1727,2025-01-31,1340.25
65600,1727,2025-02-28,856.59
65601,1727,2025-03-31,729.67
65602,1727,2025-04-30,627.52
65603,1727,2025-05-31,927.57
65604,1727,2025-06-30,1144.1
65605,1727,2025-07-31,654.81
65606,1727,2025-08-31,766.31
65607,1727,2025-09-30,1029.08
65608,1727,2025-10-31,1107.03
65609,1727,2025-11-30,479.29
65610,1727,2025-12-31,967.05
65611,1728,2024-01-31,1104.93
65612,1728,2024-02-29,1206.56
65613,1728,2024-03-31,767.39
65614,1728,2024-04-30,1025.89
65615,1728,2024-05-31,1131.98
65616,1728,2024-06-30,1284.95
65617,1728,2024-07-31,1183.33
65618,1728,2024-08-31,849.63
65619,1728,2024-09-30,1460.18
65620,1728,2024-10-31,1692.69
65621,1728,2024-11-30,728.44
65622,1728,2024-12-31,540.06
65623,1728,2025-01-31,1370.12
65624,1728,2025-02-28,1334.29
65625,1728,2025-03-31,1294.78
65626,1728,2025-04-30,532.22
65627,1728,2025-05-31,614.44
65628,1728,2025-06-30,1139.2
65629,1728,2025-07-31,1663.47
65630,1728,2025-08-31,1199.27
65631,1728,2025-09-30,785.99
65632,1728,2025-10-31,655.91
65633,1728,2025-11-30,693.3
65634,1728,2025-12-31,815.32
65635,1729,2024-01-31,583.35
65636,1729,2024-02-29,375.58
65637,1729,2024-03-31,275.34
65638,1729,2024-04-30,710.68
65639,1729,2024-05-31,757.18
65640,1729,2024-06-30,565.9
65641,1729,2024-07-31,657.27
65642,1729,2024-08-31,536.18
65643,1729,2024-09-30,399.58
65644,1729,2024-10-31,614.29
65645,1729,2024-11-30,551.5
65646,1729,2024-12-31,534.58
65647,1729,2025-01-31,420.28
65648,1729,2025-02-28,591.58
65649,1729,2025-03-31,577.09
65650,1729,2025-04-30,766.26
65651,1729,2025-05-31,611.37
65652,1729,2025-06-30,829.02
65653,1729,2025-07-31,534.94
65654,1729,2025-08-31,287.11
65655,1729,2025-09-30,881.0
65656,1729,2025-10-31,304.69
65657,1729,2025-11-30,738.83
65658,1729,2025-12-31,355.98
65659,1730,2024-02-29,673.16
65660,1730,2024-03-31,879.66
65661,1730,2024-04-30,305.06
65662,1730,2024-05-31,729.14
65663,1730,2024-06-30,697.31
65664,1730,2024-07-31,497.84
65665,1730,2024-08-31,505.37
65666,1730,2024-09-30,458.79
65667,1730,2024-10-31,432.05
65668,1730,2024-11-30,336.76
65669,1730,2024-12-31,383.35
65670,1730,2025-01-31,669.05
65671,1730,2025-02-28,612.88
65672,1730,2025-03-31,271.25
65673,1730,2025-04-30,569.02
65674,1730,2025-05-31,744.53
65675,1730,2025-06-30,689.01
65676,1730,2025-07-31,537.85
65677,1730,2025-08-31,737.03
65678,1730,2025-09-30,389.23
65679,1730,2025-10-31,606.83
65680,1730,2025-11-30,522.17
65681,1730,2025-12-31,284.36
65682,1731,2024-12-31,1541.59
65683,1731,2025-01-31,718.62
65684,1731,2025-02-28,773.37
65685,1731,2025-03-31,1141.19
65686,1731,2025-04-30,518.4
65687,1731,2025-05-31,1141.03
65688,1731,2025-06-30,903.1
65689,1731,2025-07-31,1355.4
65690,1731,2025-08-31,1040.02
65691,1731,2025-09-30,882.64
65692,1731,2025-10-31,988.27
65693,1731,2025-11-30,1086.9
65694,1731,2025-12-31,1566.16
65695,1732,2024-01-31,986.35
65696,1732,2024-02-29,774.42
65697,1732,2024-03-31,530.57
65698,1732,2024-04-30,630.3
65699,1732,2024-05-31,1362.06
65700,1732,2024-06-30,865.05
65701,1732,2024-07-31,1089.51
65702,1732,2024-08-31,616.74
65703,1732,2024-09-30,693.59
65704,1732,2024-10-31,726.28
65705,1732,2024-11-30,582.44
65706,1732,2024-12-31,708.67
65707,1732,2025-01-31,593.3
65708,1732,2025-02-28,1024.79
65709,1732,2025-03-31,415.2
65710,1732,2025-04-30,779.13
65711,1732,2025-05-31,932.25
65712,1732,2025-06-30,982.82
65713,1732,2025-07-31,982.57
65714,1732,2025-08-31,1060.45
65715,1732,2025-09-30,416.51
65716,1732,2025-10-31,522.87
65717,1732,2025-11-30,953.21
65718,1732,2025-12-31,663.78
65719,1733,2024-01-31,620.42
65720,1733,2024-02-29,1101.67
65721,1733,2024-03-31,1165.08
65722,1733,2024-04-30,1136.48
65723,1733,2024-05-31,921.42
65724,1733,2024-06-30,1480.31
65725,1733,2024-07-31,1377.53
65726,1733,2024-08-31,1280.2
65727,1733,2024-09-30,857.12
65728,1733,2024-10-31,619.84
65729,1733,2024-11-30,1148.75
65730,1733,2024-12-31,731.08
65731,1733,2025-01-31,922.2
65732,1733,2025-02-28,902.74
65733,1733,2025-03-31,1018.74
65734,1733,2025-04-30,1051.87
65735,1733,2025-05-31,712.91
65736,1733,2025-06-30,622.81
65737,1733,2025-07-31,1133.83
65738,1733,2025-08-31,820.34
65739,1733,2025-09-30,571.7
65740,1733,2025-10-31,1140.36
65741,1733,2025-11-30,1025.81
65742,1733,2025-12-31,657.91
65743,1734,2024-01-31,999.04
65744,1734,2024-02-29,756.11
65745,1734,2024-03-31,798.58
65746,1734,2024-04-30,528.37
65747,1734,2024-05-31,835.41
65748,1734,2024-06-30,1085.17
65749,1734,2024-07-31,496.61
65750,1734,2024-08-31,1209.81
65751,1734,2024-09-30,990.34
65752,1734,2024-10-31,850.52
65753,1734,2024-11-30,429.05
65754,1734,2024-12-31,848.24
65755,1734,2025-01-31,622.75
65756,1734,2025-02-28,557.93
65757,1734,2025-03-31,363.93
65758,1734,2025-04-30,666.48
65759,1734,2025-05-31,604.96
65760,1734,2025-06-30,565.73
65761,1734,2025-07-31,881.94
65762,1734,2025-08-31,657.54
65763,1734,2025-09-30,839.93
65764,1734,2025-10-31,962.72
65765,1734,2025-11-30,751.25
65766,1734,2025-12-31,524.35
65767,1735,2024-01-31,601.76
65768,1735,2024-02-29,1061.23
65769,1735,2024-03-31,1090.56
65770,1735,2024-04-30,440.39
65771,1735,2024-05-31,750.3
65772,1735,2024-06-30,1115.61
65773,1735,2024-07-31,1031.98
65774,1735,2024-08-31,1255.58
65775,1735,2024-09-30,697.58
65776,1735,2024-10-31,1172.78
65777,1735,2024-11-30,933.38
65778,1735,2024-12-31,1254.32
65779,1735,2025-01-31,1096.48
65780,1735,2025-02-28,1225.49
65781,1735,2025-03-31,634.21
65782,1735,2025-04-30,1302.27
65783,1735,2025-05-31,599.34
65784,1735,2025-06-30,592.15
65785,1735,2025-07-31,555.98
65786,1735,2025-08-31,1124.22
65787,1735,2025-09-30,841.83
65788,1735,2025-10-31,846.46
65789,1735,2025-11-30,831.51
65790,1735,2025-12-31,1122.43
65791,1736,2024-01-31,993.6
65792,1736,2024-02-29,636.38
65793,1736,2024-03-31,518.52
65794,1736,2024-04-30,707.82
65795,1736,2024-05-31,740.61
65796,1736,2024-06-30,1079.18
65797,1736,2024-07-31,631.87
65798,1736,2024-08-31,1190.2
65799,1736,2024-09-30,1448.82
65800,1736,2024-10-31,1325.39
65801,1736,2024-11-30,1260.66
65802,1736,2024-12-31,964.76
65803,1736,2025-01-31,1358.71
65804,1736,2025-02-28,752.64
65805,1736,2025-03-31,1503.89
65806,1736,2025-04-30,719.11
65807,1736,2025-05-31,1257.22
65808,1736,2025-06-30,1254.38
65809,1736,2025-07-31,737.39
65810,1736,2025-08-31,599.62
65811,1736,2025-09-30,1314.56
65812,1736,2025-10-31,1128.41
65813,1736,2025-11-30,1356.87
65814,1736,2025-12-31,837.41
65815,1737,2024-03-31,1072.9
65816,1737,2024-04-30,562.87
65817,1737,2024-05-31,800.95
65818,1737,2024-06-30,1064.12
65819,1737,2024-07-31,1126.28
65820,1737,2024-08-31,950.88
65821,1737,2024-09-30,1080.64
65822,1737,2024-10-31,1292.22
65823,1737,2024-11-30,656.46
65824,1737,2024-12-31,629.84
65825,1737,2025-01-31,1284.34
65826,1737,2025-02-28,1216.06
65827,1737,2025-03-31,1165.81
65828,1737,2025-04-30,932.27
65829,1737,2025-05-31,699.24
65830,1737,2025-06-30,1218.67
65831,1737,2025-07-31,1117.13
65832,1737,2025-08-31,1256.37
65833,1737,2025-09-30,623.54
65834,1737,2025-10-31,671.44
65835,1737,2025-11-30,1615.65
65836,1737,2025-12-31,867.08
65837,1738,2024-03-31,1141.81
65838,1738,2024-04-30,994.39
65839,1738,2024-05-31,1141.42
65840,1738,2024-06-30,1377.85
65841,1738,2024-07-31,1278.09
65842,1738,2024-08-31,747.71
65843,1738,2024-09-30,1000.27
65844,1738,2024-10-31,839.56
65845,1738,2024-11-30,1390.91
65846,1738,2024-12-31,697.5
65847,1738,2025-01-31,1027.94
65848,1738,2025-02-28,1152.49
65849,1738,2025-03-31,1065.15
65850,1738,2025-04-30,1513.61
65851,1738,2025-05-31,1063.91
65852,1738,2025-06-30,613.65
65853,1738,2025-07-31,1411.6
65854,1738,2025-08-31,572.72
65855,1738,2025-09-30,1783.67
65856,1738,2025-10-31,787.85
65857,1738,2025-11-30,660.77
65858,1738,2025-12-31,523.49
65859,1739,2024-01-31,250.0
65860,1739,2024-02-29,490.53
65861,1739,2024-03-31,382.47
65862,1739,2024-04-30,508.67
65863,1739,2024-05-31,495.03
65864,1739,2024-06-30,494.53
65865,1739,2024-07-31,250.0
65866,1739,2024-08-31,301.55
65867,1739,2024-09-30,263.73
65868,1739,2024-10-31,254.59
65869,1739,2024-11-30,290.35
65870,1739,2024-12-31,349.75
65871,1739,2025-01-31,285.42
65872,1739,2025-02-28,292.88
65873,1739,2025-03-31,439.22
65874,1739,2025-04-30,383.97
65875,1739,2025-05-31,424.65
65876,1739,2025-06-30,250.0
65877,1739,2025-07-31,404.99
65878,1739,2025-08-31,392.82
65879,1739,2025-09-30,250.0
65880,1739,2025-10-31,250.0
65881,1739,2025-11-30,250.0
65882,1739,2025-12-31,564.83
65883,1740,2024-01-31,346.73
65884,1740,2024-02-29,423.51
65885,1740,2024-03-31,582.12
65886,1740,2024-04-30,274.62
65887,1740,2024-05-31,311.79
65888,1740,2024-06-30,436.33
65889,1740,2024-07-31,250.0
65890,1740,2024-08-31,355.13
65891,1740,2024-09-30,390.46
65892,1740,2024-10-31,250.0
65893,1740,2024-11-30,290.23
65894,1740,2024-12-31,250.0
65895,1740,2025-01-31,250.0
65896,1740,2025-02-28,419.45
65897,1740,2025-03-31,493.66
65898,1740,2025-04-30,267.8
65899,1740,2025-05-31,385.11
65900,1740,2025-06-30,250.0
65901,1740,2025-07-31,333.08
65902,1740,2025-08-31,250.0
65903,1740,2025-09-30,502.7
65904,1740,2025-10-31,274.93
65905,1740,2025-11-30,332.64
65906,1740,2025-12-31,508.55
65907,1741,2024-07-31,1100.81
65908,1741,2024-08-31,616.58
65909,1741,2024-09-30,1437.78
65910,1741,2024-10-31,1142.8
65911,1741,2024-11-30,1410.31
65912,1741,2024-12-31,706.37
65913,1741,2025-01-31,1095.81
65914,1741,2025-02-28,1295.29
65915,1741,2025-03-31,843.98
65916,1741,2025-04-30,972.89
65917,1741,2025-05-31,953.76
65918,1741,2025-06-30,858.5
65919,1741,2025-07-31,741.15
65920,1741,2025-08-31,993.44
65921,1741,2025-09-30,1399.23
65922,1741,2025-10-31,1818.12
65923,1741,2025-11-30,825.62
65924,1741,2025-12-31,669.52
65925,1742,2024-01-31,1025.32
65926,1742,2024-02-29,1240.42
65927,1742,2024-03-31,1565.28
65928,1742,2024-04-30,703.38
65929,1742,2024-05-31,1393.39
65930,1742,2024-06-30,1282.25
65931,1742,2024-07-31,1216.13
65932,1742,2024-08-31,1019.0
65933,1742,2024-09-30,1994.44
65934,1742,2024-10-31,1111.01
65935,1742,2024-11-30,1259.98
65936,1742,2024-12-31,1158.0
65937,1742,2025-01-31,1779.12
65938,1742,2025-02-28,1375.56
65939,1742,2025-03-31,1895.6
65940,1742,2025-04-30,1161.75
65941,1742,2025-05-31,882.95
65942,1742,2025-06-30,1982.09
65943,1742,2025-07-31,1205.79
65944,1742,2025-08-31,1001.34
65945,1742,2025-09-30,1314.84
65946,1742,2025-10-31,1752.71
65947,1742,2025-11-30,998.68
65948,1742,2025-12-31,814.45
65949,1743,2024-01-31,784.4
65950,1743,2024-02-29,782.03
65951,1743,2024-03-31,571.36
65952,1743,2024-04-30,586.59
65953,1743,2024-05-31,570.12
65954,1743,2024-06-30,324.62
65955,1743,2024-07-31,884.28
65956,1743,2024-08-31,536.52
65957,1743,2024-09-30,633.76
65958,1743,2024-10-31,465.38
65959,1743,2024-11-30,717.09
65960,1743,2024-12-31,421.26
65961,1743,2025-01-31,800.64
65962,1743,2025-02-28,389.68
65963,1743,2025-03-31,645.87
65964,1743,2025-04-30,650.18
65965,1743,2025-05-31,573.4
65966,1743,2025-06-30,478.1
65967,1743,2025-07-31,533.09
65968,1743,2025-08-31,491.89
65969,1743,2025-09-30,583.49
65970,1743,2025-10-31,946.52
65971,1743,2025-11-30,825.05
65972,1743,2025-12-31,363.55
65973,1744,2024-01-31,250.0
65974,1744,2024-02-29,250.0
65975,1744,2024-03-31,250.0
65976,1744,2024-04-30,340.04
65977,1744,2024-05-31,250.0
65978,1744,2024-06-30,296.27
65979,1744,2024-07-31,250.0
65980,1744,2024-08-31,440.71
65981,1744,2024-09-30,250.0
65982,1744,2024-10-31,323.4
65983,1744,2024-11-30,347.5
65984,1744,2024-12-31,275.01
65985,1744,2025-01-31,250.0
65986,1744,2025-02-28,250.0
65987,1744,2025-03-31,259.06
65988,1744,2025-04-30,250.0
65989,1744,2025-05-31,380.13
65990,1744,2025-06-30,386.57
65991,1744,2025-07-31,440.36
65992,1744,2025-08-31,373.1
65993,1744,2025-09-30,250.0
65994,1744,2025-10-31,274.71
65995,1744,2025-11-30,283.29
65996,1744,2025-12-31,317.31
65997,1745,2024-10-31,467.51
65998,1745,2024-11-30,842.48
65999,1745,2024-12-31,658.77
66000,1745,2025-01-31,476.34
66001,1745,2025-02-28,408.53
66002,1745,2025-03-31,1409.56
66003,1745,2025-04-30,1148.98
66004,1745,2025-05-31,800.56
66005,1745,2025-06-30,407.66
66006,1745,2025-07-31,418.27
66007,1745,2025-08-31,770.01
66008,1745,2025-09-30,1205.01
66009,1745,2025-10-31,1137.81
66010,1745,2025-11-30,552.68
66011,1745,2025-12-31,472.64
66012,1746,2024-01-31,690.63
66013,1746,2024-02-29,1391.75
66014,1746,2024-03-31,1046.37
66015,1746,2024-04-30,1108.78
66016,1746,2024-05-31,1145.69
66017,1746,2024-06-30,1359.94
66018,1746,2024-07-31,995.38
66019,1746,2024-08-31,1787.87
66020,1746,2024-09-30,1186.53
66021,1746,2024-10-31,1457.4
66022,1746,2024-11-30,1066.47
66023,1746,2024-12-31,699.1
66024,1746,2025-01-31,1308.63
66025,1746,2025-02-28,637.33
66026,1746,2025-03-31,1213.77
66027,1746,2025-04-30,1557.59
66028,1746,2025-05-31,930.91
66029,1746,2025-06-30,1331.2
66030,1746,2025-07-31,724.94
66031,1746,2025-08-31,1190.09
66032,1746,2025-09-30,1163.82
66033,1746,2025-10-31,1567.38
66034,1746,2025-11-30,1266.62
66035,1746,2025-12-31,1025.35
66036,1747,2024-01-31,1002.69
66037,1747,2024-02-29,1350.45
66038,1747,2024-03-31,2008.53
66039,1747,2024-04-30,1611.66
66040,1747,2024-05-31,836.19
66041,1747,2024-06-30,2000.77
66042,1747,2024-07-31,852.96
66043,1747,2024-08-31,1165.6
66044,1747,2024-09-30,848.88
66045,1747,2024-10-31,2329.4
66046,1747,2024-11-30,2324.37
66047,1747,2024-12-31,2255.7
66048,1747,2025-01-31,1249.93
66049,1747,2025-02-28,1743.52
66050,1747,2025-03-31,1602.74
66051,1747,2025-04-30,1374.8
66052,1747,2025-05-31,724.86
66053,1747,2025-06-30,714.35
66054,1747,2025-07-31,2415.56
66055,1747,2025-08-31,1018.33
66056,1747,2025-09-30,1141.41
66057,1747,2025-10-31,1536.88
66058,1747,2025-11-30,657.82
66059,1747,2025-12-31,1218.33
66060,1748,2024-10-31,1233.89
66061,1748,2024-11-30,732.57
66062,1748,2024-12-31,925.04
66063,1748,2025-01-31,1305.54
66064,1748,2025-02-28,510.39
66065,1748,2025-03-31,524.66
66066,1748,2025-04-30,1037.82
66067,1748,2025-05-31,1374.06
66068,1748,2025-06-30,1528.23
66069,1748,2025-07-31,1216.34
66070,1748,2025-08-31,975.87
66071,1748,2025-09-30,868.91
66072,1748,2025-10-31,868.85
66073,1748,2025-11-30,678.82
66074,1748,2025-12-31,1464.83
66075,1749,2024-01-31,1105.28
66076,1749,2024-02-29,548.28
66077,1749,2024-03-31,591.35
66078,1749,2024-04-30,582.48
66079,1749,2024-05-31,556.17
66080,1749,2024-06-30,1074.93
66081,1749,2024-07-31,692.35
66082,1749,2024-08-31,773.18
66083,1749,2024-09-30,760.8
66084,1749,2024-10-31,797.45
66085,1749,2024-11-30,746.94
66086,1749,2024-12-31,831.65
66087,1749,2025-01-31,752.89
66088,1749,2025-02-28,1084.05
66089,1749,2025-03-31,407.99
66090,1749,2025-04-30,735.21
66091,1749,2025-05-31,845.67
66092,1749,2025-06-30,882.62
66093,1749,2025-07-31,771.29
66094,1749,2025-08-31,636.1
66095,1749,2025-09-30,1195.86
66096,1749,2025-10-31,571.84
66097,1749,2025-11-30,1008.39
66098,1749,2025-12-31,1104.32
66099,1750,2024-01-31,967.51
66100,1750,2024-02-29,462.14
66101,1750,2024-03-31,485.85
66102,1750,2024-04-30,480.09
66103,1750,2024-05-31,432.72
66104,1750,2024-06-30,682.89
66105,1750,2024-07-31,908.51
66106,1750,2024-08-31,1040.13
66107,1750,2024-09-30,511.37
66108,1750,2024-10-31,549.86
66109,1750,2024-11-30,522.89
66110,1750,2024-12-31,720.45
66111,1750,2025-01-31,1005.17
66112,1750,2025-02-28,577.47
66113,1750,2025-03-31,1036.33
66114,1750,2025-04-30,475.13
66115,1750,2025-05-31,643.73
66116,1750,2025-06-30,666.0
66117,1750,2025-07-31,754.24
66118,1750,2025-08-31,1062.81
66119,1750,2025-09-30,740.52
66120,1750,2025-10-31,416.64
66121,1750,2025-11-30,627.31
66122,1750,2025-12-31,361.25
66123,1751,2024-01-31,502.4
66124,1751,2024-02-29,690.55
66125,1751,2024-03-31,1356.56
66126,1751,2024-04-30,1020.97
66127,1751,2024-05-31,549.85
66128,1751,2024-06-30,876.68
66129,1751,2024-07-31,446.71
66130,1751,2024-08-31,1014.35
66131,1751,2024-09-30,641.37
66132,1751,2024-10-31,966.71
66133,1751,2024-11-30,860.75
66134,1751,2024-12-31,1137.25
66135,1751,2025-01-31,571.46
66136,1751,2025-02-28,769.43
66137,1751,2025-03-31,984.68
66138,1751,2025-04-30,869.76
66139,1751,2025-05-31,495.63
66140,1751,2025-06-30,903.83
66141,1751,2025-07-31,1212.43
66142,1751,2025-08-31,756.1
66143,1751,2025-09-30,1102.29
66144,1751,2025-10-31,792.1
66145,1751,2025-11-30,427.24
66146,1751,2025-12-31,695.72
66147,1752,2024-05-31,704.71
66148,1752,2024-06-30,572.89
66149,1752,2024-07-31,603.95
66150,1752,2024-08-31,481.93
66151,1752,2024-09-30,783.69
66152,1752,2024-10-31,930.03
66153,1752,2024-11-30,372.94
66154,1752,2024-12-31,1117.38
66155,1752,2025-01-31,861.77
66156,1752,2025-02-28,667.11
66157,1752,2025-03-31,680.78
66158,1752,2025-04-30,643.11
66159,1752,2025-05-31,345.99
66160,1752,2025-06-30,1105.15
66161,1752,2025-07-31,552.89
66162,1752,2025-08-31,599.77
66163,1752,2025-09-30,826.63
66164,1752,2025-10-31,1181.04
66165,1752,2025-11-30,777.55
66166,1752,2025-12-31,872.92
66167,1753,2024-05-31,541.68
66168,1753,2024-06-30,417.44
66169,1753,2024-07-31,717.71
66170,1753,2024-08-31,376.35
66171,1753,2024-09-30,450.56
66172,1753,2024-10-31,387.8
66173,1753,2024-11-30,676.49
66174,1753,2024-12-31,691.45
66175,1753,2025-01-31,675.36
66176,1753,2025-02-28,303.53
66177,1753,2025-03-31,767.12
66178,1753,2025-04-30,419.9
66179,1753,2025-05-31,744.83
66180,1753,2025-06-30,763.32
66181,1753,2025-07-31,443.25
66182,1753,2025-08-31,617.66
66183,1753,2025-09-30,432.86
66184,1753,2025-10-31,656.22
66185,1753,2025-11-30,590.67
66186,1753,2025-12-31,518.54
66187,1754,2024-07-31,1381.53
66188,1754,2024-08-31,818.28
66189,1754,2024-09-30,1258.5
66190,1754,2024-10-31,1184.93
66191,1754,2024-11-30,991.22
66192,1754,2024-12-31,2214.79
66193,1754,2025-01-31,1263.51
66194,1754,2025-02-28,856.93
66195,1754,2025-03-31,1858.75
66196,1754,2025-04-30,1268.43
66197,1754,2025-05-31,1964.29
66198,1754,2025-06-30,1000.56
66199,1754,2025-07-31,1860.96
66200,1754,2025-08-31,1030.04
66201,1754,2025-09-30,1278.37
66202,1754,2025-10-31,1324.88
66203,1754,2025-11-30,1169.53
66204,1754,2025-12-31,1870.07
66205,1755,2024-01-31,1828.34
66206,1755,2024-02-29,1043.16
66207,1755,2024-03-31,836.29
66208,1755,2024-04-30,1029.66
66209,1755,2024-05-31,1998.7
66210,1755,2024-06-30,1477.36
66211,1755,2024-07-31,932.6
66212,1755,2024-08-31,1444.86
66213,1755,2024-09-30,593.89
66214,1755,2024-10-31,649.6
66215,1755,2024-11-30,1878.6
66216,1755,2024-12-31,1298.74
66217,1755,2025-01-31,838.36
66218,1755,2025-02-28,1173.25
66219,1755,2025-03-31,1955.05
66220,1755,2025-04-30,2487.66
66221,1755,2025-05-31,1556.73
66222,1755,2025-06-30,1468.61
66223,1755,2025-07-31,1263.45
66224,1755,2025-08-31,889.85
66225,1755,2025-09-30,2250.82
66226,1755,2025-10-31,1186.01
66227,1755,2025-11-30,1137.96
66228,1755,2025-12-31,1050.84
66229,1756,2024-01-31,1262.8
66230,1756,2024-02-29,1015.88
66231,1756,2024-03-31,1892.97
66232,1756,2024-04-30,1600.51
66233,1756,2024-05-31,1243.3
66234,1756,2024-06-30,1586.52
66235,1756,2024-07-31,676.3
66236,1756,2024-08-31,556.15
66237,1756,2024-09-30,1637.04
66238,1756,2024-10-31,773.47
66239,1756,2024-11-30,1444.25
66240,1756,2024-12-31,997.07
66241,1756,2025-01-31,718.07
66242,1756,2025-02-28,1903.19
66243,1756,2025-03-31,760.33
66244,1756,2025-04-30,1537.32
66245,1756,2025-05-31,1754.46
66246,1756,2025-06-30,588.53
66247,1756,2025-07-31,829.0
66248,1756,2025-08-31,1194.11
66249,1756,2025-09-30,1467.22
66250,1756,2025-10-31,1731.48
66251,1756,2025-11-30,1503.81
66252,1756,2025-12-31,1252.02
66253,1757,2024-11-30,523.8
66254,1757,2024-12-31,641.24
66255,1757,2025-01-31,770.39
66256,1757,2025-02-28,740.07
66257,1757,2025-03-31,614.15
66258,1757,2025-04-30,624.3
66259,1757,2025-05-31,590.2
66260,1757,2025-06-30,741.13
66261,1757,2025-07-31,469.05
66262,1757,2025-08-31,819.67
66263,1757,2025-09-30,784.04
66264,1757,2025-10-31,533.6
66265,1757,2025-11-30,549.0
66266,1757,2025-12-31,957.61
66267,1758,2024-08-31,822.76
66268,1758,2024-09-30,652.04
66269,1758,2024-10-31,1075.07
66270,1758,2024-11-30,1061.9
66271,1758,2024-12-31,605.72
66272,1758,2025-01-31,1365.17
66273,1758,2025-02-28,650.19
66274,1758,2025-03-31,1245.19
66275,1758,2025-04-30,1798.77
66276,1758,2025-05-31,1275.94
66277,1758,2025-06-30,631.99
66278,1758,2025-07-31,1057.43
66279,1758,2025-08-31,1512.65
66280,1758,2025-09-30,1216.27
66281,1758,2025-10-31,809.47
66282,1758,2025-11-30,1427.25
66283,1758,2025-12-31,1533.65
66284,1759,2024-01-31,1150.29
66285,1759,2024-02-29,730.13
66286,1759,2024-03-31,1023.18
66287,1759,2024-04-30,488.54
66288,1759,2024-05-31,584.8
66289,1759,2024-06-30,602.7
66290,1759,2024-07-31,1234.13
66291,1759,2024-08-31,1378.88
66292,1759,2024-09-30,853.96
66293,1759,2024-10-31,710.09
66294,1759,2024-11-30,702.74
66295,1759,2024-12-31,553.72
66296,1759,2025-01-31,980.14
66297,1759,2025-02-28,938.17
66298,1759,2025-03-31,1512.27
66299,1759,2025-04-30,1480.68
66300,1759,2025-05-31,1108.54
66301,1759,2025-06-30,814.5
66302,1759,2025-07-31,815.01
66303,1759,2025-08-31,672.61
66304,1759,2025-09-30,1244.89
66305,1759,2025-10-31,1272.73
66306,1759,2025-11-30,439.34
66307,1759,2025-12-31,496.58
66308,1760,2024-05-31,722.59
66309,1760,2024-06-30,719.56
66310,1760,2024-07-31,1052.04
66311,1760,2024-08-31,999.02
66312,1760,2024-09-30,1405.59
66313,1760,2024-10-31,873.44
66314,1760,2024-11-30,555.33
66315,1760,2024-12-31,1229.79
66316,1760,2025-01-31,698.63
66317,1760,2025-02-28,818.84
66318,1760,2025-03-31,501.6
66319,1760,2025-04-30,1307.55
66320,1760,2025-05-31,823.73
66321,1760,2025-06-30,564.81
66322,1760,2025-07-31,1208.52
66323,1760,2025-08-31,734.15
66324,1760,2025-09-30,558.12
66325,1760,2025-10-31,1020.23
66326,1760,2025-11-30,693.14
66327,1760,2025-12-31,854.47
66328,1761,2024-08-31,1579.58
66329,1761,2024-09-30,1717.61
66330,1761,2024-10-31,570.65
66331,1761,2024-11-30,1653.72
66332,1761,2024-12-31,1007.86
66333,1761,2025-01-31,1552.4
66334,1761,2025-02-28,1468.12
66335,1761,2025-03-31,1622.67
66336,1761,2025-04-30,1251.09
66337,1761,2025-05-31,1053.02
66338,1761,2025-06-30,752.13
66339,1761,2025-07-31,664.85
66340,1761,2025-08-31,1911.41
66341,1761,2025-09-30,846.64
66342,1761,2025-10-31,1103.9
66343,1761,2025-11-30,1058.44
66344,1761,2025-12-31,853.2
66345,1762,2024-02-29,747.5
66346,1762,2024-03-31,1279.0
66347,1762,2024-04-30,649.15
66348,1762,2024-05-31,1444.81
66349,1762,2024-06-30,478.45
66350,1762,2024-07-31,1231.75
66351,1762,2024-08-31,1062.48
66352,1762,2024-09-30,544.59
66353,1762,2024-10-31,688.72
66354,1762,2024-11-30,730.03
66355,1762,2024-12-31,675.14
66356,1762,2025-01-31,1121.07
66357,1762,2025-02-28,1390.82
66358,1762,2025-03-31,499.28
66359,1762,2025-04-30,586.05
66360,1762,2025-05-31,638.78
66361,1762,2025-06-30,1825.57
66362,1762,2025-07-31,1247.66
66363,1762,2025-08-31,805.69
66364,1762,2025-09-30,801.06
66365,1762,2025-10-31,1129.4
66366,1762,2025-11-30,1542.05
66367,1762,2025-12-31,1120.2
66368,1763,2024-04-30,1013.81
66369,1763,2024-05-31,1404.43
66370,1763,2024-06-30,668.72
66371,1763,2024-07-31,1164.88
66372,1763,2024-08-31,1431.7
66373,1763,2024-09-30,595.7
66374,1763,2024-10-31,568.22
66375,1763,2024-11-30,894.44
66376,1763,2024-12-31,1345.8
66377,1763,2025-01-31,792.9
66378,1763,2025-02-28,1491.97
66379,1763,2025-03-31,704.81
66380,1763,2025-04-30,847.63
66381,1763,2025-05-31,1210.89
66382,1763,2025-06-30,1332.24
66383,1763,2025-07-31,634.95
66384,1763,2025-08-31,1135.41
66385,1763,2025-09-30,1196.7
66386,1763,2025-10-31,1611.94
66387,1763,2025-11-30,941.06
66388,1763,2025-12-31,653.08
66389,1764,2024-01-31,741.76
66390,1764,2024-02-29,1067.45
66391,1764,2024-03-31,858.15
66392,1764,2024-04-30,862.59
66393,1764,2024-05-31,790.01
66394,1764,2024-06-30,756.24
66395,1764,2024-07-31,885.25
66396,1764,2024-08-31,1217.31
66397,1764,2024-09-30,779.64
66398,1764,2024-10-31,491.24
66399,1764,2024-11-30,957.59
66400,1764,2024-12-31,1598.67
66401,1764,2025-01-31,1125.02
66402,1764,2025-02-28,844.4
66403,1764,2025-03-31,850.05
66404,1764,2025-04-30,1111.07
66405,1764,2025-05-31,1624.23
66406,1764,2025-06-30,462.87
66407,1764,2025-07-31,1026.83
66408,1764,2025-08-31,1198.52
66409,1764,2025-09-30,698.37
66410,1764,2025-10-31,604.68
66411,1764,2025-11-30,1022.91
66412,1764,2025-12-31,760.15
66413,1765,2024-01-31,666.63
66414,1765,2024-02-29,1016.74
66415,1765,2024-03-31,1006.29
66416,1765,2024-04-30,922.48
66417,1765,2024-05-31,1102.17
66418,1765,2024-06-30,1192.07
66419,1765,2024-07-31,1302.38
66420,1765,2024-08-31,1556.2
66421,1765,2024-09-30,1059.34
66422,1765,2024-10-31,706.68
66423,1765,2024-11-30,603.26
66424,1765,2024-12-31,979.47
66425,1765,2025-01-31,429.54
66426,1765,2025-02-28,457.47
66427,1765,2025-03-31,939.27
66428,1765,2025-04-30,875.12
66429,1765,2025-05-31,816.43
66430,1765,2025-06-30,618.5
66431,1765,2025-07-31,703.43
66432,1765,2025-08-31,435.51
66433,1765,2025-09-30,648.4
66434,1765,2025-10-31,1276.79
66435,1765,2025-11-30,1564.58
66436,1765,2025-12-31,1237.85
66437,1766,2024-01-31,461.85
66438,1766,2024-02-29,287.37
66439,1766,2024-03-31,372.47
66440,1766,2024-04-30,250.0
66441,1766,2024-05-31,250.0
66442,1766,2024-06-30,351.24
66443,1766,2024-07-31,266.82
66444,1766,2024-08-31,503.67
66445,1766,2024-09-30,250.0
66446,1766,2024-10-31,250.0
66447,1766,2024-11-30,250.0
66448,1766,2024-12-31,250.0
66449,1766,2025-01-31,306.24
66450,1766,2025-02-28,518.54
66451,1766,2025-03-31,447.55
66452,1766,2025-04-30,340.39
66453,1766,2025-05-31,381.62
66454,1766,2025-06-30,451.82
66455,1766,2025-07-31,377.39
66456,1766,2025-08-31,418.55
66457,1766,2025-09-30,538.5
66458,1766,2025-10-31,451.76
66459,1766,2025-11-30,589.0
66460,1766,2025-12-31,450.39
66461,1767,2024-01-31,1194.26
66462,1767,2024-02-29,777.09
66463,1767,2024-03-31,965.96
66464,1767,2024-04-30,924.05
66465,1767,2024-05-31,522.59
66466,1767,2024-06-30,1322.88
66467,1767,2024-07-31,922.98
66468,1767,2024-08-31,966.67
66469,1767,2024-09-30,892.94
66470,1767,2024-10-31,901.64
66471,1767,2024-11-30,700.65
66472,1767,2024-12-31,1290.78
66473,1767,2025-01-31,678.57
66474,1767,2025-02-28,607.47
66475,1767,2025-03-31,545.36
66476,1767,2025-04-30,489.02
66477,1767,2025-05-31,480.52
66478,1767,2025-06-30,562.31
66479,1767,2025-07-31,609.2
66480,1767,2025-08-31,469.02
66481,1767,2025-09-30,554.61
66482,1767,2025-10-31,1374.73
66483,1767,2025-11-30,1250.23
66484,1767,2025-12-31,425.55
66485,1768,2024-12-31,504.58
66486,1768,2025-01-31,672.91
66487,1768,2025-02-28,608.08
66488,1768,2025-03-31,1352.52
66489,1768,2025-04-30,893.74
66490,1768,2025-05-31,982.65
66491,1768,2025-06-30,642.56
66492,1768,2025-07-31,1244.63
66493,1768,2025-08-31,1158.62
66494,1768,2025-09-30,1057.46
66495,1768,2025-10-31,1289.55
66496,1768,2025-11-30,777.55
66497,1768,2025-12-31,445.42
66498,1769,2024-04-30,250.0
66499,1769,2024-05-31,297.14
66500,1769,2024-06-30,516.87
66501,1769,2024-07-31,336.04
66502,1769,2024-08-31,613.05
66503,1769,2024-09-30,250.0
66504,1769,2024-10-31,712.46
66505,1769,2024-11-30,291.75
66506,1769,2024-12-31,250.0
66507,1769,2025-01-31,613.54
66508,1769,2025-02-28,322.86
66509,1769,2025-03-31,508.58
66510,1769,2025-04-30,708.07
66511,1769,2025-05-31,300.1
66512,1769,2025-06-30,507.28
66513,1769,2025-07-31,357.35
66514,1769,2025-08-31,329.36
66515,1769,2025-09-30,269.79
66516,1769,2025-10-31,272.28
66517,1769,2025-11-30,383.06
66518,1769,2025-12-31,449.25
66519,1770,2024-07-31,1989.16
66520,1770,2024-08-31,1112.41
66521,1770,2024-09-30,1011.55
66522,1770,2024-10-31,1971.53
66523,1770,2024-11-30,1556.61
66524,1770,2024-12-31,1403.63
66525,1770,2025-01-31,1635.62
66526,1770,2025-02-28,1448.9
66527,1770,2025-03-31,1435.59
66528,1770,2025-04-30,915.62
66529,1770,2025-05-31,1938.07
66530,1770,2025-06-30,1114.18
66531,1770,2025-07-31,2102.17
66532,1770,2025-08-31,972.56
66533,1770,2025-09-30,2550.72
66534,1770,2025-10-31,808.31
66535,1770,2025-11-30,1238.64
66536,1770,2025-12-31,1786.83
66537,1771,2024-01-31,1763.22
66538,1771,2024-02-29,2034.17
66539,1771,2024-03-31,1625.06
66540,1771,2024-04-30,990.02
66541,1771,2024-05-31,962.35
66542,1771,2024-06-30,1206.55
66543,1771,2024-07-31,916.69
66544,1771,2024-08-31,1063.45
66545,1771,2024-09-30,687.83
66546,1771,2024-10-31,739.85
66547,1771,2024-11-30,803.62
66548,1771,2024-12-31,1412.22
66549,1771,2025-01-31,2045.29
66550,1771,2025-02-28,651.21
66551,1771,2025-03-31,721.69
66552,1771,2025-04-30,784.78
66553,1771,2025-05-31,1171.01
66554,1771,2025-06-30,901.55
66555,1771,2025-07-31,1335.78
66556,1771,2025-08-31,1834.66
66557,1771,2025-09-30,1562.97
66558,1771,2025-10-31,1631.37
66559,1771,2025-11-30,1114.62
66560,1771,2025-12-31,1634.01
66561,1772,2024-11-30,1085.6
66562,1772,2024-12-31,1065.49
66563,1772,2025-01-31,1373.47
66564,1772,2025-02-28,961.26
66565,1772,2025-03-31,1520.76
66566,1772,2025-04-30,1333.62
66567,1772,2025-05-31,1172.01
66568,1772,2025-06-30,1082.39
66569,1772,2025-07-31,996.4
66570,1772,2025-08-31,2217.2
66571,1772,2025-09-30,1090.79
66572,1772,2025-10-31,1492.33
66573,1772,2025-11-30,1105.02
66574,1772,2025-12-31,786.84
66575,1773,2024-01-31,1323.01
66576,1773,2024-02-29,950.5
66577,1773,2024-03-31,1289.82
66578,1773,2024-04-30,778.68
66579,1773,2024-05-31,535.97
66580,1773,2024-06-30,791.1
66581,1773,2024-07-31,414.35
66582,1773,2024-08-31,910.59
66583,1773,2024-09-30,733.15
66584,1773,2024-10-31,1463.73
66585,1773,2024-11-30,715.8
66586,1773,2024-12-31,974.9
66587,1773,2025-01-31,1349.54
66588,1773,2025-02-28,627.29
66589,1773,2025-03-31,531.66
66590,1773,2025-04-30,775.97
66591,1773,2025-05-31,1186.59
66592,1773,2025-06-30,816.99
66593,1773,2025-07-31,1425.7
66594,1773,2025-08-31,472.39
66595,1773,2025-09-30,1209.67
66596,1773,2025-10-31,1023.79
66597,1773,2025-11-30,736.64
66598,1773,2025-12-31,1496.22
66599,1774,2024-10-31,906.57
66600,1774,2024-11-30,1943.87
66601,1774,2024-12-31,845.62
66602,1774,2025-01-31,958.8
66603,1774,2025-02-28,1348.27
66604,1774,2025-03-31,2184.59
66605,1774,2025-04-30,1350.81
66606,1774,2025-05-31,1724.71
66607,1774,2025-06-30,1254.37
66608,1774,2025-07-31,1503.24
66609,1774,2025-08-31,825.94
66610,1774,2025-09-30,1392.72
66611,1774,2025-10-31,1048.44
66612,1774,2025-11-30,2073.47
66613,1774,2025-12-31,1736.05
66614,1775,2024-01-31,1385.28
66615,1775,2024-02-29,1092.62
66616,1775,2024-03-31,850.95
66617,1775,2024-04-30,522.06
66618,1775,2024-05-31,930.13
66619,1775,2024-06-30,1150.46
66620,1775,2024-07-31,980.49
66621,1775,2024-08-31,1394.97
66622,1775,2024-09-30,993.03
66623,1775,2024-10-31,1177.0
66624,1775,2024-11-30,857.57
66625,1775,2024-12-31,1349.47
66626,1775,2025-01-31,1283.89
66627,1775,2025-02-28,452.4
66628,1775,2025-03-31,889.15
66629,1775,2025-04-30,1032.2
66630,1775,2025-05-31,670.95
66631,1775,2025-06-30,453.76
66632,1775,2025-07-31,936.49
66633,1775,2025-08-31,569.57
66634,1775,2025-09-30,1020.3
66635,1775,2025-10-31,799.89
66636,1775,2025-11-30,957.37
66637,1775,2025-12-31,1032.97
66638,1776,2024-01-31,498.61
66639,1776,2024-02-29,965.18
66640,1776,2024-03-31,896.15
66641,1776,2024-04-30,718.34
66642,1776,2024-05-31,948.23
66643,1776,2024-06-30,1389.97
66644,1776,2024-07-31,959.84
66645,1776,2024-08-31,742.39
66646,1776,2024-09-30,736.12
66647,1776,2024-10-31,1541.87
66648,1776,2024-11-30,821.52
66649,1776,2024-12-31,558.43
66650,1776,2025-01-31,1126.07
66651,1776,2025-02-28,856.8
66652,1776,2025-03-31,930.9
66653,1776,2025-04-30,1264.58
66654,1776,2025-05-31,1167.06
66655,1776,2025-06-30,865.42
66656,1776,2025-07-31,587.48
66657,1776,2025-08-31,1044.27
66658,1776,2025-09-30,684.51
66659,1776,2025-10-31,886.62
66660,1776,2025-11-30,968.73
66661,1776,2025-12-31,1234.01
66662,1777,2024-01-31,371.53
66663,1777,2024-02-29,339.28
66664,1777,2024-03-31,563.47
66665,1777,2024-04-30,655.64
66666,1777,2024-05-31,674.14
66667,1777,2024-06-30,476.11
66668,1777,2024-07-31,679.33
66669,1777,2024-08-31,250.0
66670,1777,2024-09-30,514.94
66671,1777,2024-10-31,630.2
66672,1777,2024-11-30,437.24
66673,1777,2024-12-31,547.99
66674,1777,2025-01-31,363.74
66675,1777,2025-02-28,391.02
66676,1777,2025-03-31,349.37
66677,1777,2025-04-30,370.97
66678,1777,2025-05-31,458.99
66679,1777,2025-06-30,350.31
66680,1777,2025-07-31,443.07
66681,1777,2025-08-31,743.66
66682,1777,2025-09-30,660.21
66683,1777,2025-10-31,250.0
66684,1777,2025-11-30,569.78
66685,1777,2025-12-31,818.13
66686,1778,2024-08-31,1043.96
66687,1778,2024-09-30,999.8
66688,1778,2024-10-31,852.22
66689,1778,2024-11-30,805.69
66690,1778,2024-12-31,1081.17
66691,1778,2025-01-31,874.41
66692,1778,2025-02-28,544.09
66693,1778,2025-03-31,1673.85
66694,1778,2025-04-30,850.74
66695,1778,2025-05-31,1398.03
66696,1778,2025-06-30,1487.19
66697,1778,2025-07-31,947.59
66698,1778,2025-08-31,824.26
66699,1778,2025-09-30,855.33
66700,1778,2025-10-31,839.43
66701,1778,2025-11-30,996.3
66702,1778,2025-12-31,684.21
66703,1779,2024-01-31,506.13
66704,1779,2024-02-29,806.4
66705,1779,2024-03-31,1216.46
66706,1779,2024-04-30,547.13
66707,1779,2024-05-31,471.97
66708,1779,2024-06-30,544.63
66709,1779,2024-07-31,684.32
66710,1779,2024-08-31,896.32
66711,1779,2024-09-30,823.37
66712,1779,2024-10-31,496.26
66713,1779,2024-11-30,630.06
66714,1779,2024-12-31,741.44
66715,1779,2025-01-31,855.87
66716,1779,2025-02-28,357.87
66717,1779,2025-03-31,441.6
66718,1779,2025-04-30,509.78
66719,1779,2025-05-31,1249.61
66720,1779,2025-06-30,369.61
66721,1779,2025-07-31,689.66
66722,1779,2025-08-31,664.64
66723,1779,2025-09-30,523.08
66724,1779,2025-10-31,620.43
66725,1779,2025-11-30,673.41
66726,1779,2025-12-31,741.03
66727,1780,2024-01-31,966.28
66728,1780,2024-02-29,821.96
66729,1780,2024-03-31,727.71
66730,1780,2024-04-30,775.91
66731,1780,2024-05-31,576.43
66732,1780,2024-06-30,623.27
66733,1780,2024-07-31,270.08
66734,1780,2024-08-31,798.31
66735,1780,2024-09-30,715.0
66736,1780,2024-10-31,1005.92
66737,1780,2024-11-30,600.42
66738,1780,2024-12-31,817.73
66739,1780,2025-01-31,788.25
66740,1780,2025-02-28,699.16
66741,1780,2025-03-31,532.74
66742,1780,2025-04-30,437.28
66743,1780,2025-05-31,616.73
66744,1780,2025-06-30,804.87
66745,1780,2025-07-31,453.1
66746,1780,2025-08-31,654.31
66747,1780,2025-09-30,550.58
66748,1780,2025-10-31,1027.04
66749,1780,2025-11-30,663.44
66750,1780,2025-12-31,381.35
66751,1781,2024-01-31,744.8
66752,1781,2024-02-29,1003.58
66753,1781,2024-03-31,1085.84
66754,1781,2024-04-30,1275.12
66755,1781,2024-05-31,1079.27
66756,1781,2024-06-30,834.08
66757,1781,2024-07-31,1039.06
66758,1781,2024-08-31,594.84
66759,1781,2024-09-30,691.17
66760,1781,2024-10-31,1046.24
66761,1781,2024-11-30,883.55
66762,1781,2024-12-31,706.79
66763,1781,2025-01-31,1072.34
66764,1781,2025-02-28,1086.82
66765,1781,2025-03-31,529.9
66766,1781,2025-04-30,494.33
66767,1781,2025-05-31,1316.0
66768,1781,2025-06-30,776.52
66769,1781,2025-07-31,1481.78
66770,1781,2025-08-31,1070.43
66771,1781,2025-09-30,1313.2
66772,1781,2025-10-31,943.31
66773,1781,2025-11-30,716.75
66774,1781,2025-12-31,436.3
66775,1782,2024-07-31,522.37
66776,1782,2024-08-31,1387.4
66777,1782,2024-09-30,833.79
66778,1782,2024-10-31,860.44
66779,1782,2024-11-30,788.09
66780,1782,2024-12-31,459.63
66781,1782,2025-01-31,1340.36
66782,1782,2025-02-28,1113.09
66783,1782,2025-03-31,941.59
66784,1782,2025-04-30,1066.83
66785,1782,2025-05-31,682.56
66786,1782,2025-06-30,952.16
66787,1782,2025-07-31,1183.12
66788,1782,2025-08-31,839.78
66789,1782,2025-09-30,929.93
66790,1782,2025-10-31,874.01
66791,1782,2025-11-30,644.91
66792,1782,2025-12-31,812.61
66793,1783,2024-01-31,1123.97
66794,1783,2024-02-29,1243.61
66795,1783,2024-03-31,1517.08
66796,1783,2024-04-30,1024.23
66797,1783,2024-05-31,591.76
66798,1783,2024-06-30,1476.14
66799,1783,2024-07-31,1325.97
66800,1783,2024-08-31,1102.55
66801,1783,2024-09-30,1083.54
66802,1783,2024-10-31,1100.62
66803,1783,2024-11-30,2064.69
66804,1783,2024-12-31,1285.49
66805,1783,2025-01-31,655.91
66806,1783,2025-02-28,620.05
66807,1783,2025-03-31,1353.23
66808,1783,2025-04-30,1498.79
66809,1783,2025-05-31,1135.77
66810,1783,2025-06-30,836.9
66811,1783,2025-07-31,1447.8
66812,1783,2025-08-31,1602.23
66813,1783,2025-09-30,1762.18
66814,1783,2025-10-31,923.96
66815,1783,2025-11-30,1243.97
66816,1783,2025-12-31,995.74
66817,1784,2024-01-31,743.69
66818,1784,2024-02-29,1107.2
66819,1784,2024-03-31,1075.13
66820,1784,2024-04-30,608.11
66821,1784,2024-05-31,1463.81
66822,1784,2024-06-30,859.01
66823,1784,2024-07-31,1316.08
66824,1784,2024-08-31,1532.06
66825,1784,2024-09-30,634.34
66826,1784,2024-10-31,1159.24
66827,1784,2024-11-30,1509.45
66828,1784,2024-12-31,666.12
66829,1784,2025-01-31,1503.9
66830,1784,2025-02-28,950.06
66831,1784,2025-03-31,1507.49
66832,1784,2025-04-30,616.61
66833,1784,2025-05-31,1288.84
66834,1784,2025-06-30,727.18
66835,1784,2025-07-31,1408.37
66836,1784,2025-08-31,1403.0
66837,1784,2025-09-30,1587.89
66838,1784,2025-10-31,1462.04
66839,1784,2025-11-30,688.86
66840,1784,2025-12-31,1103.56
66841,1785,2024-01-31,787.04
66842,1785,2024-02-29,527.88
66843,1785,2024-03-31,1091.37
66844,1785,2024-04-30,777.0
66845,1785,2024-05-31,1123.31
66846,1785,2024-06-30,1058.54
66847,1785,2024-07-31,609.84
66848,1785,2024-08-31,1618.36
66849,1785,2024-09-30,1083.42
66850,1785,2024-10-31,566.28
66851,1785,2024-11-30,1254.17
66852,1785,2024-12-31,786.55
66853,1785,2025-01-31,746.06
66854,1785,2025-02-28,386.11
66855,1785,2025-03-31,1206.05
66856,1785,2025-04-30,481.93
66857,1785,2025-05-31,1069.39
66858,1785,2025-06-30,1548.11
66859,1785,2025-07-31,1240.36
66860,1785,2025-08-31,660.29
66861,1785,2025-09-30,651.69
66862,1785,2025-10-31,481.01
66863,1785,2025-11-30,1416.91
66864,1785,2025-12-31,1140.9
66865,1786,2024-01-31,685.16
66866,1786,2024-02-29,1121.54
66867,1786,2024-03-31,520.14
66868,1786,2024-04-30,473.56
66869,1786,2024-05-31,651.02
66870,1786,2024-06-30,625.57
66871,1786,2024-07-31,786.07
66872,1786,2024-08-31,799.1
66873,1786,2024-09-30,704.08
66874,1786,2024-10-31,944.29
66875,1786,2024-11-30,1358.18
66876,1786,2024-12-31,436.4
66877,1786,2025-01-31,1416.33
66878,1786,2025-02-28,1264.09
66879,1786,2025-03-31,997.7
66880,1786,2025-04-30,1372.7
66881,1786,2025-05-31,1115.9
66882,1786,2025-06-30,1096.95
66883,1786,2025-07-31,1209.76
66884,1786,2025-08-31,1333.54
66885,1786,2025-09-30,443.35
66886,1786,2025-10-31,499.88
66887,1786,2025-11-30,622.44
66888,1786,2025-12-31,1069.74
66889,1787,2024-06-30,1188.92
66890,1787,2024-07-31,567.08
66891,1787,2024-08-31,1148.76
66892,1787,2024-09-30,1206.28
66893,1787,2024-10-31,832.28
66894,1787,2024-11-30,726.7
66895,1787,2024-12-31,769.32
66896,1787,2025-01-31,1083.9
66897,1787,2025-02-28,849.24
66898,1787,2025-03-31,643.57
66899,1787,2025-04-30,1450.67
66900,1787,2025-05-31,883.4
66901,1787,2025-06-30,532.53
66902,1787,2025-07-31,988.59
66903,1787,2025-08-31,1011.11
66904,1787,2025-09-30,1223.22
66905,1787,2025-10-31,1377.69
66906,1787,2025-11-30,1077.6
66907,1787,2025-12-31,865.55
66908,1788,2024-07-31,522.05
66909,1788,2024-08-31,647.63
66910,1788,2024-09-30,440.24
66911,1788,2024-10-31,999.74
66912,1788,2024-11-30,872.52
66913,1788,2024-12-31,443.99
66914,1788,2025-01-31,775.16
66915,1788,2025-02-28,523.85
66916,1788,2025-03-31,782.31
66917,1788,2025-04-30,909.98
66918,1788,2025-05-31,713.8
66919,1788,2025-06-30,782.36
66920,1788,2025-07-31,1092.91
66921,1788,2025-08-31,581.28
66922,1788,2025-09-30,1012.8
66923,1788,2025-10-31,844.46
66924,1788,2025-11-30,383.39
66925,1788,2025-12-31,1128.99
66926,1789,2024-01-31,306.63
66927,1789,2024-02-29,321.43
66928,1789,2024-03-31,399.41
66929,1789,2024-04-30,356.85
66930,1789,2024-05-31,403.32
66931,1789,2024-06-30,697.46
66932,1789,2024-07-31,600.31
66933,1789,2024-08-31,729.83
66934,1789,2024-09-30,831.49
66935,1789,2024-10-31,460.8
66936,1789,2024-11-30,840.17
66937,1789,2024-12-31,535.08
66938,1789,2025-01-31,532.49
66939,1789,2025-02-28,264.29
66940,1789,2025-03-31,682.24
66941,1789,2025-04-30,748.71
66942,1789,2025-05-31,429.37
66943,1789,2025-06-30,323.5
66944,1789,2025-07-31,975.51
66945,1789,2025-08-31,887.89
66946,1789,2025-09-30,936.39
66947,1789,2025-10-31,568.43
66948,1789,2025-11-30,735.12
66949,1789,2025-12-31,469.26
66950,1790,2024-08-31,779.67
66951,1790,2024-09-30,609.07
66952,1790,2024-10-31,1297.26
66953,1790,2024-11-30,730.79
66954,1790,2024-12-31,1011.41
66955,1790,2025-01-31,650.62
66956,1790,2025-02-28,1177.58
66957,1790,2025-03-31,957.5
66958,1790,2025-04-30,1198.16
66959,1790,2025-05-31,560.02
66960,1790,2025-06-30,844.91
66961,1790,2025-07-31,1021.47
66962,1790,2025-08-31,874.15
66963,1790,2025-09-30,582.45
66964,1790,2025-10-31,1075.66
66965,1790,2025-11-30,1009.59
66966,1790,2025-12-31,1115.83
66967,1791,2024-01-31,434.43
66968,1791,2024-02-29,619.87
66969,1791,2024-03-31,765.37
66970,1791,2024-04-30,387.57
66971,1791,2024-05-31,1004.71
66972,1791,2024-06-30,354.08
66973,1791,2024-07-31,441.15
66974,1791,2024-08-31,285.14
66975,1791,2024-09-30,517.51
66976,1791,2024-10-31,802.44
66977,1791,2024-11-30,532.21
66978,1791,2024-12-31,339.43
66979,1791,2025-01-31,467.81
66980,1791,2025-02-28,735.09
66981,1791,2025-03-31,372.48
66982,1791,2025-04-30,250.0
66983,1791,2025-05-31,313.24
66984,1791,2025-06-30,331.64
66985,1791,2025-07-31,534.19
66986,1791,2025-08-31,572.38
66987,1791,2025-09-30,427.7
66988,1791,2025-10-31,512.72
66989,1791,2025-11-30,634.57
66990,1791,2025-12-31,298.31
66991,1792,2024-03-31,790.74
66992,1792,2024-04-30,310.49
66993,1792,2024-05-31,349.35
66994,1792,2024-06-30,351.05
66995,1792,2024-07-31,774.78
66996,1792,2024-08-31,522.79
66997,1792,2024-09-30,329.23
66998,1792,2024-10-31,541.82
66999,1792,2024-11-30,490.21
67000,1792,2024-12-31,257.02
67001,1792,2025-01-31,561.9
67002,1792,2025-02-28,510.05
67003,1792,2025-03-31,520.09
67004,1792,2025-04-30,483.51
67005,1792,2025-05-31,381.19
67006,1792,2025-06-30,721.2
67007,1792,2025-07-31,626.65
67008,1792,2025-08-31,615.29
67009,1792,2025-09-30,324.18
67010,1792,2025-10-31,457.96
67011,1792,2025-11-30,260.11
67012,1792,2025-12-31,267.26
67013,1793,2024-01-31,1083.02
67014,1793,2024-02-29,680.65
67015,1793,2024-03-31,820.06
67016,1793,2024-04-30,791.27
67017,1793,2024-05-31,1232.77
67018,1793,2024-06-30,1440.76
67019,1793,2024-07-31,1256.01
67020,1793,2024-08-31,517.11
67021,1793,2024-09-30,1522.76
67022,1793,2024-10-31,1571.2
67023,1793,2024-11-30,1042.3
67024,1793,2024-12-31,856.83
67025,1793,2025-01-31,1582.67
67026,1793,2025-02-28,810.82
67027,1793,2025-03-31,1002.86
67028,1793,2025-04-30,1257.78
67029,1793,2025-05-31,696.67
67030,1793,2025-06-30,800.91
67031,1793,2025-07-31,1028.87
67032,1793,2025-08-31,1726.43
67033,1793,2025-09-30,951.01
67034,1793,2025-10-31,666.35
67035,1793,2025-11-30,1093.79
67036,1793,2025-12-31,1084.21
67037,1794,2024-01-31,1160.62
67038,1794,2024-02-29,715.26
67039,1794,2024-03-31,671.95
67040,1794,2024-04-30,711.78
67041,1794,2024-05-31,1028.0
67042,1794,2024-06-30,698.2
67043,1794,2024-07-31,1489.38
67044,1794,2024-08-31,541.12
67045,1794,2024-09-30,1416.48
67046,1794,2024-10-31,1492.61
67047,1794,2024-11-30,651.99
67048,1794,2024-12-31,1341.24
67049,1794,2025-01-31,1170.99
67050,1794,2025-02-28,760.84
67051,1794,2025-03-31,1112.37
67052,1794,2025-04-30,1146.93
67053,1794,2025-05-31,1164.59
67054,1794,2025-06-30,1174.0
67055,1794,2025-07-31,1098.59
67056,1794,2025-08-31,621.53
67057,1794,2025-09-30,880.8
67058,1794,2025-10-31,584.56
67059,1794,2025-11-30,399.26
67060,1794,2025-12-31,720.15
67061,1795,2024-01-31,250.0
67062,1795,2024-02-29,318.39
67063,1795,2024-03-31,250.0
67064,1795,2024-04-30,250.0
67065,1795,2024-05-31,384.68
67066,1795,2024-06-30,349.91
67067,1795,2024-07-31,360.75
67068,1795,2024-08-31,250.0
67069,1795,2024-09-30,265.91
67070,1795,2024-10-31,362.71
67071,1795,2024-11-30,434.72
67072,1795,2024-12-31,250.0
67073,1795,2025-01-31,393.51
67074,1795,2025-02-28,299.94
67075,1795,2025-03-31,303.59
67076,1795,2025-04-30,474.54
67077,1795,2025-05-31,330.33
67078,1795,2025-06-30,325.36
67079,1795,2025-07-31,344.36
67080,1795,2025-08-31,250.0
67081,1795,2025-09-30,287.27
67082,1795,2025-10-31,443.39
67083,1795,2025-11-30,250.0
67084,1795,2025-12-31,297.13
67085,1796,2024-01-31,616.84
67086,1796,2024-02-29,452.9
67087,1796,2024-03-31,704.81
67088,1796,2024-04-30,613.82
67089,1796,2024-05-31,490.26
67090,1796,2024-06-30,688.5
67091,1796,2024-07-31,511.73
67092,1796,2024-08-31,767.56
67093,1796,2024-09-30,539.81
67094,1796,2024-10-31,878.26
67095,1796,2024-11-30,555.38
67096,1796,2024-12-31,318.87
67097,1796,2025-01-31,611.88
67098,1796,2025-02-28,562.69
67099,1796,2025-03-31,696.16
67100,1796,2025-04-30,719.74
67101,1796,2025-05-31,1085.11
67102,1796,2025-06-30,900.6
67103,1796,2025-07-31,502.9
67104,1796,2025-08-31,655.59
67105,1796,2025-09-30,649.9
67106,1796,2025-10-31,479.95
67107,1796,2025-11-30,693.58
67108,1796,2025-12-31,487.89
67109,1797,2024-08-31,754.81
67110,1797,2024-09-30,1558.72
67111,1797,2024-10-31,1711.08
67112,1797,2024-11-30,1871.65
67113,1797,2024-12-31,1587.15
67114,1797,2025-01-31,1304.32
67115,1797,2025-02-28,1627.06
67116,1797,2025-03-31,1378.94
67117,1797,2025-04-30,937.0
67118,1797,2025-05-31,902.68
67119,1797,2025-06-30,1814.25
67120,1797,2025-07-31,601.48
67121,1797,2025-08-31,1419.71
67122,1797,2025-09-30,747.12
67123,1797,2025-10-31,793.03
67124,1797,2025-11-30,986.63
67125,1797,2025-12-31,1487.87
67126,1798,2024-12-31,549.26
67127,1798,2025-01-31,1443.21
67128,1798,2025-02-28,700.42
67129,1798,2025-03-31,802.39
67130,1798,2025-04-30,962.82
67131,1798,2025-05-31,1284.46
67132,1798,2025-06-30,832.71
67133,1798,2025-07-31,1709.53
67134,1798,2025-08-31,1049.18
67135,1798,2025-09-30,931.63
67136,1798,2025-10-31,646.63
67137,1798,2025-11-30,813.85
67138,1798,2025-12-31,901.25
67139,1799,2024-08-31,793.38
67140,1799,2024-09-30,1380.26
67141,1799,2024-10-31,780.39
67142,1799,2024-11-30,1404.69
67143,1799,2024-12-31,761.09
67144,1799,2025-01-31,1374.32
67145,1799,2025-02-28,804.2
67146,1799,2025-03-31,929.82
67147,1799,2025-04-30,1713.71
67148,1799,2025-05-31,1077.65
67149,1799,2025-06-30,1054.62
67150,1799,2025-07-31,631.28
67151,1799,2025-08-31,1340.7
67152,1799,2025-09-30,1075.9
67153,1799,2025-10-31,1603.44
67154,1799,2025-11-30,1011.73
67155,1799,2025-12-31,889.14
67156,1800,2024-01-31,462.8
67157,1800,2024-02-29,793.27
67158,1800,2024-03-31,465.4
67159,1800,2024-04-30,1079.42
67160,1800,2024-05-31,597.44
67161,1800,2024-06-30,861.79
67162,1800,2024-07-31,697.91
67163,1800,2024-08-31,1035.91
67164,1800,2024-09-30,1066.93
67165,1800,2024-10-31,434.39
67166,1800,2024-11-30,1021.0
67167,1800,2024-12-31,794.65
67168,1800,2025-01-31,1122.46
67169,1800,2025-02-28,683.53
67170,1800,2025-03-31,948.47
67171,1800,2025-04-30,651.92
67172,1800,2025-05-31,556.81
67173,1800,2025-06-30,477.14
67174,1800,2025-07-31,425.7
67175,1800,2025-08-31,722.16
67176,1800,2025-09-30,480.16
67177,1800,2025-10-31,754.52
67178,1800,2025-11-30,645.58
67179,1800,2025-12-31,1292.91
67180,1801,2024-01-31,539.01
67181,1801,2024-02-29,843.55
67182,1801,2024-03-31,757.06
67183,1801,2024-04-30,904.38
67184,1801,2024-05-31,412.54
67185,1801,2024-06-30,322.46
67186,1801,2024-07-31,811.5
67187,1801,2024-08-31,479.14
67188,1801,2024-09-30,420.26
67189,1801,2024-10-31,343.17
67190,1801,2024-11-30,564.32
67191,1801,2024-12-31,779.07
67192,1801,2025-01-31,668.37
67193,1801,2025-02-28,485.65
67194,1801,2025-03-31,456.58
67195,1801,2025-04-30,682.8
67196,1801,2025-05-31,715.28
67197,1801,2025-06-30,595.62
67198,1801,2025-07-31,360.63
67199,1801,2025-08-31,680.77
67200,1801,2025-09-30,619.43
67201,1801,2025-10-31,498.94
67202,1801,2025-11-30,556.94
67203,1801,2025-12-31,427.38
67204,1802,2024-01-31,686.03
67205,1802,2024-02-29,852.77
67206,1802,2024-03-31,673.08
67207,1802,2024-04-30,269.95
67208,1802,2024-05-31,524.18
67209,1802,2024-06-30,549.25
67210,1802,2024-07-31,387.63
67211,1802,2024-08-31,551.47
67212,1802,2024-09-30,428.72
67213,1802,2024-10-31,630.86
67214,1802,2024-11-30,895.38
67215,1802,2024-12-31,676.85
67216,1802,2025-01-31,394.31
67217,1802,2025-02-28,574.07
67218,1802,2025-03-31,673.44
67219,1802,2025-04-30,660.78
67220,1802,2025-05-31,490.42
67221,1802,2025-06-30,440.59
67222,1802,2025-07-31,261.02
67223,1802,2025-08-31,694.17
67224,1802,2025-09-30,352.61
67225,1802,2025-10-31,405.32
67226,1802,2025-11-30,447.0
67227,1802,2025-12-31,703.87
67228,1803,2024-08-31,465.85
67229,1803,2024-09-30,1209.64
67230,1803,2024-10-31,598.52
67231,1803,2024-11-30,727.48
67232,1803,2024-12-31,546.26
67233,1803,2025-01-31,1551.61
67234,1803,2025-02-28,576.11
67235,1803,2025-03-31,950.39
67236,1803,2025-04-30,893.95
67237,1803,2025-05-31,1498.06
67238,1803,2025-06-30,1231.17
67239,1803,2025-07-31,1037.11
67240,1803,2025-08-31,1100.89
67241,1803,2025-09-30,1244.54
67242,1803,2025-10-31,1474.62
67243,1803,2025-11-30,723.87
67244,1803,2025-12-31,516.54
67245,1804,2024-02-29,649.31
67246,1804,2024-03-31,878.72
67247,1804,2024-04-30,1045.78
67248,1804,2024-05-31,978.33
67249,1804,2024-06-30,1088.34
67250,1804,2024-07-31,950.91
67251,1804,2024-08-31,778.94
67252,1804,2024-09-30,560.21
67253,1804,2024-10-31,795.43
67254,1804,2024-11-30,692.31
67255,1804,2024-12-31,993.6
67256,1804,2025-01-31,1415.58
67257,1804,2025-02-28,490.98
67258,1804,2025-03-31,570.23
67259,1804,2025-04-30,990.36
67260,1804,2025-05-31,617.23
67261,1804,2025-06-30,1397.99
67262,1804,2025-07-31,1203.34
67263,1804,2025-08-31,510.06
67264,1804,2025-09-30,490.24
67265,1804,2025-10-31,1314.74
67266,1804,2025-11-30,1051.86
67267,1804,2025-12-31,677.41
67268,1805,2024-01-31,1515.43
67269,1805,2024-02-29,1066.49
67270,1805,2024-03-31,1563.07
67271,1805,2024-04-30,1875.1
67272,1805,2024-05-31,729.94
67273,1805,2024-06-30,1386.0
67274,1805,2024-07-31,910.8
67275,1805,2024-08-31,1326.71
67276,1805,2024-09-30,1629.11
67277,1805,2024-10-31,828.69
67278,1805,2024-11-30,1429.27
67279,1805,2024-12-31,1149.52
67280,1805,2025-01-31,1106.96
67281,1805,2025-02-28,1868.15
67282,1805,2025-03-31,787.07
67283,1805,2025-04-30,2093.67
67284,1805,2025-05-31,640.08
67285,1805,2025-06-30,1173.18
67286,1805,2025-07-31,1794.69
67287,1805,2025-08-31,928.93
67288,1805,2025-09-30,1269.46
67289,1805,2025-10-31,1131.54
67290,1805,2025-11-30,1193.63
67291,1805,2025-12-31,812.04
67292,1806,2024-01-31,617.03
67293,1806,2024-02-29,677.35
67294,1806,2024-03-31,1543.43
67295,1806,2024-04-30,717.38
67296,1806,2024-05-31,1052.94
67297,1806,2024-06-30,585.16
67298,1806,2024-07-31,686.93
67299,1806,2024-08-31,1242.22
67300,1806,2024-09-30,1096.88
67301,1806,2024-10-31,1628.12
67302,1806,2024-11-30,464.72
67303,1806,2024-12-31,773.11
67304,1806,2025-01-31,587.72
67305,1806,2025-02-28,635.39
67306,1806,2025-03-31,1210.15
67307,1806,2025-04-30,979.25
67308,1806,2025-05-31,598.9
67309,1806,2025-06-30,558.56
67310,1806,2025-07-31,1357.26
67311,1806,2025-08-31,941.06
67312,1806,2025-09-30,1452.79
67313,1806,2025-10-31,1071.51
67314,1806,2025-11-30,903.08
67315,1806,2025-12-31,1676.86
67316,1807,2024-01-31,1000.43
67317,1807,2024-02-29,589.74
67318,1807,2024-03-31,1030.15
67319,1807,2024-04-30,468.94
67320,1807,2024-05-31,785.14
67321,1807,2024-06-30,755.6
67322,1807,2024-07-31,454.08
67323,1807,2024-08-31,720.11
67324,1807,2024-09-30,1387.96
67325,1807,2024-10-31,1391.98
67326,1807,2024-11-30,359.23
67327,1807,2024-12-31,701.83
67328,1807,2025-01-31,1011.35
67329,1807,2025-02-28,1232.18
67330,1807,2025-03-31,948.5
67331,1807,2025-04-30,675.44
67332,1807,2025-05-31,539.24
67333,1807,2025-06-30,508.85
67334,1807,2025-07-31,1070.43
67335,1807,2025-08-31,768.27
67336,1807,2025-09-30,1105.35
67337,1807,2025-10-31,565.67
67338,1807,2025-11-30,609.5
67339,1807,2025-12-31,375.94
67340,1808,2024-02-29,456.04
67341,1808,2024-03-31,649.87
67342,1808,2024-04-30,516.34
67343,1808,2024-05-31,312.6
67344,1808,2024-06-30,330.1
67345,1808,2024-07-31,572.85
67346,1808,2024-08-31,624.81
67347,1808,2024-09-30,564.46
67348,1808,2024-10-31,517.23
67349,1808,2024-11-30,250.0
67350,1808,2024-12-31,499.14
67351,1808,2025-01-31,625.97
67352,1808,2025-02-28,433.37
67353,1808,2025-03-31,429.71
67354,1808,2025-04-30,551.46
67355,1808,2025-05-31,273.83
67356,1808,2025-06-30,539.43
67357,1808,2025-07-31,262.05
67358,1808,2025-08-31,299.84
67359,1808,2025-09-30,602.49
67360,1808,2025-10-31,819.09
67361,1808,2025-11-30,266.04
67362,1808,2025-12-31,333.26
67363,1809,2024-05-31,415.47
67364,1809,2024-06-30,341.09
67365,1809,2024-07-31,1225.4
67366,1809,2024-08-31,974.03
67367,1809,2024-09-30,1006.92
67368,1809,2024-10-31,540.48
67369,1809,2024-11-30,1059.23
67370,1809,2024-12-31,456.94
67371,1809,2025-01-31,375.69
67372,1809,2025-02-28,1072.84
67373,1809,2025-03-31,1009.14
67374,1809,2025-04-30,407.61
67375,1809,2025-05-31,416.24
67376,1809,2025-06-30,1263.17
67377,1809,2025-07-31,445.24
67378,1809,2025-08-31,976.4
67379,1809,2025-09-30,818.16
67380,1809,2025-10-31,648.8
67381,1809,2025-11-30,705.81
67382,1809,2025-12-31,775.92
67383,1810,2024-01-31,537.46
67384,1810,2024-02-29,1678.54
67385,1810,2024-03-31,915.33
67386,1810,2024-04-30,777.9
67387,1810,2024-05-31,823.0
67388,1810,2024-06-30,1219.13
67389,1810,2024-07-31,552.27
67390,1810,2024-08-31,1269.64
67391,1810,2024-09-30,1123.14
67392,1810,2024-10-31,658.26
67393,1810,2024-11-30,1666.42
67394,1810,2024-12-31,648.92
67395,1810,2025-01-31,592.9
67396,1810,2025-02-28,1023.31
67397,1810,2025-03-31,1224.68
67398,1810,2025-04-30,578.3
67399,1810,2025-05-31,1068.53
67400,1810,2025-06-30,1022.53
67401,1810,2025-07-31,549.89
67402,1810,2025-08-31,799.01
67403,1810,2025-09-30,749.4
67404,1810,2025-10-31,1194.94
67405,1810,2025-11-30,657.63
67406,1810,2025-12-31,871.59
67407,1811,2024-08-31,1136.68
67408,1811,2024-09-30,708.16
67409,1811,2024-10-31,580.18
67410,1811,2024-11-30,379.22
67411,1811,2024-12-31,603.14
67412,1811,2025-01-31,767.75
67413,1811,2025-02-28,577.65
67414,1811,2025-03-31,643.15
67415,1811,2025-04-30,613.82
67416,1811,2025-05-31,469.06
67417,1811,2025-06-30,605.22
67418,1811,2025-07-31,1114.34
67419,1811,2025-08-31,882.15
67420,1811,2025-09-30,488.72
67421,1811,2025-10-31,898.24
67422,1811,2025-11-30,570.02
67423,1811,2025-12-31,979.35
67424,1812,2024-08-31,359.61
67425,1812,2024-09-30,751.05
67426,1812,2024-10-31,545.73
67427,1812,2024-11-30,490.15
67428,1812,2024-12-31,628.39
67429,1812,2025-01-31,818.66
67430,1812,2025-02-28,697.41
67431,1812,2025-03-31,446.93
67432,1812,2025-04-30,536.86
67433,1812,2025-05-31,435.15
67434,1812,2025-06-30,412.53
67435,1812,2025-07-31,516.44
67436,1812,2025-08-31,477.53
67437,1812,2025-09-30,503.43
67438,1812,2025-10-31,1058.57
67439,1812,2025-11-30,535.57
67440,1812,2025-12-31,706.56
67441,1813,2024-01-31,1063.7
67442,1813,2024-02-29,1360.87
67443,1813,2024-03-31,625.4
67444,1813,2024-04-30,855.49
67445,1813,2024-05-31,991.15
67446,1813,2024-06-30,1334.81
67447,1813,2024-07-31,842.54
67448,1813,2024-08-31,765.05
67449,1813,2024-09-30,1102.11
67450,1813,2024-10-31,1153.59
67451,1813,2024-11-30,949.67
67452,1813,2024-12-31,1208.99
67453,1813,2025-01-31,1557.83
67454,1813,2025-02-28,981.83
67455,1813,2025-03-31,616.98
67456,1813,2025-04-30,938.05
67457,1813,2025-05-31,723.14
67458,1813,2025-06-30,965.92
67459,1813,2025-07-31,807.71
67460,1813,2025-08-31,864.61
67461,1813,2025-09-30,433.61
67462,1813,2025-10-31,793.37
67463,1813,2025-11-30,1014.72
67464,1813,2025-12-31,977.89
67465,1814,2024-10-31,651.97
67466,1814,2024-11-30,863.26
67467,1814,2024-12-31,612.18
67468,1814,2025-01-31,554.89
67469,1814,2025-02-28,829.0
67470,1814,2025-03-31,754.03
67471,1814,2025-04-30,477.53
67472,1814,2025-05-31,454.02
67473,1814,2025-06-30,913.51
67474,1814,2025-07-31,609.74
67475,1814,2025-08-31,902.5
67476,1814,2025-09-30,534.7
67477,1814,2025-10-31,723.15
67478,1814,2025-11-30,377.47
67479,1814,2025-12-31,500.1
67480,1815,2024-01-31,1008.37
67481,1815,2024-02-29,803.42
67482,1815,2024-03-31,521.38
67483,1815,2024-04-30,431.2
67484,1815,2024-05-31,424.88
67485,1815,2024-06-30,891.51
67486,1815,2024-07-31,402.56
67487,1815,2024-08-31,428.39
67488,1815,2024-09-30,751.06
67489,1815,2024-10-31,718.59
67490,1815,2024-11-30,735.2
67491,1815,2024-12-31,593.61
67492,1815,2025-01-31,338.59
67493,1815,2025-02-28,368.09
67494,1815,2025-03-31,401.46
67495,1815,2025-04-30,1057.88
67496,1815,2025-05-31,419.02
67497,1815,2025-06-30,497.61
67498,1815,2025-07-31,519.32
67499,1815,2025-08-31,839.36
67500,1815,2025-09-30,514.19
67501,1815,2025-10-31,505.26
67502,1815,2025-11-30,902.16
67503,1815,2025-12-31,795.34
67504,1816,2024-11-30,747.83
67505,1816,2024-12-31,752.03
67506,1816,2025-01-31,1054.29
67507,1816,2025-02-28,462.93
67508,1816,2025-03-31,1418.34
67509,1816,2025-04-30,1519.77
67510,1816,2025-05-31,656.9
67511,1816,2025-06-30,461.74
67512,1816,2025-07-31,679.19
67513,1816,2025-08-31,776.85
67514,1816,2025-09-30,478.33
67515,1816,2025-10-31,571.85
67516,1816,2025-11-30,740.36
67517,1816,2025-12-31,437.35
67518,1817,2024-01-31,593.98
67519,1817,2024-02-29,1043.83
67520,1817,2024-03-31,456.71
67521,1817,2024-04-30,1071.37
67522,1817,2024-05-31,1212.01
67523,1817,2024-06-30,1054.8
67524,1817,2024-07-31,955.58
67525,1817,2024-08-31,747.83
67526,1817,2024-09-30,833.51
67527,1817,2024-10-31,814.31
67528,1817,2024-11-30,705.85
67529,1817,2024-12-31,576.38
67530,1817,2025-01-31,919.14
67531,1817,2025-02-28,933.95
67532,1817,2025-03-31,400.19
67533,1817,2025-04-30,690.05
67534,1817,2025-05-31,1140.24
67535,1817,2025-06-30,822.62
67536,1817,2025-07-31,807.74
67537,1817,2025-08-31,991.35
67538,1817,2025-09-30,957.75
67539,1817,2025-10-31,1089.67
67540,1817,2025-11-30,1026.6
67541,1817,2025-12-31,478.79
67542,1818,2024-02-29,956.59
67543,1818,2024-03-31,1128.32
67544,1818,2024-04-30,1135.66
67545,1818,2024-05-31,1068.13
67546,1818,2024-06-30,1191.99
67547,1818,2024-07-31,681.3
67548,1818,2024-08-31,538.72
67549,1818,2024-09-30,1107.37
67550,1818,2024-10-31,1260.07
67551,1818,2024-11-30,548.28
67552,1818,2024-12-31,1156.36
67553,1818,2025-01-31,769.41
67554,1818,2025-02-28,1162.75
67555,1818,2025-03-31,566.4
67556,1818,2025-04-30,491.94
67557,1818,2025-05-31,938.89
67558,1818,2025-06-30,1271.63
67559,1818,2025-07-31,731.37
67560,1818,2025-08-31,607.88
67561,1818,2025-09-30,1358.99
67562,1818,2025-10-31,789.28
67563,1818,2025-11-30,1050.95
67564,1818,2025-12-31,949.69
67565,1819,2024-01-31,510.65
67566,1819,2024-02-29,1067.53
67567,1819,2024-03-31,1580.47
67568,1819,2024-04-30,1282.01
67569,1819,2024-05-31,1041.77
67570,1819,2024-06-30,776.22
67571,1819,2024-07-31,974.31
67572,1819,2024-08-31,913.17
67573,1819,2024-09-30,1053.6
67574,1819,2024-10-31,787.21
67575,1819,2024-11-30,572.99
67576,1819,2024-12-31,578.16
67577,1819,2025-01-31,1068.11
67578,1819,2025-02-28,589.94
67579,1819,2025-03-31,1293.18
67580,1819,2025-04-30,1410.44
67581,1819,2025-05-31,711.17
67582,1819,2025-06-30,886.44
67583,1819,2025-07-31,856.29
67584,1819,2025-08-31,906.38
67585,1819,2025-09-30,1362.59
67586,1819,2025-10-31,811.79
67587,1819,2025-11-30,970.99
67588,1819,2025-12-31,478.22
67589,1820,2024-01-31,746.15
67590,1820,2024-02-29,674.2
67591,1820,2024-03-31,563.41
67592,1820,2024-04-30,654.86
67593,1820,2024-05-31,702.36
67594,1820,2024-06-30,650.62
67595,1820,2024-07-31,553.98
67596,1820,2024-08-31,296.21
67597,1820,2024-09-30,325.96
67598,1820,2024-10-31,705.88
67599,1820,2024-11-30,635.11
67600,1820,2024-12-31,585.94
67601,1820,2025-01-31,682.82
67602,1820,2025-02-28,617.64
67603,1820,2025-03-31,810.7
67604,1820,2025-04-30,261.21
67605,1820,2025-05-31,435.11
67606,1820,2025-06-30,483.37
67607,1820,2025-07-31,477.48
67608,1820,2025-08-31,654.44
67609,1820,2025-09-30,537.02
67610,1820,2025-10-31,468.47
67611,1820,2025-11-30,250.0
67612,1820,2025-12-31,250.0
67613,1821,2024-01-31,577.41
67614,1821,2024-02-29,729.74
67615,1821,2024-03-31,1141.41
67616,1821,2024-04-30,368.34
67617,1821,2024-05-31,479.38
67618,1821,2024-06-30,1007.6
67619,1821,2024-07-31,622.48
67620,1821,2024-08-31,427.3
67621,1821,2024-09-30,895.13
67622,1821,2024-10-31,973.94
67623,1821,2024-11-30,611.98
67624,1821,2024-12-31,641.56
67625,1821,2025-01-31,531.71
67626,1821,2025-02-28,279.01
67627,1821,2025-03-31,448.17
67628,1821,2025-04-30,478.32
67629,1821,2025-05-31,475.58
67630,1821,2025-06-30,872.35
67631,1821,2025-07-31,375.16
67632,1821,2025-08-31,373.02
67633,1821,2025-09-30,475.82
67634,1821,2025-10-31,440.0
67635,1821,2025-11-30,925.66
67636,1821,2025-12-31,705.11
67637,1822,2024-05-31,1726.26
67638,1822,2024-06-30,688.58
67639,1822,2024-07-31,851.4
67640,1822,2024-08-31,1367.07
67641,1822,2024-09-30,913.18
67642,1822,2024-10-31,752.69
67643,1822,2024-11-30,969.54
67644,1822,2024-12-31,1080.67
67645,1822,2025-01-31,2079.37
67646,1822,2025-02-28,1836.89
67647,1822,2025-03-31,1000.59
67648,1822,2025-04-30,645.07
67649,1822,2025-05-31,837.05
67650,1822,2025-06-30,839.03
67651,1822,2025-07-31,840.62
67652,1822,2025-08-31,1102.76
67653,1822,2025-09-30,927.96
67654,1822,2025-10-31,930.77
67655,1822,2025-11-30,1049.11
67656,1822,2025-12-31,1377.57
67657,1823,2024-01-31,584.08
67658,1823,2024-02-29,439.16
67659,1823,2024-03-31,657.44
67660,1823,2024-04-30,575.25
67661,1823,2024-05-31,569.62
67662,1823,2024-06-30,371.32
67663,1823,2024-07-31,736.52
67664,1823,2024-08-31,406.88
67665,1823,2024-09-30,758.37
67666,1823,2024-10-31,461.05
67667,1823,2024-11-30,759.28
67668,1823,2024-12-31,485.63
67669,1823,2025-01-31,524.87
67670,1823,2025-02-28,439.54
67671,1823,2025-03-31,538.36
67672,1823,2025-04-30,529.94
67673,1823,2025-05-31,811.91
67674,1823,2025-06-30,468.25
67675,1823,2025-07-31,801.39
67676,1823,2025-08-31,702.05
67677,1823,2025-09-30,753.44
67678,1823,2025-10-31,281.89
67679,1823,2025-11-30,418.86
67680,1823,2025-12-31,539.46
67681,1824,2024-09-30,493.79
67682,1824,2024-10-31,250.0
67683,1824,2024-11-30,626.13
67684,1824,2024-12-31,370.11
67685,1824,2025-01-31,447.89
67686,1824,2025-02-28,447.14
67687,1824,2025-03-31,324.04
67688,1824,2025-04-30,556.61
67689,1824,2025-05-31,517.26
67690,1824,2025-06-30,521.28
67691,1824,2025-07-31,376.97
67692,1824,2025-08-31,558.27
67693,1824,2025-09-30,377.54
67694,1824,2025-10-31,559.79
67695,1824,2025-11-30,583.72
67696,1824,2025-12-31,258.76
67697,1825,2024-10-31,250.0
67698,1825,2024-11-30,250.0
67699,1825,2024-12-31,275.82
67700,1825,2025-01-31,465.55
67701,1825,2025-02-28,250.0
67702,1825,2025-03-31,250.0
67703,1825,2025-04-30,266.3
67704,1825,2025-05-31,340.37
67705,1825,2025-06-30,250.0
67706,1825,2025-07-31,407.23
67707,1825,2025-08-31,321.6
67708,1825,2025-09-30,393.74
67709,1825,2025-10-31,496.95
67710,1825,2025-11-30,350.01
67711,1825,2025-12-31,263.71
67712,1826,2024-02-29,1152.6
67713,1826,2024-03-31,500.63
67714,1826,2024-04-30,1260.35
67715,1826,2024-05-31,835.31
67716,1826,2024-06-30,1115.24
67717,1826,2024-07-31,911.68
67718,1826,2024-08-31,1126.28
67719,1826,2024-09-30,421.06
67720,1826,2024-10-31,755.02
67721,1826,2024-11-30,623.09
67722,1826,2024-12-31,1016.72
67723,1826,2025-01-31,1392.4
67724,1826,2025-02-28,538.06
67725,1826,2025-03-31,909.41
67726,1826,2025-04-30,706.96
67727,1826,2025-05-31,875.02
67728,1826,2025-06-30,863.33
67729,1826,2025-07-31,811.86
67730,1826,2025-08-31,831.66
67731,1826,2025-09-30,796.83
67732,1826,2025-10-31,552.36
67733,1826,2025-11-30,867.35
67734,1826,2025-12-31,793.12
67735,1827,2024-02-29,1215.49
67736,1827,2024-03-31,1277.74
67737,1827,2024-04-30,998.89
67738,1827,2024-05-31,847.28
67739,1827,2024-06-30,1011.9
67740,1827,2024-07-31,1015.72
67741,1827,2024-08-31,510.31
67742,1827,2024-09-30,1351.25
67743,1827,2024-10-31,1224.97
67744,1827,2024-11-30,834.55
67745,1827,2024-12-31,900.75
67746,1827,2025-01-31,629.66
67747,1827,2025-02-28,1049.3
67748,1827,2025-03-31,1097.85
67749,1827,2025-04-30,1039.26
67750,1827,2025-05-31,1014.95
67751,1827,2025-06-30,1126.65
67752,1827,2025-07-31,946.92
67753,1827,2025-08-31,948.51
67754,1827,2025-09-30,725.94
67755,1827,2025-10-31,1104.16
67756,1827,2025-11-30,921.75
67757,1827,2025-12-31,749.23
67758,1828,2024-05-31,631.57
67759,1828,2024-06-30,997.94
67760,1828,2024-07-31,1344.89
67761,1828,2024-08-31,467.55
67762,1828,2024-09-30,1022.59
67763,1828,2024-10-31,864.72
67764,1828,2024-11-30,1091.05
67765,1828,2024-12-31,1186.67
67766,1828,2025-01-31,1092.88
67767,1828,2025-02-28,1625.1
67768,1828,2025-03-31,1398.11
67769,1828,2025-04-30,853.21
67770,1828,2025-05-31,1163.77
67771,1828,2025-06-30,1211.99
67772,1828,2025-07-31,1289.68
67773,1828,2025-08-31,634.69
67774,1828,2025-09-30,938.08
67775,1828,2025-10-31,776.23
67776,1828,2025-11-30,822.26
67777,1828,2025-12-31,812.7
67778,1829,2024-01-31,1036.59
67779,1829,2024-02-29,1738.17
67780,1829,2024-03-31,1817.99
67781,1829,2024-04-30,1243.79
67782,1829,2024-05-31,1462.28
67783,1829,2024-06-30,951.01
67784,1829,2024-07-31,1587.07
67785,1829,2024-08-31,1282.28
67786,1829,2024-09-30,1218.48
67787,1829,2024-10-31,1284.12
67788,1829,2024-11-30,778.77
67789,1829,2024-12-31,920.69
67790,1829,2025-01-31,757.41
67791,1829,2025-02-28,847.93
67792,1829,2025-03-31,927.9
67793,1829,2025-04-30,1006.6
67794,1829,2025-05-31,1695.69
67795,1829,2025-06-30,1390.32
67796,1829,2025-07-31,734.96
67797,1829,2025-08-31,1383.39
67798,1829,2025-09-30,1319.69
67799,1829,2025-10-31,1461.74
67800,1829,2025-11-30,1063.19
67801,1829,2025-12-31,1300.59
67802,1830,2024-07-31,287.52
67803,1830,2024-08-31,355.07
67804,1830,2024-09-30,250.0
67805,1830,2024-10-31,250.0
67806,1830,2024-11-30,310.08
67807,1830,2024-12-31,258.46
67808,1830,2025-01-31,519.8
67809,1830,2025-02-28,476.76
67810,1830,2025-03-31,402.74
67811,1830,2025-04-30,250.0
67812,1830,2025-05-31,331.27
67813,1830,2025-06-30,352.28
67814,1830,2025-07-31,250.0
67815,1830,2025-08-31,476.07
67816,1830,2025-09-30,250.0
67817,1830,2025-10-31,415.74
67818,1830,2025-11-30,250.0
67819,1830,2025-12-31,519.36
67820,1831,2024-01-31,1369.32
67821,1831,2024-02-29,742.1
67822,1831,2024-03-31,710.8
67823,1831,2024-04-30,767.07
67824,1831,2024-05-31,933.08
67825,1831,2024-06-30,1168.78
67826,1831,2024-07-31,1551.37
67827,1831,2024-08-31,946.77
67828,1831,2024-09-30,1009.23
67829,1831,2024-10-31,1404.86
67830,1831,2024-11-30,1255.5
67831,1831,2024-12-31,777.53
67832,1831,2025-01-31,463.07
67833,1831,2025-02-28,1108.61
67834,1831,2025-03-31,1242.96
67835,1831,2025-04-30,554.42
67836,1831,2025-05-31,887.48
67837,1831,2025-06-30,793.71
67838,1831,2025-07-31,1093.66
67839,1831,2025-08-31,660.64
67840,1831,2025-09-30,1027.46
67841,1831,2025-10-31,1013.89
67842,1831,2025-11-30,1553.06
67843,1831,2025-12-31,1111.48
67844,1832,2024-05-31,1358.15
67845,1832,2024-06-30,2072.69
67846,1832,2024-07-31,1483.25
67847,1832,2024-08-31,1023.26
67848,1832,2024-09-30,1436.24
67849,1832,2024-10-31,838.55
67850,1832,2024-11-30,915.95
67851,1832,2024-12-31,1759.26
67852,1832,2025-01-31,1787.14
67853,1832,2025-02-28,1433.88
67854,1832,2025-03-31,1217.07
67855,1832,2025-04-30,1987.32
67856,1832,2025-05-31,1495.94
67857,1832,2025-06-30,1795.77
67858,1832,2025-07-31,1134.76
67859,1832,2025-08-31,1175.85
67860,1832,2025-09-30,1536.08
67861,1832,2025-10-31,1852.6
67862,1832,2025-11-30,1032.89
67863,1832,2025-12-31,1352.98
67864,1833,2024-01-31,547.4
67865,1833,2024-02-29,487.18
67866,1833,2024-03-31,250.0
67867,1833,2024-04-30,637.94
67868,1833,2024-05-31,294.61
67869,1833,2024-06-30,317.72
67870,1833,2024-07-31,340.54
67871,1833,2024-08-31,535.12
67872,1833,2024-09-30,526.74
67873,1833,2024-10-31,627.73
67874,1833,2024-11-30,303.27
67875,1833,2024-12-31,318.01
67876,1833,2025-01-31,289.31
67877,1833,2025-02-28,556.71
67878,1833,2025-03-31,625.02
67879,1833,2025-04-30,648.46
67880,1833,2025-05-31,652.99
67881,1833,2025-06-30,459.81
67882,1833,2025-07-31,351.28
67883,1833,2025-08-31,301.1
67884,1833,2025-09-30,401.5
67885,1833,2025-10-31,472.49
67886,1833,2025-11-30,632.67
67887,1833,2025-12-31,250.0
67888,1834,2024-06-30,923.64
67889,1834,2024-07-31,829.92
67890,1834,2024-08-31,376.54
67891,1834,2024-09-30,865.11
67892,1834,2024-10-31,1327.99
67893,1834,2024-11-30,478.63
67894,1834,2024-12-31,386.49
67895,1834,2025-01-31,383.3
67896,1834,2025-02-28,866.77
67897,1834,2025-03-31,1128.99
67898,1834,2025-04-30,928.47
67899,1834,2025-05-31,555.34
67900,1834,2025-06-30,884.53
67901,1834,2025-07-31,629.7
67902,1834,2025-08-31,676.9
67903,1834,2025-09-30,957.87
67904,1834,2025-10-31,1010.33
67905,1834,2025-11-30,424.13
67906,1834,2025-12-31,735.95
67907,1835,2024-08-31,738.85
67908,1835,2024-09-30,1038.84
67909,1835,2024-10-31,1098.95
67910,1835,2024-11-30,512.98
67911,1835,2024-12-31,881.13
67912,1835,2025-01-31,483.38
67913,1835,2025-02-28,810.74
67914,1835,2025-03-31,657.72
67915,1835,2025-04-30,802.87
67916,1835,2025-05-31,499.56
67917,1835,2025-06-30,701.94
67918,1835,2025-07-31,448.56
67919,1835,2025-08-31,466.99
67920,1835,2025-09-30,374.38
67921,1835,2025-10-31,1075.54
67922,1835,2025-11-30,624.21
67923,1835,2025-12-31,824.49
67924,1836,2024-01-31,787.75
67925,1836,2024-02-29,739.02
67926,1836,2024-03-31,650.21
67927,1836,2024-04-30,428.8
67928,1836,2024-05-31,783.14
67929,1836,2024-06-30,683.18
67930,1836,2024-07-31,805.89
67931,1836,2024-08-31,489.19
67932,1836,2024-09-30,546.96
67933,1836,2024-10-31,803.57
67934,1836,2024-11-30,866.33
67935,1836,2024-12-31,413.8
67936,1836,2025-01-31,462.56
67937,1836,2025-02-28,488.23
67938,1836,2025-03-31,539.72
67939,1836,2025-04-30,662.69
67940,1836,2025-05-31,452.76
67941,1836,2025-06-30,391.96
67942,1836,2025-07-31,615.13
67943,1836,2025-08-31,479.27
67944,1836,2025-09-30,446.45
67945,1836,2025-10-31,617.78
67946,1836,2025-11-30,659.23
67947,1836,2025-12-31,637.09
67948,1837,2024-03-31,601.43
67949,1837,2024-04-30,756.38
67950,1837,2024-05-31,464.98
67951,1837,2024-06-30,876.6
67952,1837,2024-07-31,609.54
67953,1837,2024-08-31,664.83
67954,1837,2024-09-30,845.09
67955,1837,2024-10-31,779.92
67956,1837,2024-11-30,690.65
67957,1837,2024-12-31,729.07
67958,1837,2025-01-31,775.21
67959,1837,2025-02-28,1206.34
67960,1837,2025-03-31,843.84
67961,1837,2025-04-30,900.1
67962,1837,2025-05-31,507.11
67963,1837,2025-06-30,1198.33
67964,1837,2025-07-31,479.35
67965,1837,2025-08-31,723.97
67966,1837,2025-09-30,484.86
67967,1837,2025-10-31,642.59
67968,1837,2025-11-30,911.09
67969,1837,2025-12-31,747.72
67970,1838,2024-01-31,1386.87
67971,1838,2024-02-29,593.48
67972,1838,2024-03-31,1677.06
67973,1838,2024-04-30,1006.04
67974,1838,2024-05-31,1413.27
67975,1838,2024-06-30,1466.23
67976,1838,2024-07-31,1236.02
67977,1838,2024-08-31,1331.64
67978,1838,2024-09-30,1476.35
67979,1838,2024-10-31,967.22
67980,1838,2024-11-30,1355.28
67981,1838,2024-12-31,701.86
67982,1838,2025-01-31,1439.75
67983,1838,2025-02-28,1121.97
67984,1838,2025-03-31,738.73
67985,1838,2025-04-30,1200.67
67986,1838,2025-05-31,637.66
67987,1838,2025-06-30,619.49
67988,1838,2025-07-31,1184.68
67989,1838,2025-08-31,642.79
67990,1838,2025-09-30,1210.53
67991,1838,2025-10-31,1796.14
67992,1838,2025-11-30,877.25
67993,1838,2025-12-31,1089.44
67994,1839,2024-01-31,1514.29
67995,1839,2024-02-29,985.84
67996,1839,2024-03-31,2094.3
67997,1839,2024-04-30,1411.19
67998,1839,2024-05-31,1192.94
67999,1839,2024-06-30,1337.81
68000,1839,2024-07-31,1724.95
68001,1839,2024-08-31,2349.54
68002,1839,2024-09-30,1418.68
68003,1839,2024-10-31,1066.5
68004,1839,2024-11-30,994.4
68005,1839,2024-12-31,1521.69
68006,1839,2025-01-31,775.38
68007,1839,2025-02-28,806.55
68008,1839,2025-03-31,901.72
68009,1839,2025-04-30,1260.26
68010,1839,2025-05-31,1610.72
68011,1839,2025-06-30,908.78
68012,1839,2025-07-31,832.59
68013,1839,2025-08-31,1350.28
68014,1839,2025-09-30,1781.69
68015,1839,2025-10-31,2419.47
68016,1839,2025-11-30,1644.85
68017,1839,2025-12-31,1523.19
68018,1840,2024-03-31,911.14
68019,1840,2024-04-30,431.66
68020,1840,2024-05-31,844.95
68021,1840,2024-06-30,937.42
68022,1840,2024-07-31,448.26
68023,1840,2024-08-31,511.91
68024,1840,2024-09-30,793.13
68025,1840,2024-10-31,401.06
68026,1840,2024-11-30,450.69
68027,1840,2024-12-31,767.93
68028,1840,2025-01-31,1006.47
68029,1840,2025-02-28,863.29
68030,1840,2025-03-31,394.37
68031,1840,2025-04-30,986.0
68032,1840,2025-05-31,596.54
68033,1840,2025-06-30,951.95
68034,1840,2025-07-31,466.87
68035,1840,2025-08-31,1073.17
68036,1840,2025-09-30,908.56
68037,1840,2025-10-31,869.17
68038,1840,2025-11-30,532.72
68039,1840,2025-12-31,1064.52
68040,1841,2024-12-31,1685.54
68041,1841,2025-01-31,1767.03
68042,1841,2025-02-28,2009.93
68043,1841,2025-03-31,1035.47
68044,1841,2025-04-30,1155.2
68045,1841,2025-05-31,1020.48
68046,1841,2025-06-30,1692.93
68047,1841,2025-07-31,2082.19
68048,1841,2025-08-31,1238.25
68049,1841,2025-09-30,906.61
68050,1841,2025-10-31,854.05
68051,1841,2025-11-30,1428.95
68052,1841,2025-12-31,1341.05
68053,1842,2024-01-31,1332.63
68054,1842,2024-02-29,1228.04
68055,1842,2024-03-31,455.97
68056,1842,2024-04-30,500.06
68057,1842,2024-05-31,699.51
68058,1842,2024-06-30,942.3
68059,1842,2024-07-31,785.08
68060,1842,2024-08-31,899.56
68061,1842,2024-09-30,649.4
68062,1842,2024-10-31,358.91
68063,1842,2024-11-30,534.8
68064,1842,2024-12-31,530.18
68065,1842,2025-01-31,1017.96
68066,1842,2025-02-28,679.89
68067,1842,2025-03-31,542.92
68068,1842,2025-04-30,659.55
68069,1842,2025-05-31,732.48
68070,1842,2025-06-30,558.69
68071,1842,2025-07-31,1084.53
68072,1842,2025-08-31,1301.27
68073,1842,2025-09-30,1172.12
68074,1842,2025-10-31,740.71
68075,1842,2025-11-30,872.28
68076,1842,2025-12-31,424.84
68077,1843,2024-11-30,1356.63
68078,1843,2024-12-31,2382.09
68079,1843,2025-01-31,1112.31
68080,1843,2025-02-28,1103.62
68081,1843,2025-03-31,1827.75
68082,1843,2025-04-30,813.12
68083,1843,2025-05-31,1621.52
68084,1843,2025-06-30,926.04
68085,1843,2025-07-31,1302.56
68086,1843,2025-08-31,901.69
68087,1843,2025-09-30,779.37
68088,1843,2025-10-31,1004.6
68089,1843,2025-11-30,990.39
68090,1843,2025-12-31,1107.57
68091,1844,2024-09-30,463.4
68092,1844,2024-10-31,509.15
68093,1844,2024-11-30,581.16
68094,1844,2024-12-31,858.5
68095,1844,2025-01-31,462.82
68096,1844,2025-02-28,1132.07
68097,1844,2025-03-31,956.17
68098,1844,2025-04-30,978.08
68099,1844,2025-05-31,1082.15
68100,1844,2025-06-30,401.64
68101,1844,2025-07-31,935.54
68102,1844,2025-08-31,466.27
68103,1844,2025-09-30,755.09
68104,1844,2025-10-31,670.24
68105,1844,2025-11-30,303.92
68106,1844,2025-12-31,624.81
68107,1845,2024-01-31,615.21
68108,1845,2024-02-29,480.55
68109,1845,2024-03-31,668.03
68110,1845,2024-04-30,599.32
68111,1845,2024-05-31,607.78
68112,1845,2024-06-30,1191.01
68113,1845,2024-07-31,790.13
68114,1845,2024-08-31,869.55
68115,1845,2024-09-30,902.93
68116,1845,2024-10-31,861.41
68117,1845,2024-11-30,1070.77
68118,1845,2024-12-31,769.67
68119,1845,2025-01-31,808.21
68120,1845,2025-02-28,963.24
68121,1845,2025-03-31,790.0
68122,1845,2025-04-30,1440.1
68123,1845,2025-05-31,1041.68
68124,1845,2025-06-30,1418.5
68125,1845,2025-07-31,498.96
68126,1845,2025-08-31,1240.35
68127,1845,2025-09-30,417.66
68128,1845,2025-10-31,339.18
68129,1845,2025-11-30,1077.39
68130,1845,2025-12-31,1083.99
68131,1846,2024-03-31,1168.58
68132,1846,2024-04-30,1304.57
68133,1846,2024-05-31,630.69
68134,1846,2024-06-30,398.12
68135,1846,2024-07-31,1038.27
68136,1846,2024-08-31,1046.2
68137,1846,2024-09-30,506.12
68138,1846,2024-10-31,925.28
68139,1846,2024-11-30,989.42
68140,1846,2024-12-31,1153.21
68141,1846,2025-01-31,1046.03
68142,1846,2025-02-28,1123.82
68143,1846,2025-03-31,951.57
68144,1846,2025-04-30,839.59
68145,1846,2025-05-31,501.46
68146,1846,2025-06-30,679.88
68147,1846,2025-07-31,824.72
68148,1846,2025-08-31,625.43
68149,1846,2025-09-30,1209.92
68150,1846,2025-10-31,684.3
68151,1846,2025-11-30,1171.04
68152,1846,2025-12-31,746.39
68153,1847,2024-01-31,1630.62
68154,1847,2024-02-29,1559.11
68155,1847,2024-03-31,1244.79
68156,1847,2024-04-30,748.92
68157,1847,2024-05-31,1349.83
68158,1847,2024-06-30,1623.58
68159,1847,2024-07-31,1482.95
68160,1847,2024-08-31,1176.73
68161,1847,2024-09-30,2481.73
68162,1847,2024-10-31,1952.62
68163,1847,2024-11-30,2111.34
68164,1847,2024-12-31,1005.87
68165,1847,2025-01-31,2504.8
68166,1847,2025-02-28,1448.09
68167,1847,2025-03-31,898.65
68168,1847,2025-04-30,1809.71
68169,1847,2025-05-31,1172.83
68170,1847,2025-06-30,2135.82
68171,1847,2025-07-31,1406.37
68172,1847,2025-08-31,1758.58
68173,1847,2025-09-30,1945.66
68174,1847,2025-10-31,1637.51
68175,1847,2025-11-30,1114.26
68176,1847,2025-12-31,2149.35
68177,1848,2024-01-31,847.06
68178,1848,2024-02-29,1514.2
68179,1848,2024-03-31,1006.52
68180,1848,2024-04-30,1550.41
68181,1848,2024-05-31,702.76
68182,1848,2024-06-30,582.94
68183,1848,2024-07-31,1282.09
68184,1848,2024-08-31,1015.84
68185,1848,2024-09-30,486.91
68186,1848,2024-10-31,1638.57
68187,1848,2024-11-30,590.28
68188,1848,2024-12-31,1608.51
68189,1848,2025-01-31,1354.86
68190,1848,2025-02-28,1419.12
68191,1848,2025-03-31,834.47
68192,1848,2025-04-30,978.75
68193,1848,2025-05-31,1084.69
68194,1848,2025-06-30,984.33
68195,1848,2025-07-31,1492.19
68196,1848,2025-08-31,1132.89
68197,1848,2025-09-30,1230.45
68198,1848,2025-10-31,1753.04
68199,1848,2025-11-30,1013.05
68200,1848,2025-12-31,1277.14
68201,1849,2024-02-29,551.59
68202,1849,2024-03-31,718.45
68203,1849,2024-04-30,466.3
68204,1849,2024-05-31,410.65
68205,1849,2024-06-30,924.56
68206,1849,2024-07-31,327.79
68207,1849,2024-08-31,313.73
68208,1849,2024-09-30,552.52
68209,1849,2024-10-31,687.45
68210,1849,2024-11-30,683.52
68211,1849,2024-12-31,523.2
68212,1849,2025-01-31,772.83
68213,1849,2025-02-28,457.9
68214,1849,2025-03-31,730.07
68215,1849,2025-04-30,1030.64
68216,1849,2025-05-31,605.54
68217,1849,2025-06-30,845.07
68218,1849,2025-07-31,339.83
68219,1849,2025-08-31,606.51
68220,1849,2025-09-30,633.2
68221,1849,2025-10-31,914.72
68222,1849,2025-11-30,628.27
68223,1849,2025-12-31,915.62
68224,1850,2024-08-31,1219.07
68225,1850,2024-09-30,911.56
68226,1850,2024-10-31,1686.89
68227,1850,2024-11-30,1250.17
68228,1850,2024-12-31,1915.72
68229,1850,2025-01-31,904.21
68230,1850,2025-02-28,524.36
68231,1850,2025-03-31,1329.17
68232,1850,2025-04-30,1598.57
68233,1850,2025-05-31,817.27
68234,1850,2025-06-30,893.99
68235,1850,2025-07-31,1663.57
68236,1850,2025-08-31,1382.04
68237,1850,2025-09-30,1300.1
68238,1850,2025-10-31,1171.4
68239,1850,2025-11-30,1206.7
68240,1850,2025-12-31,900.24
68241,1851,2024-01-31,323.12
68242,1851,2024-02-29,429.19
68243,1851,2024-03-31,614.58
68244,1851,2024-04-30,877.61
68245,1851,2024-05-31,389.55
68246,1851,2024-06-30,691.49
68247,1851,2024-07-31,735.48
68248,1851,2024-08-31,819.27
68249,1851,2024-09-30,1302.55
68250,1851,2024-10-31,719.06
68251,1851,2024-11-30,737.2
68252,1851,2024-12-31,428.36
68253,1851,2025-01-31,1009.49
68254,1851,2025-02-28,1247.03
68255,1851,2025-03-31,754.21
68256,1851,2025-04-30,985.73
68257,1851,2025-05-31,962.83
68258,1851,2025-06-30,1275.7
68259,1851,2025-07-31,857.71
68260,1851,2025-08-31,768.7
68261,1851,2025-09-30,905.5
68262,1851,2025-10-31,546.68
68263,1851,2025-11-30,764.59
68264,1851,2025-12-31,351.81
68265,1852,2024-06-30,774.49
68266,1852,2024-07-31,726.45
68267,1852,2024-08-31,396.98
68268,1852,2024-09-30,902.75
68269,1852,2024-10-31,1203.49
68270,1852,2024-11-30,735.29
68271,1852,2024-12-31,568.79
68272,1852,2025-01-31,477.8
68273,1852,2025-02-28,1136.72
68274,1852,2025-03-31,402.76
68275,1852,2025-04-30,770.07
68276,1852,2025-05-31,513.73
68277,1852,2025-06-30,365.29
68278,1852,2025-07-31,430.04
68279,1852,2025-08-31,518.94
68280,1852,2025-09-30,813.64
68281,1852,2025-10-31,490.08
68282,1852,2025-11-30,1014.34
68283,1852,2025-12-31,445.44
68284,1853,2024-06-30,779.64
68285,1853,2024-07-31,577.82
68286,1853,2024-08-31,1628.07
68287,1853,2024-09-30,812.37
68288,1853,2024-10-31,914.37
68289,1853,2024-11-30,1061.67
68290,1853,2024-12-31,678.06
68291,1853,2025-01-31,714.03
68292,1853,2025-02-28,1339.04
68293,1853,2025-03-31,841.72
68294,1853,2025-04-30,671.6
68295,1853,2025-05-31,1034.81
68296,1853,2025-06-30,1388.74
68297,1853,2025-07-31,524.48
68298,1853,2025-08-31,1967.49
68299,1853,2025-09-30,897.76
68300,1853,2025-10-31,600.48
68301,1853,2025-11-30,655.14
68302,1853,2025-12-31,1109.46
68303,1854,2024-07-31,405.94
68304,1854,2024-08-31,1398.47
68305,1854,2024-09-30,500.48
68306,1854,2024-10-31,710.59
68307,1854,2024-11-30,667.67
68308,1854,2024-12-31,711.27
68309,1854,2025-01-31,963.31
68310,1854,2025-02-28,683.35
68311,1854,2025-03-31,1121.91
68312,1854,2025-04-30,1362.32
68313,1854,2025-05-31,599.7
68314,1854,2025-06-30,823.3
68315,1854,2025-07-31,769.29
68316,1854,2025-08-31,527.04
68317,1854,2025-09-30,1128.63
68318,1854,2025-10-31,1348.05
68319,1854,2025-11-30,861.11
68320,1854,2025-12-31,557.42
68321,1855,2024-01-31,1031.06
68322,1855,2024-02-29,737.66
68323,1855,2024-03-31,455.94
68324,1855,2024-04-30,609.68
68325,1855,2024-05-31,563.79
68326,1855,2024-06-30,1095.45
68327,1855,2024-07-31,903.11
68328,1855,2024-08-31,913.15
68329,1855,2024-09-30,621.41
68330,1855,2024-10-31,840.08
68331,1855,2024-11-30,1584.9
68332,1855,2024-12-31,954.31
68333,1855,2025-01-31,675.51
68334,1855,2025-02-28,1054.4
68335,1855,2025-03-31,928.7
68336,1855,2025-04-30,744.98
68337,1855,2025-05-31,1538.58
68338,1855,2025-06-30,851.64
68339,1855,2025-07-31,1195.95
68340,1855,2025-08-31,407.82
68341,1855,2025-09-30,851.58
68342,1855,2025-10-31,1022.73
68343,1855,2025-11-30,727.66
68344,1855,2025-12-31,610.24
68345,1856,2024-01-31,750.27
68346,1856,2024-02-29,1235.43
68347,1856,2024-03-31,644.23
68348,1856,2024-04-30,1004.45
68349,1856,2024-05-31,478.88
68350,1856,2024-06-30,731.88
68351,1856,2024-07-31,407.86
68352,1856,2024-08-31,1413.74
68353,1856,2024-09-30,1328.86
68354,1856,2024-10-31,501.98
68355,1856,2024-11-30,540.9
68356,1856,2024-12-31,627.45
68357,1856,2025-01-31,967.07
68358,1856,2025-02-28,691.69
68359,1856,2025-03-31,832.58
68360,1856,2025-04-30,585.2
68361,1856,2025-05-31,956.71
68362,1856,2025-06-30,791.95
68363,1856,2025-07-31,786.99
68364,1856,2025-08-31,767.08
68365,1856,2025-09-30,717.12
68366,1856,2025-10-31,787.75
68367,1856,2025-11-30,377.59
68368,1856,2025-12-31,432.61
68369,1857,2024-01-31,510.83
68370,1857,2024-02-29,474.94
68371,1857,2024-03-31,984.87
68372,1857,2024-04-30,631.27
68373,1857,2024-05-31,712.24
68374,1857,2024-06-30,1430.63
68375,1857,2024-07-31,584.51
68376,1857,2024-08-31,568.73
68377,1857,2024-09-30,810.52
68378,1857,2024-10-31,1503.0
68379,1857,2024-11-30,1476.53
68380,1857,2024-12-31,1296.13
68381,1857,2025-01-31,1027.81
68382,1857,2025-02-28,1082.12
68383,1857,2025-03-31,1015.19
68384,1857,2025-04-30,859.56
68385,1857,2025-05-31,676.51
68386,1857,2025-06-30,925.65
68387,1857,2025-07-31,567.02
68388,1857,2025-08-31,405.28
68389,1857,2025-09-30,1207.6
68390,1857,2025-10-31,823.12
68391,1857,2025-11-30,1445.26
68392,1857,2025-12-31,892.21
68393,1858,2024-09-30,809.98
68394,1858,2024-10-31,972.17
68395,1858,2024-11-30,720.24
68396,1858,2024-12-31,1098.74
68397,1858,2025-01-31,633.1
68398,1858,2025-02-28,667.42
68399,1858,2025-03-31,863.38
68400,1858,2025-04-30,1139.05
68401,1858,2025-05-31,826.63
68402,1858,2025-06-30,638.68
68403,1858,2025-07-31,620.0
68404,1858,2025-08-31,1039.81
68405,1858,2025-09-30,1459.61
68406,1858,2025-10-31,780.7
68407,1858,2025-11-30,1006.04
68408,1858,2025-12-31,1095.78
68409,1859,2024-10-31,250.0
68410,1859,2024-11-30,359.77
68411,1859,2024-12-31,415.12
68412,1859,2025-01-31,364.89
68413,1859,2025-02-28,250.0
68414,1859,2025-03-31,308.49
68415,1859,2025-04-30,432.58
68416,1859,2025-05-31,250.0
68417,1859,2025-06-30,250.0
68418,1859,2025-07-31,474.08
68419,1859,2025-08-31,384.14
68420,1859,2025-09-30,446.84
68421,1859,2025-10-31,293.15
68422,1859,2025-11-30,353.54
68423,1859,2025-12-31,250.62
68424,1860,2024-01-31,753.88
68425,1860,2024-02-29,799.25
68426,1860,2024-03-31,970.6
68427,1860,2024-04-30,556.28
68428,1860,2024-05-31,1231.57
68429,1860,2024-06-30,957.81
68430,1860,2024-07-31,993.08
68431,1860,2024-08-31,875.88
68432,1860,2024-09-30,475.74
68433,1860,2024-10-31,931.3
68434,1860,2024-11-30,1272.34
68435,1860,2024-12-31,1294.71
68436,1860,2025-01-31,601.08
68437,1860,2025-02-28,1305.09
68438,1860,2025-03-31,599.84
68439,1860,2025-04-30,532.43
68440,1860,2025-05-31,1354.97
68441,1860,2025-06-30,1018.52
68442,1860,2025-07-31,1561.34
68443,1860,2025-08-31,867.48
68444,1860,2025-09-30,591.76
68445,1860,2025-10-31,538.99
68446,1860,2025-11-30,1052.47
68447,1860,2025-12-31,940.85
68448,1861,2024-12-31,397.84
68449,1861,2025-01-31,624.04
68450,1861,2025-02-28,604.99
68451,1861,2025-03-31,480.46
68452,1861,2025-04-30,522.29
68453,1861,2025-05-31,772.88
68454,1861,2025-06-30,593.72
68455,1861,2025-07-31,660.52
68456,1861,2025-08-31,942.58
68457,1861,2025-09-30,929.21
68458,1861,2025-10-31,364.04
68459,1861,2025-11-30,577.47
68460,1861,2025-12-31,638.93
68461,1862,2024-02-29,317.0
68462,1862,2024-03-31,546.56
68463,1862,2024-04-30,359.19
68464,1862,2024-05-31,250.0
68465,1862,2024-06-30,643.36
68466,1862,2024-07-31,250.0
68467,1862,2024-08-31,269.25
68468,1862,2024-09-30,534.54
68469,1862,2024-10-31,286.67
68470,1862,2024-11-30,289.26
68471,1862,2024-12-31,298.62
68472,1862,2025-01-31,255.37
68473,1862,2025-02-28,367.12
68474,1862,2025-03-31,250.0
68475,1862,2025-04-30,460.56
68476,1862,2025-05-31,471.52
68477,1862,2025-06-30,286.48
68478,1862,2025-07-31,282.63
68479,1862,2025-08-31,441.94
68480,1862,2025-09-30,370.85
68481,1862,2025-10-31,250.0
68482,1862,2025-11-30,386.27
68483,1862,2025-12-31,444.33
68484,1863,2024-01-31,1477.96
68485,1863,2024-02-29,1102.68
68486,1863,2024-03-31,593.09
68487,1863,2024-04-30,1293.06
68488,1863,2024-05-31,1137.85
68489,1863,2024-06-30,757.92
68490,1863,2024-07-31,970.61
68491,1863,2024-08-31,841.76
68492,1863,2024-09-30,1075.79
68493,1863,2024-10-31,559.96
68494,1863,2024-11-30,1022.42
68495,1863,2024-12-31,1016.69
68496,1863,2025-01-31,632.78
68497,1863,2025-02-28,1123.57
68498,1863,2025-03-31,486.57
68499,1863,2025-04-30,613.29
68500,1863,2025-05-31,713.66
68501,1863,2025-06-30,614.95
68502,1863,2025-07-31,1062.61
68503,1863,2025-08-31,1170.08
68504,1863,2025-09-30,1453.73
68505,1863,2025-10-31,1359.34
68506,1863,2025-11-30,1285.08
68507,1863,2025-12-31,1376.59
68508,1864,2024-01-31,1018.61
68509,1864,2024-02-29,1063.43
68510,1864,2024-03-31,1480.7
68511,1864,2024-04-30,958.16
68512,1864,2024-05-31,892.1
68513,1864,2024-06-30,1476.83
68514,1864,2024-07-31,1620.78
68515,1864,2024-08-31,740.32
68516,1864,2024-09-30,1010.39
68517,1864,2024-10-31,1329.06
68518,1864,2024-11-30,653.41
68519,1864,2024-12-31,637.95
68520,1864,2025-01-31,659.59
68521,1864,2025-02-28,1277.43
68522,1864,2025-03-31,889.05
68523,1864,2025-04-30,782.97
68524,1864,2025-05-31,765.95
68525,1864,2025-06-30,736.34
68526,1864,2025-07-31,673.14
68527,1864,2025-08-31,663.82
68528,1864,2025-09-30,592.77
68529,1864,2025-10-31,477.66
68530,1864,2025-11-30,1120.36
68531,1864,2025-12-31,546.99
68532,1865,2024-03-31,767.92
68533,1865,2024-04-30,1070.92
68534,1865,2024-05-31,397.94
68535,1865,2024-06-30,675.03
68536,1865,2024-07-31,653.69
68537,1865,2024-08-31,709.79
68538,1865,2024-09-30,468.66
68539,1865,2024-10-31,968.52
68540,1865,2024-11-30,407.47
68541,1865,2024-12-31,727.11
68542,1865,2025-01-31,608.38
68543,1865,2025-02-28,1053.97
68544,1865,2025-03-31,322.98
68545,1865,2025-04-30,417.35
68546,1865,2025-05-31,728.9
68547,1865,2025-06-30,414.04
68548,1865,2025-07-31,732.87
68549,1865,2025-08-31,786.1
68550,1865,2025-09-30,695.91
68551,1865,2025-10-31,655.23
68552,1865,2025-11-30,761.83
68553,1865,2025-12-31,482.97
68554,1866,2024-04-30,1155.64
68555,1866,2024-05-31,1199.62
68556,1866,2024-06-30,707.63
68557,1866,2024-07-31,1297.22
68558,1866,2024-08-31,1388.27
68559,1866,2024-09-30,1482.61
68560,1866,2024-10-31,1083.5
68561,1866,2024-11-30,591.82
68562,1866,2024-12-31,504.72
68563,1866,2025-01-31,1365.82
68564,1866,2025-02-28,884.38
68565,1866,2025-03-31,1580.92
68566,1866,2025-04-30,701.67
68567,1866,2025-05-31,477.05
68568,1866,2025-06-30,1260.48
68569,1866,2025-07-31,719.11
68570,1866,2025-08-31,1147.91
68571,1866,2025-09-30,535.91
68572,1866,2025-10-31,976.37
68573,1866,2025-11-30,769.53
68574,1866,2025-12-31,584.94
68575,1867,2024-12-31,343.31
68576,1867,2025-01-31,659.78
68577,1867,2025-02-28,602.99
68578,1867,2025-03-31,489.53
68579,1867,2025-04-30,748.23
68580,1867,2025-05-31,315.0
68581,1867,2025-06-30,713.81
68582,1867,2025-07-31,361.58
68583,1867,2025-08-31,298.2
68584,1867,2025-09-30,824.79
68585,1867,2025-10-31,521.03
68586,1867,2025-11-30,283.16
68587,1867,2025-12-31,414.25
68588,1868,2024-06-30,333.71
68589,1868,2024-07-31,972.48
68590,1868,2024-08-31,940.36
68591,1868,2024-09-30,350.39
68592,1868,2024-10-31,440.26
68593,1868,2024-11-30,453.29
68594,1868,2024-12-31,746.57
68595,1868,2025-01-31,1087.51
68596,1868,2025-02-28,1071.87
68597,1868,2025-03-31,1318.09
68598,1868,2025-04-30,834.74
68599,1868,2025-05-31,885.76
68600,1868,2025-06-30,651.99
68601,1868,2025-07-31,804.71
68602,1868,2025-08-31,925.72
68603,1868,2025-09-30,392.96
68604,1868,2025-10-31,854.54
68605,1868,2025-11-30,935.21
68606,1868,2025-12-31,1098.66
68607,1869,2024-01-31,412.62
68608,1869,2024-02-29,308.38
68609,1869,2024-03-31,670.64
68610,1869,2024-04-30,1222.6
68611,1869,2024-05-31,463.13
68612,1869,2024-06-30,809.89
68613,1869,2024-07-31,649.98
68614,1869,2024-08-31,572.4
68615,1869,2024-09-30,510.13
68616,1869,2024-10-31,390.61
68617,1869,2024-11-30,952.43
68618,1869,2024-12-31,968.05
68619,1869,2025-01-31,461.37
68620,1869,2025-02-28,794.9
68621,1869,2025-03-31,976.08
68622,1869,2025-04-30,570.38
68623,1869,2025-05-31,826.6
68624,1869,2025-06-30,839.93
68625,1869,2025-07-31,552.45
68626,1869,2025-08-31,402.88
68627,1869,2025-09-30,482.96
68628,1869,2025-10-31,413.1
68629,1869,2025-11-30,545.78
68630,1869,2025-12-31,862.64
68631,1870,2024-02-29,945.6
68632,1870,2024-03-31,390.2
68633,1870,2024-04-30,636.48
68634,1870,2024-05-31,1019.24
68635,1870,2024-06-30,997.48
68636,1870,2024-07-31,532.93
68637,1870,2024-08-31,876.51
68638,1870,2024-09-30,712.95
68639,1870,2024-10-31,541.35
68640,1870,2024-11-30,1089.33
68641,1870,2024-12-31,1081.15
68642,1870,2025-01-31,939.84
68643,1870,2025-02-28,536.74
68644,1870,2025-03-31,474.43
68645,1870,2025-04-30,625.87
68646,1870,2025-05-31,830.93
68647,1870,2025-06-30,408.68
68648,1870,2025-07-31,427.29
68649,1870,2025-08-31,838.59
68650,1870,2025-09-30,725.47
68651,1870,2025-10-31,1167.99
68652,1870,2025-11-30,633.14
68653,1870,2025-12-31,715.53
68654,1871,2024-06-30,671.83
68655,1871,2024-07-31,933.09
68656,1871,2024-08-31,1111.57
68657,1871,2024-09-30,994.94
68658,1871,2024-10-31,1249.55
68659,1871,2024-11-30,538.28
68660,1871,2024-12-31,830.58
68661,1871,2025-01-31,1328.81
68662,1871,2025-02-28,1557.49
68663,1871,2025-03-31,782.95
68664,1871,2025-04-30,473.22
68665,1871,2025-05-31,606.48
68666,1871,2025-06-30,570.45
68667,1871,2025-07-31,1243.94
68668,1871,2025-08-31,1024.74
68669,1871,2025-09-30,618.75
68670,1871,2025-10-31,791.15
68671,1871,2025-11-30,1368.73
68672,1871,2025-12-31,1106.54
68673,1872,2024-01-31,412.82
68674,1872,2024-02-29,340.84
68675,1872,2024-03-31,573.48
68676,1872,2024-04-30,599.02
68677,1872,2024-05-31,383.58
68678,1872,2024-06-30,509.62
68679,1872,2024-07-31,412.15
68680,1872,2024-08-31,392.37
68681,1872,2024-09-30,633.29
68682,1872,2024-10-31,689.85
68683,1872,2024-11-30,863.07
68684,1872,2024-12-31,707.96
68685,1872,2025-01-31,741.4
68686,1872,2025-02-28,681.37
68687,1872,2025-03-31,252.61
68688,1872,2025-04-30,546.34
68689,1872,2025-05-31,670.96
68690,1872,2025-06-30,466.59
68691,1872,2025-07-31,267.18
68692,1872,2025-08-31,574.44
68693,1872,2025-09-30,734.15
68694,1872,2025-10-31,575.63
68695,1872,2025-11-30,411.97
68696,1872,2025-12-31,850.01
68697,1873,2024-01-31,684.15
68698,1873,2024-02-29,1106.11
68699,1873,2024-03-31,593.8
68700,1873,2024-04-30,1628.94
68701,1873,2024-05-31,979.56
68702,1873,2024-06-30,1403.5
68703,1873,2024-07-31,1005.38
68704,1873,2024-08-31,615.33
68705,1873,2024-09-30,887.01
68706,1873,2024-10-31,481.31
68707,1873,2024-11-30,1363.13
68708,1873,2024-12-31,836.97
68709,1873,2025-01-31,1067.12
68710,1873,2025-02-28,1067.23
68711,1873,2025-03-31,641.69
68712,1873,2025-04-30,849.41
68713,1873,2025-05-31,820.31
68714,1873,2025-06-30,745.59
68715,1873,2025-07-31,1207.45
68716,1873,2025-08-31,1362.62
68717,1873,2025-09-30,1560.15
68718,1873,2025-10-31,889.36
68719,1873,2025-11-30,584.1
68720,1873,2025-12-31,874.68
68721,1874,2024-08-31,646.03
68722,1874,2024-09-30,1099.16
68723,1874,2024-10-31,618.53
68724,1874,2024-11-30,834.68
68725,1874,2024-12-31,1138.64
68726,1874,2025-01-31,859.99
68727,1874,2025-02-28,906.84
68728,1874,2025-03-31,922.02
68729,1874,2025-04-30,807.29
68730,1874,2025-05-31,860.08
68731,1874,2025-06-30,511.02
68732,1874,2025-07-31,581.83
68733,1874,2025-08-31,638.62
68734,1874,2025-09-30,907.95
68735,1874,2025-10-31,897.4
68736,1874,2025-11-30,535.79
68737,1874,2025-12-31,591.76
68738,1875,2024-03-31,358.23
68739,1875,2024-04-30,492.22
68740,1875,2024-05-31,345.43
68741,1875,2024-06-30,302.07
68742,1875,2024-07-31,250.0
68743,1875,2024-08-31,360.29
68744,1875,2024-09-30,334.93
68745,1875,2024-10-31,250.0
68746,1875,2024-11-30,261.86
68747,1875,2024-12-31,359.13
68748,1875,2025-01-31,333.31
68749,1875,2025-02-28,369.59
68750,1875,2025-03-31,332.46
68751,1875,2025-04-30,377.51
68752,1875,2025-05-31,250.0
68753,1875,2025-06-30,250.0
68754,1875,2025-07-31,333.59
68755,1875,2025-08-31,337.53
68756,1875,2025-09-30,250.0
68757,1875,2025-10-31,370.48
68758,1875,2025-11-30,277.56
68759,1875,2025-12-31,250.0
68760,1876,2024-05-31,445.2
68761,1876,2024-06-30,250.0
68762,1876,2024-07-31,273.6
68763,1876,2024-08-31,280.51
68764,1876,2024-09-30,317.76
68765,1876,2024-10-31,347.67
68766,1876,2024-11-30,250.0
68767,1876,2024-12-31,385.52
68768,1876,2025-01-31,250.0
68769,1876,2025-02-28,309.48
68770,1876,2025-03-31,278.0
68771,1876,2025-04-30,473.1
68772,1876,2025-05-31,275.97
68773,1876,2025-06-30,250.0
68774,1876,2025-07-31,321.67
68775,1876,2025-08-31,250.0
68776,1876,2025-09-30,250.0
68777,1876,2025-10-31,321.49
68778,1876,2025-11-30,250.0
68779,1876,2025-12-31,382.94
68780,1877,2024-01-31,660.86
68781,1877,2024-02-29,1177.06
68782,1877,2024-03-31,1102.08
68783,1877,2024-04-30,842.24
68784,1877,2024-05-31,467.32
68785,1877,2024-06-30,411.39
68786,1877,2024-07-31,608.3
68787,1877,2024-08-31,898.67
68788,1877,2024-09-30,1143.26
68789,1877,2024-10-31,988.91
68790,1877,2024-11-30,1357.39
68791,1877,2024-12-31,1335.24
68792,1877,2025-01-31,851.45
68793,1877,2025-02-28,803.05
68794,1877,2025-03-31,837.06
68795,1877,2025-04-30,1070.49
68796,1877,2025-05-31,955.76
68797,1877,2025-06-30,1143.67
68798,1877,2025-07-31,1174.51
68799,1877,2025-08-31,1128.0
68800,1877,2025-09-30,813.27
68801,1877,2025-10-31,954.95
68802,1877,2025-11-30,776.0
68803,1877,2025-12-31,499.05
68804,1878,2024-01-31,1400.13
68805,1878,2024-02-29,519.94
68806,1878,2024-03-31,881.32
68807,1878,2024-04-30,495.66
68808,1878,2024-05-31,955.32
68809,1878,2024-06-30,995.75
68810,1878,2024-07-31,1150.7
68811,1878,2024-08-31,517.89
68812,1878,2024-09-30,538.9
68813,1878,2024-10-31,1136.13
68814,1878,2024-11-30,1395.99
68815,1878,2024-12-31,853.32
68816,1878,2025-01-31,395.02
68817,1878,2025-02-28,1669.13
68818,1878,2025-03-31,942.19
68819,1878,2025-04-30,679.24
68820,1878,2025-05-31,1283.71
68821,1878,2025-06-30,660.21
68822,1878,2025-07-31,881.21
68823,1878,2025-08-31,607.27
68824,1878,2025-09-30,998.72
68825,1878,2025-10-31,406.08
68826,1878,2025-11-30,1434.37
68827,1878,2025-12-31,667.9
68828,1879,2024-01-31,705.37
68829,1879,2024-02-29,889.82
68830,1879,2024-03-31,858.11
68831,1879,2024-04-30,848.12
68832,1879,2024-05-31,1038.12
68833,1879,2024-06-30,1330.61
68834,1879,2024-07-31,438.11
68835,1879,2024-08-31,1334.38
68836,1879,2024-09-30,730.7
68837,1879,2024-10-31,448.87
68838,1879,2024-11-30,762.51
68839,1879,2024-12-31,806.2
68840,1879,2025-01-31,1112.77
68841,1879,2025-02-28,849.94
68842,1879,2025-03-31,742.05
68843,1879,2025-04-30,732.88
68844,1879,2025-05-31,1016.56
68845,1879,2025-06-30,1420.27
68846,1879,2025-07-31,479.23
68847,1879,2025-08-31,1021.99
68848,1879,2025-09-30,873.6
68849,1879,2025-10-31,767.31
68850,1879,2025-11-30,1146.13
68851,1879,2025-12-31,561.84
68852,1880,2024-12-31,946.23
68853,1880,2025-01-31,1041.21
68854,1880,2025-02-28,628.44
68855,1880,2025-03-31,858.73
68856,1880,2025-04-30,1147.62
68857,1880,2025-05-31,607.19
68858,1880,2025-06-30,518.57
68859,1880,2025-07-31,1100.52
68860,1880,2025-08-31,590.45
68861,1880,2025-09-30,1169.43
68862,1880,2025-10-31,1082.83
68863,1880,2025-11-30,395.62
68864,1880,2025-12-31,1093.23
68865,1881,2024-03-31,657.47
68866,1881,2024-04-30,583.46
68867,1881,2024-05-31,1481.64
68868,1881,2024-06-30,1104.11
68869,1881,2024-07-31,887.42
68870,1881,2024-08-31,637.94
68871,1881,2024-09-30,1125.99
68872,1881,2024-10-31,518.76
68873,1881,2024-11-30,473.25
68874,1881,2024-12-31,654.27
68875,1881,2025-01-31,660.15
68876,1881,2025-02-28,1399.27
68877,1881,2025-03-31,769.48
68878,1881,2025-04-30,1069.24
68879,1881,2025-05-31,1327.92
68880,1881,2025-06-30,756.66
68881,1881,2025-07-31,932.79
68882,1881,2025-08-31,746.1
68883,1881,2025-09-30,1200.77
68884,1881,2025-10-31,1158.34
68885,1881,2025-11-30,478.7
68886,1881,2025-12-31,822.63
68887,1882,2024-06-30,754.33
68888,1882,2024-07-31,1443.16
68889,1882,2024-08-31,1236.05
68890,1882,2024-09-30,1368.17
68891,1882,2024-10-31,1350.35
68892,1882,2024-11-30,1346.5
68893,1882,2024-12-31,1015.31
68894,1882,2025-01-31,865.98
68895,1882,2025-02-28,973.68
68896,1882,2025-03-31,1469.28
68897,1882,2025-04-30,919.42
68898,1882,2025-05-31,1052.06
68899,1882,2025-06-30,707.59
68900,1882,2025-07-31,1121.33
68901,1882,2025-08-31,808.74
68902,1882,2025-09-30,767.96
68903,1882,2025-10-31,1719.96
68904,1882,2025-11-30,1620.17
68905,1882,2025-12-31,1318.74
68906,1883,2024-01-31,689.66
68907,1883,2024-02-29,432.91
68908,1883,2024-03-31,434.19
68909,1883,2024-04-30,744.37
68910,1883,2024-05-31,384.66
68911,1883,2024-06-30,662.95
68912,1883,2024-07-31,360.32
68913,1883,2024-08-31,272.92
68914,1883,2024-09-30,485.1
68915,1883,2024-10-31,543.18
68916,1883,2024-11-30,532.27
68917,1883,2024-12-31,534.74
68918,1883,2025-01-31,698.25
68919,1883,2025-02-28,301.85
68920,1883,2025-03-31,265.2
68921,1883,2025-04-30,484.66
68922,1883,2025-05-31,532.29
68923,1883,2025-06-30,622.11
68924,1883,2025-07-31,747.75
68925,1883,2025-08-31,386.22
68926,1883,2025-09-30,656.69
68927,1883,2025-10-31,608.98
68928,1883,2025-11-30,529.32
68929,1883,2025-12-31,573.87
68930,1884,2024-12-31,386.23
68931,1884,2025-01-31,392.01
68932,1884,2025-02-28,630.08
68933,1884,2025-03-31,431.86
68934,1884,2025-04-30,354.83
68935,1884,2025-05-31,302.65
68936,1884,2025-06-30,511.42
68937,1884,2025-07-31,492.32
68938,1884,2025-08-31,585.97
68939,1884,2025-09-30,348.42
68940,1884,2025-10-31,792.94
68941,1884,2025-11-30,648.94
68942,1884,2025-12-31,857.36
68943,1885,2024-01-31,250.0
68944,1885,2024-02-29,484.96
68945,1885,2024-03-31,658.67
68946,1885,2024-04-30,454.57
68947,1885,2024-05-31,468.97
68948,1885,2024-06-30,539.18
68949,1885,2024-07-31,659.79
68950,1885,2024-08-31,687.32
68951,1885,2024-09-30,331.43
68952,1885,2024-10-31,486.52
68953,1885,2024-11-30,322.98
68954,1885,2024-12-31,523.18
68955,1885,2025-01-31,347.83
68956,1885,2025-02-28,505.24
68957,1885,2025-03-31,366.81
68958,1885,2025-04-30,408.39
68959,1885,2025-05-31,455.21
68960,1885,2025-06-30,305.17
68961,1885,2025-07-31,321.34
68962,1885,2025-08-31,583.9
68963,1885,2025-09-30,773.96
68964,1885,2025-10-31,370.29
68965,1885,2025-11-30,485.38
68966,1885,2025-12-31,404.26
68967,1886,2024-12-31,1289.2
68968,1886,2025-01-31,822.34
68969,1886,2025-02-28,525.13
68970,1886,2025-03-31,1076.88
68971,1886,2025-04-30,642.07
68972,1886,2025-05-31,736.64
68973,1886,2025-06-30,681.92
68974,1886,2025-07-31,1117.71
68975,1886,2025-08-31,581.12
68976,1886,2025-09-30,1590.67
68977,1886,2025-10-31,1612.68
68978,1886,2025-11-30,1173.34
68979,1886,2025-12-31,753.47
68980,1887,2024-01-31,592.23
68981,1887,2024-02-29,999.35
68982,1887,2024-03-31,1330.74
68983,1887,2024-04-30,928.47
68984,1887,2024-05-31,993.3
68985,1887,2024-06-30,1601.55
68986,1887,2024-07-31,1020.94
68987,1887,2024-08-31,1388.41
68988,1887,2024-09-30,1017.37
68989,1887,2024-10-31,835.51
68990,1887,2024-11-30,1627.0
68991,1887,2024-12-31,1279.04
68992,1887,2025-01-31,598.01
68993,1887,2025-02-28,1254.27
68994,1887,2025-03-31,1379.32
68995,1887,2025-04-30,1238.24
68996,1887,2025-05-31,1361.8
68997,1887,2025-06-30,1314.49
68998,1887,2025-07-31,1238.14
68999,1887,2025-08-31,1849.69
69000,1887,2025-09-30,561.01
69001,1887,2025-10-31,1161.99
69002,1887,2025-11-30,758.49
69003,1887,2025-12-31,1801.13
69004,1888,2024-11-30,338.19
69005,1888,2024-12-31,674.57
69006,1888,2025-01-31,1084.11
69007,1888,2025-02-28,560.27
69008,1888,2025-03-31,381.34
69009,1888,2025-04-30,769.88
69010,1888,2025-05-31,457.23
69011,1888,2025-06-30,425.77
69012,1888,2025-07-31,1058.93
69013,1888,2025-08-31,948.43
69014,1888,2025-09-30,846.44
69015,1888,2025-10-31,843.51
69016,1888,2025-11-30,553.74
69017,1888,2025-12-31,846.98
69018,1889,2024-10-31,269.34
69019,1889,2024-11-30,340.39
69020,1889,2024-12-31,408.05
69021,1889,2025-01-31,288.8
69022,1889,2025-02-28,451.63
69023,1889,2025-03-31,269.22
69024,1889,2025-04-30,336.57
69025,1889,2025-05-31,399.24
69026,1889,2025-06-30,276.53
69027,1889,2025-07-31,328.27
69028,1889,2025-08-31,457.36
69029,1889,2025-09-30,453.74
69030,1889,2025-10-31,357.86
69031,1889,2025-11-30,274.75
69032,1889,2025-12-31,250.0
69033,1890,2024-07-31,250.0
69034,1890,2024-08-31,250.0
69035,1890,2024-09-30,303.03
69036,1890,2024-10-31,480.95
69037,1890,2024-11-30,537.77
69038,1890,2024-12-31,250.0
69039,1890,2025-01-31,388.62
69040,1890,2025-02-28,597.74
69041,1890,2025-03-31,539.86
69042,1890,2025-04-30,339.78
69043,1890,2025-05-31,405.49
69044,1890,2025-06-30,250.0
69045,1890,2025-07-31,571.31
69046,1890,2025-08-31,250.0
69047,1890,2025-09-30,302.18
69048,1890,2025-10-31,598.72
69049,1890,2025-11-30,496.95
69050,1890,2025-12-31,615.43
69051,1891,2024-10-31,420.09
69052,1891,2024-11-30,709.61
69053,1891,2024-12-31,885.54
69054,1891,2025-01-31,699.91
69055,1891,2025-02-28,451.65
69056,1891,2025-03-31,652.86
69057,1891,2025-04-30,664.27
69058,1891,2025-05-31,361.42
69059,1891,2025-06-30,415.07
69060,1891,2025-07-31,780.69
69061,1891,2025-08-31,293.61
69062,1891,2025-09-30,452.07
69063,1891,2025-10-31,417.74
69064,1891,2025-11-30,968.41
69065,1891,2025-12-31,577.31
69066,1892,2024-03-31,583.71
69067,1892,2024-04-30,388.25
69068,1892,2024-05-31,689.65
69069,1892,2024-06-30,769.32
69070,1892,2024-07-31,460.35
69071,1892,2024-08-31,556.43
69072,1892,2024-09-30,472.53
69073,1892,2024-10-31,1054.58
69074,1892,2024-11-30,662.61
69075,1892,2024-12-31,362.23
69076,1892,2025-01-31,526.88
69077,1892,2025-02-28,696.15
69078,1892,2025-03-31,779.55
69079,1892,2025-04-30,1201.56
69080,1892,2025-05-31,408.93
69081,1892,2025-06-30,573.75
69082,1892,2025-07-31,386.96
69083,1892,2025-08-31,427.92
69084,1892,2025-09-30,265.95
69085,1892,2025-10-31,821.8
69086,1892,2025-11-30,573.54
69087,1892,2025-12-31,307.94
69088,1893,2024-09-30,1082.04
69089,1893,2024-10-31,976.45
69090,1893,2024-11-30,913.39
69091,1893,2024-12-31,441.97
69092,1893,2025-01-31,687.7
69093,1893,2025-02-28,445.37
69094,1893,2025-03-31,692.53
69095,1893,2025-04-30,762.73
69096,1893,2025-05-31,702.44
69097,1893,2025-06-30,340.53
69098,1893,2025-07-31,1014.52
69099,1893,2025-08-31,576.18
69100,1893,2025-09-30,343.24
69101,1893,2025-10-31,1104.34
69102,1893,2025-11-30,1040.84
69103,1893,2025-12-31,637.03
69104,1894,2024-01-31,529.8
69105,1894,2024-02-29,794.47
69106,1894,2024-03-31,760.41
69107,1894,2024-04-30,1169.02
69108,1894,2024-05-31,597.91
69109,1894,2024-06-30,474.95
69110,1894,2024-07-31,762.92
69111,1894,2024-08-31,430.21
69112,1894,2024-09-30,678.9
69113,1894,2024-10-31,473.63
69114,1894,2024-11-30,778.39
69115,1894,2024-12-31,506.8
69116,1894,2025-01-31,1002.21
69117,1894,2025-02-28,908.12
69118,1894,2025-03-31,930.65
69119,1894,2025-04-30,919.97
69120,1894,2025-05-31,911.23
69121,1894,2025-06-30,585.12
69122,1894,2025-07-31,1091.43
69123,1894,2025-08-31,893.38
69124,1894,2025-09-30,1141.82
69125,1894,2025-10-31,1030.83
69126,1894,2025-11-30,754.98
69127,1894,2025-12-31,563.96
69128,1895,2024-01-31,739.64
69129,1895,2024-02-29,833.93
69130,1895,2024-03-31,640.57
69131,1895,2024-04-30,763.23
69132,1895,2024-05-31,579.19
69133,1895,2024-06-30,691.43
69134,1895,2024-07-31,848.48
69135,1895,2024-08-31,327.57
69136,1895,2024-09-30,924.83
69137,1895,2024-10-31,707.74
69138,1895,2024-11-30,739.17
69139,1895,2024-12-31,924.07
69140,1895,2025-01-31,358.16
69141,1895,2025-02-28,911.83
69142,1895,2025-03-31,832.81
69143,1895,2025-04-30,1097.41
69144,1895,2025-05-31,630.78
69145,1895,2025-06-30,826.46
69146,1895,2025-07-31,990.48
69147,1895,2025-08-31,493.08
69148,1895,2025-09-30,864.31
69149,1895,2025-10-31,530.43
69150,1895,2025-11-30,539.4
69151,1895,2025-12-31,1042.71
69152,1896,2024-02-29,834.98
69153,1896,2024-03-31,1176.01
69154,1896,2024-04-30,581.95
69155,1896,2024-05-31,1031.29
69156,1896,2024-06-30,1134.44
69157,1896,2024-07-31,1017.08
69158,1896,2024-08-31,1030.18
69159,1896,2024-09-30,1210.19
69160,1896,2024-10-31,1261.72
69161,1896,2024-11-30,1133.91
69162,1896,2024-12-31,951.77
69163,1896,2025-01-31,1185.55
69164,1896,2025-02-28,1479.99
69165,1896,2025-03-31,671.55
69166,1896,2025-04-30,677.9
69167,1896,2025-05-31,801.0
69168,1896,2025-06-30,2013.54
69169,1896,2025-07-31,984.51
69170,1896,2025-08-31,984.57
69171,1896,2025-09-30,1282.91
69172,1896,2025-10-31,1492.95
69173,1896,2025-11-30,1703.78
69174,1896,2025-12-31,1396.27
69175,1897,2024-08-31,665.5
69176,1897,2024-09-30,626.08
69177,1897,2024-10-31,252.03
69178,1897,2024-11-30,808.33
69179,1897,2024-12-31,763.88
69180,1897,2025-01-31,833.41
69181,1897,2025-02-28,945.4
69182,1897,2025-03-31,698.83
69183,1897,2025-04-30,367.25
69184,1897,2025-05-31,301.48
69185,1897,2025-06-30,826.62
69186,1897,2025-07-31,1058.72
69187,1897,2025-08-31,423.01
69188,1897,2025-09-30,658.83
69189,1897,2025-10-31,801.05
69190,1897,2025-11-30,295.24
69191,1897,2025-12-31,621.74
69192,1898,2024-07-31,483.88
69193,1898,2024-08-31,519.27
69194,1898,2024-09-30,560.4
69195,1898,2024-10-31,809.44
69196,1898,2024-11-30,727.0
69197,1898,2024-12-31,855.73
69198,1898,2025-01-31,918.07
69199,1898,2025-02-28,590.87
69200,1898,2025-03-31,428.22
69201,1898,2025-04-30,786.6
69202,1898,2025-05-31,560.76
69203,1898,2025-06-30,692.46
69204,1898,2025-07-31,603.84
69205,1898,2025-08-31,953.08
69206,1898,2025-09-30,534.12
69207,1898,2025-10-31,1102.1
69208,1898,2025-11-30,769.25
69209,1898,2025-12-31,461.86
69210,1899,2024-01-31,891.67
69211,1899,2024-02-29,982.97
69212,1899,2024-03-31,591.53
69213,1899,2024-04-30,1389.34
69214,1899,2024-05-31,1074.26
69215,1899,2024-06-30,1262.89
69216,1899,2024-07-31,1443.53
69217,1899,2024-08-31,953.8
69218,1899,2024-09-30,733.24
69219,1899,2024-10-31,1517.73
69220,1899,2024-11-30,688.45
69221,1899,2024-12-31,825.1
69222,1899,2025-01-31,830.31
69223,1899,2025-02-28,1120.84
69224,1899,2025-03-31,1100.7
69225,1899,2025-04-30,810.98
69226,1899,2025-05-31,1043.52
69227,1899,2025-06-30,673.64
69228,1899,2025-07-31,672.27
69229,1899,2025-08-31,889.37
69230,1899,2025-09-30,1454.71
69231,1899,2025-10-31,1313.29
69232,1899,2025-11-30,1098.99
69233,1899,2025-12-31,579.79
69234,1900,2024-01-31,507.95
69235,1900,2024-02-29,252.06
69236,1900,2024-03-31,622.37
69237,1900,2024-04-30,424.47
69238,1900,2024-05-31,352.55
69239,1900,2024-06-30,250.0
69240,1900,2024-07-31,428.83
69241,1900,2024-08-31,283.41
69242,1900,2024-09-30,250.0
69243,1900,2024-10-31,484.41
69244,1900,2024-11-30,407.2
69245,1900,2024-12-31,250.0
69246,1900,2025-01-31,250.0
69247,1900,2025-02-28,552.63
69248,1900,2025-03-31,250.0
69249,1900,2025-04-30,250.0
69250,1900,2025-05-31,465.97
69251,1900,2025-06-30,467.51
69252,1900,2025-07-31,412.9
69253,1900,2025-08-31,250.0
69254,1900,2025-09-30,530.18
69255,1900,2025-10-31,270.5
69256,1900,2025-11-30,378.26
69257,1900,2025-12-31,433.96
69258,1901,2024-03-31,811.81
69259,1901,2024-04-30,1405.15
69260,1901,2024-05-31,928.44
69261,1901,2024-06-30,1185.99
69262,1901,2024-07-31,603.1
69263,1901,2024-08-31,779.67
69264,1901,2024-09-30,680.08
69265,1901,2024-10-31,643.85
69266,1901,2024-11-30,768.7
69267,1901,2024-12-31,838.55
69268,1901,2025-01-31,1100.38
69269,1901,2025-02-28,387.1
69270,1901,2025-03-31,934.2
69271,1901,2025-04-30,675.99
69272,1901,2025-05-31,761.44
69273,1901,2025-06-30,840.04
69274,1901,2025-07-31,772.56
69275,1901,2025-08-31,707.86
69276,1901,2025-09-30,582.29
69277,1901,2025-10-31,642.31
69278,1901,2025-11-30,672.61
69279,1901,2025-12-31,949.06
69280,1902,2024-09-30,866.43
69281,1902,2024-10-31,1086.14
69282,1902,2024-11-30,600.43
69283,1902,2024-12-31,1028.14
69284,1902,2025-01-31,681.89
69285,1902,2025-02-28,1231.15
69286,1902,2025-03-31,1151.8
69287,1902,2025-04-30,710.15
69288,1902,2025-05-31,936.98
69289,1902,2025-06-30,1390.49
69290,1902,2025-07-31,1144.86
69291,1902,2025-08-31,1315.09
69292,1902,2025-09-30,798.82
69293,1902,2025-10-31,843.41
69294,1902,2025-11-30,716.41
69295,1902,2025-12-31,1258.09
69296,1903,2024-09-30,992.04
69297,1903,2024-10-31,703.71
69298,1903,2024-11-30,1098.93
69299,1903,2024-12-31,963.67
69300,1903,2025-01-31,1335.73
69301,1903,2025-02-28,666.34
69302,1903,2025-03-31,1173.97
69303,1903,2025-04-30,1079.45
69304,1903,2025-05-31,1064.96
69305,1903,2025-06-30,1092.59
69306,1903,2025-07-31,972.64
69307,1903,2025-08-31,497.56
69308,1903,2025-09-30,884.26
69309,1903,2025-10-31,863.45
69310,1903,2025-11-30,725.84
69311,1903,2025-12-31,1236.6
69312,1904,2024-01-31,1362.73
69313,1904,2024-02-29,1307.82
69314,1904,2024-03-31,1049.21
69315,1904,2024-04-30,1938.59
69316,1904,2024-05-31,1646.98
69317,1904,2024-06-30,824.81
69318,1904,2024-07-31,711.91
69319,1904,2024-08-31,1607.27
69320,1904,2024-09-30,1864.35
69321,1904,2024-10-31,629.06
69322,1904,2024-11-30,1386.11
69323,1904,2024-12-31,833.11
69324,1904,2025-01-31,1361.14
69325,1904,2025-02-28,989.03
69326,1904,2025-03-31,2005.61
69327,1904,2025-04-30,1334.64
69328,1904,2025-05-31,1621.7
69329,1904,2025-06-30,1420.93
69330,1904,2025-07-31,1584.19
69331,1904,2025-08-31,1473.95
69332,1904,2025-09-30,1005.88
69333,1904,2025-10-31,1504.45
69334,1904,2025-11-30,927.72
69335,1904,2025-12-31,1049.07
69336,1905,2024-03-31,1201.95
69337,1905,2024-04-30,968.35
69338,1905,2024-05-31,755.82
69339,1905,2024-06-30,371.14
69340,1905,2024-07-31,926.9
69341,1905,2024-08-31,571.85
69342,1905,2024-09-30,644.6
69343,1905,2024-10-31,827.18
69344,1905,2024-11-30,549.59
69345,1905,2024-12-31,620.86
69346,1905,2025-01-31,362.6
69347,1905,2025-02-28,618.98
69348,1905,2025-03-31,376.46
69349,1905,2025-04-30,300.4
69350,1905,2025-05-31,739.17
69351,1905,2025-06-30,772.2
69352,1905,2025-07-31,637.51
69353,1905,2025-08-31,408.26
69354,1905,2025-09-30,572.65
69355,1905,2025-10-31,569.75
69356,1905,2025-11-30,459.69
69357,1905,2025-12-31,776.58
69358,1906,2024-01-31,690.57
69359,1906,2024-02-29,1079.49
69360,1906,2024-03-31,1097.66
69361,1906,2024-04-30,1304.59
69362,1906,2024-05-31,1901.83
69363,1906,2024-06-30,1338.45
69364,1906,2024-07-31,1376.23
69365,1906,2024-08-31,849.98
69366,1906,2024-09-30,1413.2
69367,1906,2024-10-31,1060.67
69368,1906,2024-11-30,1534.75
69369,1906,2024-12-31,838.47
69370,1906,2025-01-31,1232.22
69371,1906,2025-02-28,894.96
69372,1906,2025-03-31,1724.07
69373,1906,2025-04-30,1316.13
69374,1906,2025-05-31,778.45
69375,1906,2025-06-30,1537.62
69376,1906,2025-07-31,1431.21
69377,1906,2025-08-31,1664.0
69378,1906,2025-09-30,1364.58
69379,1906,2025-10-31,1861.51
69380,1906,2025-11-30,1384.47
69381,1906,2025-12-31,1755.54
69382,1907,2024-08-31,622.18
69383,1907,2024-09-30,1107.01
69384,1907,2024-10-31,1043.0
69385,1907,2024-11-30,853.64
69386,1907,2024-12-31,1004.85
69387,1907,2025-01-31,518.83
69388,1907,2025-02-28,557.63
69389,1907,2025-03-31,988.07
69390,1907,2025-04-30,752.8
69391,1907,2025-05-31,907.58
69392,1907,2025-06-30,708.66
69393,1907,2025-07-31,727.02
69394,1907,2025-08-31,614.71
69395,1907,2025-09-30,891.36
69396,1907,2025-10-31,866.88
69397,1907,2025-11-30,818.72
69398,1907,2025-12-31,537.48
69399,1908,2024-01-31,476.76
69400,1908,2024-02-29,490.87
69401,1908,2024-03-31,470.33
69402,1908,2024-04-30,764.43
69403,1908,2024-05-31,250.0
69404,1908,2024-06-30,568.06
69405,1908,2024-07-31,377.51
69406,1908,2024-08-31,469.91
69407,1908,2024-09-30,808.53
69408,1908,2024-10-31,728.83
69409,1908,2024-11-30,768.87
69410,1908,2024-12-31,705.57
69411,1908,2025-01-31,522.52
69412,1908,2025-02-28,463.62
69413,1908,2025-03-31,442.76
69414,1908,2025-04-30,591.56
69415,1908,2025-05-31,749.3
69416,1908,2025-06-30,560.53
69417,1908,2025-07-31,490.51
69418,1908,2025-08-31,300.32
69419,1908,2025-09-30,283.66
69420,1908,2025-10-31,559.58
69421,1908,2025-11-30,518.96
69422,1908,2025-12-31,580.85
69423,1909,2024-12-31,945.76
69424,1909,2025-01-31,923.13
69425,1909,2025-02-28,1072.46
69426,1909,2025-03-31,1155.78
69427,1909,2025-04-30,814.86
69428,1909,2025-05-31,693.52
69429,1909,2025-06-30,1340.34
69430,1909,2025-07-31,552.54
69431,1909,2025-08-31,690.57
69432,1909,2025-09-30,527.02
69433,1909,2025-10-31,1133.97
69434,1909,2025-11-30,1141.29
69435,1909,2025-12-31,1026.83
69436,1910,2024-01-31,417.45
69437,1910,2024-02-29,451.0
69438,1910,2024-03-31,480.16
69439,1910,2024-04-30,293.46
69440,1910,2024-05-31,393.53
69441,1910,2024-06-30,772.47
69442,1910,2024-07-31,552.66
69443,1910,2024-08-31,512.96
69444,1910,2024-09-30,952.22
69445,1910,2024-10-31,331.31
69446,1910,2024-11-30,503.79
69447,1910,2024-12-31,693.37
69448,1910,2025-01-31,376.44
69449,1910,2025-02-28,554.7
69450,1910,2025-03-31,629.64
69451,1910,2025-04-30,440.39
69452,1910,2025-05-31,327.43
69453,1910,2025-06-30,484.14
69454,1910,2025-07-31,568.44
69455,1910,2025-08-31,479.99
69456,1910,2025-09-30,934.67
69457,1910,2025-10-31,978.24
69458,1910,2025-11-30,372.88
69459,1910,2025-12-31,546.92
69460,1911,2024-05-31,369.13
69461,1911,2024-06-30,831.2
69462,1911,2024-07-31,783.7
69463,1911,2024-08-31,695.31
69464,1911,2024-09-30,994.32
69465,1911,2024-10-31,773.19
69466,1911,2024-11-30,784.82
69467,1911,2024-12-31,343.99
69468,1911,2025-01-31,460.16
69469,1911,2025-02-28,397.52
69470,1911,2025-03-31,456.65
69471,1911,2025-04-30,1054.06
69472,1911,2025-05-31,503.23
69473,1911,2025-06-30,501.04
69474,1911,2025-07-31,354.26
69475,1911,2025-08-31,807.33
69476,1911,2025-09-30,640.5
69477,1911,2025-10-31,698.92
69478,1911,2025-11-30,552.45
69479,1911,2025-12-31,629.08
69480,1912,2024-01-31,741.41
69481,1912,2024-02-29,596.88
69482,1912,2024-03-31,783.41
69483,1912,2024-04-30,827.27
69484,1912,2024-05-31,664.32
69485,1912,2024-06-30,850.19
69486,1912,2024-07-31,1172.64
69487,1912,2024-08-31,1192.06
69488,1912,2024-09-30,772.23
69489,1912,2024-10-31,647.8
69490,1912,2024-11-30,962.11
69491,1912,2024-12-31,945.2
69492,1912,2025-01-31,594.23
69493,1912,2025-02-28,1475.25
69494,1912,2025-03-31,639.36
69495,1912,2025-04-30,1584.7
69496,1912,2025-05-31,477.87
69497,1912,2025-06-30,1619.83
69498,1912,2025-07-31,568.91
69499,1912,2025-08-31,909.91
69500,1912,2025-09-30,715.72
69501,1912,2025-10-31,1313.89
69502,1912,2025-11-30,1174.1
69503,1912,2025-12-31,664.98
69504,1913,2024-11-30,1034.04
69505,1913,2024-12-31,1459.07
69506,1913,2025-01-31,1442.5
69507,1913,2025-02-28,1240.16
69508,1913,2025-03-31,1530.07
69509,1913,2025-04-30,1472.07
69510,1913,2025-05-31,557.17
69511,1913,2025-06-30,869.49
69512,1913,2025-07-31,846.17
69513,1913,2025-08-31,1301.98
69514,1913,2025-09-30,734.36
69515,1913,2025-10-31,738.58
69516,1913,2025-11-30,1059.19
69517,1913,2025-12-31,659.83
69518,1914,2024-01-31,736.57
69519,1914,2024-02-29,459.92
69520,1914,2024-03-31,760.9
69521,1914,2024-04-30,359.64
69522,1914,2024-05-31,682.68
69523,1914,2024-06-30,355.85
69524,1914,2024-07-31,635.29
69525,1914,2024-08-31,260.01
69526,1914,2024-09-30,373.51
69527,1914,2024-10-31,993.55
69528,1914,2024-11-30,989.46
69529,1914,2024-12-31,327.05
69530,1914,2025-01-31,502.91
69531,1914,2025-02-28,729.13
69532,1914,2025-03-31,749.23
69533,1914,2025-04-30,701.78
69534,1914,2025-05-31,504.32
69535,1914,2025-06-30,556.05
69536,1914,2025-07-31,770.83
69537,1914,2025-08-31,955.33
69538,1914,2025-09-30,699.68
69539,1914,2025-10-31,573.48
69540,1914,2025-11-30,837.02
69541,1914,2025-12-31,665.71
69542,1915,2024-01-31,1017.08
69543,1915,2024-02-29,896.17
69544,1915,2024-03-31,2171.82
69545,1915,2024-04-30,1360.73
69546,1915,2024-05-31,1313.29
69547,1915,2024-06-30,704.84
69548,1915,2024-07-31,953.32
69549,1915,2024-08-31,1349.78
69550,1915,2024-09-30,1621.0
69551,1915,2024-10-31,1407.21
69552,1915,2024-11-30,1314.14
69553,1915,2024-12-31,2137.67
69554,1915,2025-01-31,1541.92
69555,1915,2025-02-28,874.34
69556,1915,2025-03-31,825.26
69557,1915,2025-04-30,1418.91
69558,1915,2025-05-31,1064.89
69559,1915,2025-06-30,1226.2
69560,1915,2025-07-31,923.48
69561,1915,2025-08-31,828.99
69562,1915,2025-09-30,1913.57
69563,1915,2025-10-31,1712.82
69564,1915,2025-11-30,1125.04
69565,1915,2025-12-31,1532.15
69566,1916,2024-09-30,1414.41
69567,1916,2024-10-31,738.14
69568,1916,2024-11-30,1437.38
69569,1916,2024-12-31,1871.74
69570,1916,2025-01-31,956.3
69571,1916,2025-02-28,1143.73
69572,1916,2025-03-31,1005.76
69573,1916,2025-04-30,1318.9
69574,1916,2025-05-31,1991.9
69575,1916,2025-06-30,873.74
69576,1916,2025-07-31,739.08
69577,1916,2025-08-31,1686.37
69578,1916,2025-09-30,1360.75
69579,1916,2025-10-31,1632.87
69580,1916,2025-11-30,1753.12
69581,1916,2025-12-31,1270.97
69582,1917,2024-12-31,973.23
69583,1917,2025-01-31,956.05
69584,1917,2025-02-28,699.3
69585,1917,2025-03-31,654.24
69586,1917,2025-04-30,595.8
69587,1917,2025-05-31,1218.1
69588,1917,2025-06-30,1678.84
69589,1917,2025-07-31,1489.24
69590,1917,2025-08-31,1805.92
69591,1917,2025-09-30,1628.52
69592,1917,2025-10-31,1183.75
69593,1917,2025-11-30,1845.44
69594,1917,2025-12-31,1974.45
69595,1918,2024-01-31,1136.03
69596,1918,2024-02-29,670.11
69597,1918,2024-03-31,1200.25
69598,1918,2024-04-30,1121.04
69599,1918,2024-05-31,1025.7
69600,1918,2024-06-30,1104.9
69601,1918,2024-07-31,1215.33
69602,1918,2024-08-31,948.04
69603,1918,2024-09-30,872.13
69604,1918,2024-10-31,1837.76
69605,1918,2024-11-30,1433.35
69606,1918,2024-12-31,948.62
69607,1918,2025-01-31,461.59
69608,1918,2025-02-28,1000.56
69609,1918,2025-03-31,962.13
69610,1918,2025-04-30,1483.06
69611,1918,2025-05-31,1281.68
69612,1918,2025-06-30,810.0
69613,1918,2025-07-31,1889.48
69614,1918,2025-08-31,1074.37
69615,1918,2025-09-30,1879.53
69616,1918,2025-10-31,1022.2
69617,1918,2025-11-30,1548.04
69618,1918,2025-12-31,531.53
69619,1919,2024-01-31,1460.33
69620,1919,2024-02-29,836.75
69621,1919,2024-03-31,1650.96
69622,1919,2024-04-30,1276.66
69623,1919,2024-05-31,697.48
69624,1919,2024-06-30,1177.82
69625,1919,2024-07-31,1913.82
69626,1919,2024-08-31,1804.22
69627,1919,2024-09-30,631.32
69628,1919,2024-10-31,1165.26
69629,1919,2024-11-30,784.9
69630,1919,2024-12-31,1447.13
69631,1919,2025-01-31,594.06
69632,1919,2025-02-28,512.05
69633,1919,2025-03-31,1061.49
69634,1919,2025-04-30,1270.42
69635,1919,2025-05-31,1533.14
69636,1919,2025-06-30,915.5
69637,1919,2025-07-31,1430.36
69638,1919,2025-08-31,828.35
69639,1919,2025-09-30,1035.33
69640,1919,2025-10-31,2006.08
69641,1919,2025-11-30,1425.17
69642,1919,2025-12-31,620.25
69643,1920,2024-01-31,250.0
69644,1920,2024-02-29,370.54
69645,1920,2024-03-31,346.83
69646,1920,2024-04-30,351.0
69647,1920,2024-05-31,450.17
69648,1920,2024-06-30,336.3
69649,1920,2024-07-31,250.0
69650,1920,2024-08-31,250.0
69651,1920,2024-09-30,250.0
69652,1920,2024-10-31,250.0
69653,1920,2024-11-30,250.0
69654,1920,2024-12-31,337.65
69655,1920,2025-01-31,250.0
69656,1920,2025-02-28,424.93
69657,1920,2025-03-31,250.0
69658,1920,2025-04-30,380.5
69659,1920,2025-05-31,250.0
69660,1920,2025-06-30,371.31
69661,1920,2025-07-31,306.09
69662,1920,2025-08-31,376.86
69663,1920,2025-09-30,250.0
69664,1920,2025-10-31,311.85
69665,1920,2025-11-30,250.0
69666,1920,2025-12-31,272.58
69667,1921,2024-12-31,754.84
69668,1921,2025-01-31,799.53
69669,1921,2025-02-28,549.29
69670,1921,2025-03-31,623.55
69671,1921,2025-04-30,1053.21
69672,1921,2025-05-31,1241.39
69673,1921,2025-06-30,943.17
69674,1921,2025-07-31,953.16
69675,1921,2025-08-31,803.06
69676,1921,2025-09-30,410.3
69677,1921,2025-10-31,633.21
69678,1921,2025-11-30,600.75
69679,1921,2025-12-31,747.48
69680,1922,2024-01-31,258.74
69681,1922,2024-02-29,629.98
69682,1922,2024-03-31,472.59
69683,1922,2024-04-30,908.5
69684,1922,2024-05-31,881.27
69685,1922,2024-06-30,340.84
69686,1922,2024-07-31,313.15
69687,1922,2024-08-31,793.28
69688,1922,2024-09-30,1152.5
69689,1922,2024-10-31,669.05
69690,1922,2024-11-30,380.9
69691,1922,2024-12-31,652.53
69692,1922,2025-01-31,656.81
69693,1922,2025-02-28,577.95
69694,1922,2025-03-31,680.3
69695,1922,2025-04-30,608.94
69696,1922,2025-05-31,489.98
69697,1922,2025-06-30,791.36
69698,1922,2025-07-31,526.17
69699,1922,2025-08-31,716.32
69700,1922,2025-09-30,428.33
69701,1922,2025-10-31,799.37
69702,1922,2025-11-30,430.9
69703,1922,2025-12-31,353.22
69704,1923,2024-01-31,862.46
69705,1923,2024-02-29,1050.98
69706,1923,2024-03-31,540.19
69707,1923,2024-04-30,1000.86
69708,1923,2024-05-31,1050.14
69709,1923,2024-06-30,875.39
69710,1923,2024-07-31,906.35
69711,1923,2024-08-31,750.09
69712,1923,2024-09-30,964.07
69713,1923,2024-10-31,1141.45
69714,1923,2024-11-30,718.05
69715,1923,2024-12-31,653.11
69716,1923,2025-01-31,1290.76
69717,1923,2025-02-28,517.49
69718,1923,2025-03-31,963.13
69719,1923,2025-04-30,890.79
69720,1923,2025-05-31,1095.97
69721,1923,2025-06-30,1239.17
69722,1923,2025-07-31,858.39
69723,1923,2025-08-31,707.18
69724,1923,2025-09-30,1098.08
69725,1923,2025-10-31,567.33
69726,1923,2025-11-30,733.12
69727,1923,2025-12-31,1154.79
69728,1924,2024-01-31,484.37
69729,1924,2024-02-29,416.69
69730,1924,2024-03-31,478.98
69731,1924,2024-04-30,402.74
69732,1924,2024-05-31,1159.28
69733,1924,2024-06-30,789.81
69734,1924,2024-07-31,913.35
69735,1924,2024-08-31,788.56
69736,1924,2024-09-30,638.03
69737,1924,2024-10-31,468.05
69738,1924,2024-11-30,926.01
69739,1924,2024-12-31,769.19
69740,1924,2025-01-31,394.83
69741,1924,2025-02-28,567.32
69742,1924,2025-03-31,1241.72
69743,1924,2025-04-30,866.28
69744,1924,2025-05-31,720.82
69745,1924,2025-06-30,428.27
69746,1924,2025-07-31,587.96
69747,1924,2025-08-31,843.09
69748,1924,2025-09-30,891.21
69749,1924,2025-10-31,1209.43
69750,1924,2025-11-30,1220.08
69751,1924,2025-12-31,1180.9
69752,1925,2024-01-31,1184.04
69753,1925,2024-02-29,892.23
69754,1925,2024-03-31,714.42
69755,1925,2024-04-30,957.38
69756,1925,2024-05-31,1259.64
69757,1925,2024-06-30,750.42
69758,1925,2024-07-31,995.75
69759,1925,2024-08-31,1107.0
69760,1925,2024-09-30,837.6
69761,1925,2024-10-31,745.67
69762,1925,2024-11-30,510.71
69763,1925,2024-12-31,714.1
69764,1925,2025-01-31,545.17
69765,1925,2025-02-28,674.88
69766,1925,2025-03-31,607.23
69767,1925,2025-04-30,740.24
69768,1925,2025-05-31,616.53
69769,1925,2025-06-30,444.28
69770,1925,2025-07-31,852.15
69771,1925,2025-08-31,539.84
69772,1925,2025-09-30,669.15
69773,1925,2025-10-31,1133.0
69774,1925,2025-11-30,1288.0
69775,1925,2025-12-31,467.15
69776,1926,2024-01-31,1042.43
69777,1926,2024-02-29,1139.46
69778,1926,2024-03-31,2130.97
69779,1926,2024-04-30,1655.06
69780,1926,2024-05-31,1407.33
69781,1926,2024-06-30,1281.86
69782,1926,2024-07-31,939.76
69783,1926,2024-08-31,1680.51
69784,1926,2024-09-30,1689.58
69785,1926,2024-10-31,1601.87
69786,1926,2024-11-30,2055.8
69787,1926,2024-12-31,1022.61
69788,1926,2025-01-31,618.38
69789,1926,2025-02-28,1455.09
69790,1926,2025-03-31,1441.49
69791,1926,2025-04-30,914.96
69792,1926,2025-05-31,1048.3
69793,1926,2025-06-30,1206.71
69794,1926,2025-07-31,811.72
69795,1926,2025-08-31,1424.36
69796,1926,2025-09-30,1136.42
69797,1926,2025-10-31,693.81
69798,1926,2025-11-30,1812.33
69799,1926,2025-12-31,1065.51
69800,1927,2024-04-30,668.22
69801,1927,2024-05-31,1303.66
69802,1927,2024-06-30,636.79
69803,1927,2024-07-31,638.63
69804,1927,2024-08-31,965.39
69805,1927,2024-09-30,570.53
69806,1927,2024-10-31,662.53
69807,1927,2024-11-30,372.82
69808,1927,2024-12-31,479.36
69809,1927,2025-01-31,815.62
69810,1927,2025-02-28,1020.41
69811,1927,2025-03-31,568.58
69812,1927,2025-04-30,800.04
69813,1927,2025-05-31,1005.54
69814,1927,2025-06-30,491.71
69815,1927,2025-07-31,453.91
69816,1927,2025-08-31,924.88
69817,1927,2025-09-30,931.23
69818,1927,2025-10-31,959.19
69819,1927,2025-11-30,1196.36
69820,1927,2025-12-31,501.05
69821,1928,2024-05-31,776.22
69822,1928,2024-06-30,1131.98
69823,1928,2024-07-31,1151.63
69824,1928,2024-08-31,1404.52
69825,1928,2024-09-30,787.57
69826,1928,2024-10-31,940.62
69827,1928,2024-11-30,822.42
69828,1928,2024-12-31,1075.7
69829,1928,2025-01-31,730.54
69830,1928,2025-02-28,874.77
69831,1928,2025-03-31,1022.39
69832,1928,2025-04-30,1599.89
69833,1928,2025-05-31,1164.75
69834,1928,2025-06-30,824.76
69835,1928,2025-07-31,627.49
69836,1928,2025-08-31,651.37
69837,1928,2025-09-30,1200.07
69838,1928,2025-10-31,490.08
69839,1928,2025-11-30,850.09
69840,1928,2025-12-31,784.51
69841,1929,2024-01-31,1429.89
69842,1929,2024-02-29,408.4
69843,1929,2024-03-31,526.4
69844,1929,2024-04-30,1158.25
69845,1929,2024-05-31,603.28
69846,1929,2024-06-30,609.82
69847,1929,2024-07-31,1211.56
69848,1929,2024-08-31,1377.07
69849,1929,2024-09-30,728.45
69850,1929,2024-10-31,653.77
69851,1929,2024-11-30,624.21
69852,1929,2024-12-31,554.24
69853,1929,2025-01-31,703.86
69854,1929,2025-02-28,1118.86
69855,1929,2025-03-31,771.88
69856,1929,2025-04-30,951.05
69857,1929,2025-05-31,671.52
69858,1929,2025-06-30,863.34
69859,1929,2025-07-31,665.59
69860,1929,2025-08-31,636.48
69861,1929,2025-09-30,833.55
69862,1929,2025-10-31,751.8
69863,1929,2025-11-30,801.39
69864,1929,2025-12-31,797.79
69865,1930,2024-08-31,1399.61
69866,1930,2024-09-30,1253.18
69867,1930,2024-10-31,1591.7
69868,1930,2024-11-30,957.32
69869,1930,2024-12-31,779.04
69870,1930,2025-01-31,1022.88
69871,1930,2025-02-28,660.17
69872,1930,2025-03-31,1190.16
69873,1930,2025-04-30,1073.72
69874,1930,2025-05-31,1232.26
69875,1930,2025-06-30,1289.28
69876,1930,2025-07-31,790.53
69877,1930,2025-08-31,622.3
69878,1930,2025-09-30,1112.45
69879,1930,2025-10-31,974.89
69880,1930,2025-11-30,1002.36
69881,1930,2025-12-31,981.26
69882,1931,2024-03-31,535.86
69883,1931,2024-04-30,773.14
69884,1931,2024-05-31,695.54
69885,1931,2024-06-30,790.25
69886,1931,2024-07-31,924.43
69887,1931,2024-08-31,1098.93
69888,1931,2024-09-30,703.94
69889,1931,2024-10-31,754.5
69890,1931,2024-11-30,555.47
69891,1931,2024-12-31,371.83
69892,1931,2025-01-31,1052.22
69893,1931,2025-02-28,812.32
69894,1931,2025-03-31,690.22
69895,1931,2025-04-30,1254.62
69896,1931,2025-05-31,1069.33
69897,1931,2025-06-30,896.66
69898,1931,2025-07-31,995.73
69899,1931,2025-08-31,692.91
69900,1931,2025-09-30,482.57
69901,1931,2025-10-31,632.72
69902,1931,2025-11-30,890.72
69903,1931,2025-12-31,728.95
69904,1932,2024-01-31,942.7
69905,1932,2024-02-29,1440.95
69906,1932,2024-03-31,926.55
69907,1932,2024-04-30,766.48
69908,1932,2024-05-31,1100.26
69909,1932,2024-06-30,1278.86
69910,1932,2024-07-31,1351.95
69911,1932,2024-08-31,688.78
69912,1932,2024-09-30,788.13
69913,1932,2024-10-31,1279.69
69914,1932,2024-11-30,518.42
69915,1932,2024-12-31,1002.16
69916,1932,2025-01-31,584.22
69917,1932,2025-02-28,1331.63
69918,1932,2025-03-31,1309.2
69919,1932,2025-04-30,1640.81
69920,1932,2025-05-31,1260.56
69921,1932,2025-06-30,1107.64
69922,1932,2025-07-31,610.01
69923,1932,2025-08-31,1045.68
69924,1932,2025-09-30,463.29
69925,1932,2025-10-31,1351.6
69926,1932,2025-11-30,587.72
69927,1932,2025-12-31,1211.15
69928,1933,2024-06-30,672.0
69929,1933,2024-07-31,1108.94
69930,1933,2024-08-31,1409.01
69931,1933,2024-09-30,1089.08
69932,1933,2024-10-31,906.58
69933,1933,2024-11-30,476.9
69934,1933,2024-12-31,534.12
69935,1933,2025-01-31,1024.83
69936,1933,2025-02-28,1499.34
69937,1933,2025-03-31,635.52
69938,1933,2025-04-30,1414.45
69939,1933,2025-05-31,1235.43
69940,1933,2025-06-30,1109.08
69941,1933,2025-07-31,908.8
69942,1933,2025-08-31,1612.61
69943,1933,2025-09-30,1418.77
69944,1933,2025-10-31,1249.5
69945,1933,2025-11-30,1805.67
69946,1933,2025-12-31,1557.28
69947,1934,2024-03-31,792.51
69948,1934,2024-04-30,1507.56
69949,1934,2024-05-31,773.81
69950,1934,2024-06-30,1332.88
69951,1934,2024-07-31,2394.97
69952,1934,2024-08-31,1062.42
69953,1934,2024-09-30,1117.12
69954,1934,2024-10-31,1646.47
69955,1934,2024-11-30,1031.61
69956,1934,2024-12-31,1654.39
69957,1934,2025-01-31,690.62
69958,1934,2025-02-28,1719.92
69959,1934,2025-03-31,1224.07
69960,1934,2025-04-30,1395.7
69961,1934,2025-05-31,1309.83
69962,1934,2025-06-30,1552.71
69963,1934,2025-07-31,680.24
69964,1934,2025-08-31,1335.44
69965,1934,2025-09-30,1839.01
69966,1934,2025-10-31,1504.89
69967,1934,2025-11-30,1300.26
69968,1934,2025-12-31,1322.18
69969,1935,2024-08-31,826.14
69970,1935,2024-09-30,859.65
69971,1935,2024-10-31,1186.39
69972,1935,2024-11-30,559.33
69973,1935,2024-12-31,569.68
69974,1935,2025-01-31,1348.73
69975,1935,2025-02-28,1068.47
69976,1935,2025-03-31,1394.53
69977,1935,2025-04-30,1008.28
69978,1935,2025-05-31,665.93
69979,1935,2025-06-30,804.74
69980,1935,2025-07-31,1156.33
69981,1935,2025-08-31,1357.1
69982,1935,2025-09-30,552.98
69983,1935,2025-10-31,1038.25
69984,1935,2025-11-30,927.66
69985,1935,2025-12-31,921.12
69986,1936,2024-01-31,1229.6
69987,1936,2024-02-29,801.62
69988,1936,2024-03-31,1382.89
69989,1936,2024-04-30,955.56
69990,1936,2024-05-31,535.23
69991,1936,2024-06-30,798.64
69992,1936,2024-07-31,627.2
69993,1936,2024-08-31,1322.65
69994,1936,2024-09-30,1293.64
69995,1936,2024-10-31,1247.15
69996,1936,2024-11-30,571.82
69997,1936,2024-12-31,1294.69
69998,1936,2025-01-31,731.94
69999,1936,2025-02-28,564.99
70000,1936,2025-03-31,1165.22
70001,1936,2025-04-30,1336.92
70002,1936,2025-05-31,1235.66
70003,1936,2025-06-30,720.22
70004,1936,2025-07-31,577.14
70005,1936,2025-08-31,1280.03
70006,1936,2025-09-30,946.4
70007,1936,2025-10-31,995.23
70008,1936,2025-11-30,527.71
70009,1936,2025-12-31,882.49
70010,1937,2024-01-31,580.45
70011,1937,2024-02-29,601.72
70012,1937,2024-03-31,552.81
70013,1937,2024-04-30,797.5
70014,1937,2024-05-31,736.12
70015,1937,2024-06-30,550.16
70016,1937,2024-07-31,351.78
70017,1937,2024-08-31,558.37
70018,1937,2024-09-30,809.44
70019,1937,2024-10-31,367.38
70020,1937,2024-11-30,267.83
70021,1937,2024-12-31,543.78
70022,1937,2025-01-31,762.07
70023,1937,2025-02-28,384.32
70024,1937,2025-03-31,385.9
70025,1937,2025-04-30,578.64
70026,1937,2025-05-31,737.96
70027,1937,2025-06-30,555.87
70028,1937,2025-07-31,718.77
70029,1937,2025-08-31,292.55
70030,1937,2025-09-30,626.62
70031,1937,2025-10-31,670.87
70032,1937,2025-11-30,811.94
70033,1937,2025-12-31,478.14
70034,1938,2024-01-31,536.41
70035,1938,2024-02-29,814.81
70036,1938,2024-03-31,928.48
70037,1938,2024-04-30,1143.17
70038,1938,2024-05-31,375.49
70039,1938,2024-06-30,850.43
70040,1938,2024-07-31,1172.12
70041,1938,2024-08-31,1018.67
70042,1938,2024-09-30,559.65
70043,1938,2024-10-31,437.49
70044,1938,2024-11-30,681.2
70045,1938,2024-12-31,762.55
70046,1938,2025-01-31,1195.43
70047,1938,2025-02-28,850.66
70048,1938,2025-03-31,893.14
70049,1938,2025-04-30,1107.24
70050,1938,2025-05-31,492.49
70051,1938,2025-06-30,436.9
70052,1938,2025-07-31,1022.26
70053,1938,2025-08-31,503.89
70054,1938,2025-09-30,485.81
70055,1938,2025-10-31,795.94
70056,1938,2025-11-30,843.36
70057,1938,2025-12-31,741.99
70058,1939,2024-01-31,781.4
70059,1939,2024-02-29,919.89
70060,1939,2024-03-31,733.17
70061,1939,2024-04-30,1118.75
70062,1939,2024-05-31,1567.72
70063,1939,2024-06-30,1217.35
70064,1939,2024-07-31,719.01
70065,1939,2024-08-31,1354.14
70066,1939,2024-09-30,732.45
70067,1939,2024-10-31,981.34
70068,1939,2024-11-30,1057.13
70069,1939,2024-12-31,688.82
70070,1939,2025-01-31,480.24
70071,1939,2025-02-28,1057.97
70072,1939,2025-03-31,1297.7
70073,1939,2025-04-30,1398.92
70074,1939,2025-05-31,1228.56
70075,1939,2025-06-30,1299.12
70076,1939,2025-07-31,596.06
70077,1939,2025-08-31,1024.64
70078,1939,2025-09-30,607.55
70079,1939,2025-10-31,960.51
70080,1939,2025-11-30,1119.34
70081,1939,2025-12-31,502.24
70082,1940,2024-10-31,549.34
70083,1940,2024-11-30,827.52
70084,1940,2024-12-31,933.29
70085,1940,2025-01-31,1165.45
70086,1940,2025-02-28,1343.01
70087,1940,2025-03-31,623.66
70088,1940,2025-04-30,644.18
70089,1940,2025-05-31,1222.42
70090,1940,2025-06-30,1084.16
70091,1940,2025-07-31,1543.17
70092,1940,2025-08-31,1418.63
70093,1940,2025-09-30,1141.01
70094,1940,2025-10-31,719.6
70095,1940,2025-11-30,966.14
70096,1940,2025-12-31,1535.67
70097,1941,2024-06-30,558.61
70098,1941,2024-07-31,742.1
70099,1941,2024-08-31,859.29
70100,1941,2024-09-30,889.1
70101,1941,2024-10-31,992.64
70102,1941,2024-11-30,766.88
70103,1941,2024-12-31,530.93
70104,1941,2025-01-31,965.32
70105,1941,2025-02-28,891.15
70106,1941,2025-03-31,577.6
70107,1941,2025-04-30,1291.81
70108,1941,2025-05-31,932.53
70109,1941,2025-06-30,508.42
70110,1941,2025-07-31,817.9
70111,1941,2025-08-31,951.06
70112,1941,2025-09-30,1044.32
70113,1941,2025-10-31,1263.91
70114,1941,2025-11-30,502.91
70115,1941,2025-12-31,1011.63
70116,1942,2024-02-29,562.11
70117,1942,2024-03-31,657.19
70118,1942,2024-04-30,926.77
70119,1942,2024-05-31,1174.58
70120,1942,2024-06-30,1053.18
70121,1942,2024-07-31,688.43
70122,1942,2024-08-31,1044.49
70123,1942,2024-09-30,722.59
70124,1942,2024-10-31,851.49
70125,1942,2024-11-30,1080.21
70126,1942,2024-12-31,1350.86
70127,1942,2025-01-31,778.4
70128,1942,2025-02-28,1127.56
70129,1942,2025-03-31,1475.29
70130,1942,2025-04-30,1574.82
70131,1942,2025-05-31,1231.7
70132,1942,2025-06-30,1166.84
70133,1942,2025-07-31,623.66
70134,1942,2025-08-31,1049.74
70135,1942,2025-09-30,1727.88
70136,1942,2025-10-31,1645.97
70137,1942,2025-11-30,1046.69
70138,1942,2025-12-31,1392.97
70139,1943,2024-01-31,1386.9
70140,1943,2024-02-29,669.19
70141,1943,2024-03-31,1450.74
70142,1943,2024-04-30,1276.16
70143,1943,2024-05-31,469.31
70144,1943,2024-06-30,1167.37
70145,1943,2024-07-31,636.77
70146,1943,2024-08-31,915.51
70147,1943,2024-09-30,1453.8
70148,1943,2024-10-31,1039.3
70149,1943,2024-11-30,1086.07
70150,1943,2024-12-31,661.43
70151,1943,2025-01-31,659.37
70152,1943,2025-02-28,594.54
70153,1943,2025-03-31,693.25
70154,1943,2025-04-30,1323.6
70155,1943,2025-05-31,666.58
70156,1943,2025-06-30,876.24
70157,1943,2025-07-31,646.9
70158,1943,2025-08-31,555.75
70159,1943,2025-09-30,794.94
70160,1943,2025-10-31,888.99
70161,1943,2025-11-30,711.34
70162,1943,2025-12-31,723.93
70163,1944,2024-10-31,1391.31
70164,1944,2024-11-30,697.92
70165,1944,2024-12-31,1381.71
70166,1944,2025-01-31,1172.76
70167,1944,2025-02-28,922.62
70168,1944,2025-03-31,857.41
70169,1944,2025-04-30,1010.04
70170,1944,2025-05-31,1076.5
70171,1944,2025-06-30,1370.17
70172,1944,2025-07-31,1075.01
70173,1944,2025-08-31,1496.27
70174,1944,2025-09-30,957.64
70175,1944,2025-10-31,1118.51
70176,1944,2025-11-30,1796.72
70177,1944,2025-12-31,445.07
70178,1945,2024-01-31,444.99
70179,1945,2024-02-29,774.86
70180,1945,2024-03-31,572.33
70181,1945,2024-04-30,945.82
70182,1945,2024-05-31,603.36
70183,1945,2024-06-30,454.98
70184,1945,2024-07-31,593.88
70185,1945,2024-08-31,736.67
70186,1945,2024-09-30,1148.62
70187,1945,2024-10-31,506.24
70188,1945,2024-11-30,561.44
70189,1945,2024-12-31,1328.48
70190,1945,2025-01-31,798.17
70191,1945,2025-02-28,956.6
70192,1945,2025-03-31,531.19
70193,1945,2025-04-30,886.03
70194,1945,2025-05-31,794.04
70195,1945,2025-06-30,557.93
70196,1945,2025-07-31,436.6
70197,1945,2025-08-31,1065.24
70198,1945,2025-09-30,1003.59
70199,1945,2025-10-31,1023.81
70200,1945,2025-11-30,841.21
70201,1945,2025-12-31,734.86
70202,1946,2024-01-31,617.25
70203,1946,2024-02-29,716.92
70204,1946,2024-03-31,361.17
70205,1946,2024-04-30,507.98
70206,1946,2024-05-31,715.76
70207,1946,2024-06-30,419.6
70208,1946,2024-07-31,415.19
70209,1946,2024-08-31,458.24
70210,1946,2024-09-30,482.75
70211,1946,2024-10-31,887.58
70212,1946,2024-11-30,531.12
70213,1946,2024-12-31,752.76
70214,1946,2025-01-31,1168.19
70215,1946,2025-02-28,593.58
70216,1946,2025-03-31,884.8
70217,1946,2025-04-30,511.99
70218,1946,2025-05-31,455.61
70219,1946,2025-06-30,511.21
70220,1946,2025-07-31,727.44
70221,1946,2025-08-31,670.39
70222,1946,2025-09-30,611.56
70223,1946,2025-10-31,1119.45
70224,1946,2025-11-30,607.74
70225,1946,2025-12-31,426.81
70226,1947,2024-01-31,1328.68
70227,1947,2024-02-29,990.58
70228,1947,2024-03-31,1130.44
70229,1947,2024-04-30,1367.1
70230,1947,2024-05-31,1220.56
70231,1947,2024-06-30,587.84
70232,1947,2024-07-31,573.48
70233,1947,2024-08-31,757.09
70234,1947,2024-09-30,432.43
70235,1947,2024-10-31,1216.8
70236,1947,2024-11-30,638.23
70237,1947,2024-12-31,427.6
70238,1947,2025-01-31,436.53
70239,1947,2025-02-28,561.19
70240,1947,2025-03-31,1379.44
70241,1947,2025-04-30,386.7
70242,1947,2025-05-31,1017.31
70243,1947,2025-06-30,1261.23
70244,1947,2025-07-31,955.06
70245,1947,2025-08-31,1140.21
70246,1947,2025-09-30,1437.66
70247,1947,2025-10-31,679.45
70248,1947,2025-11-30,1455.99
70249,1947,2025-12-31,838.77
70250,1948,2024-01-31,291.45
70251,1948,2024-02-29,306.17
70252,1948,2024-03-31,338.88
70253,1948,2024-04-30,509.73
70254,1948,2024-05-31,250.0
70255,1948,2024-06-30,390.17
70256,1948,2024-07-31,334.68
70257,1948,2024-08-31,376.77
70258,1948,2024-09-30,250.0
70259,1948,2024-10-31,295.61
70260,1948,2024-11-30,250.0
70261,1948,2024-12-31,428.97
70262,1948,2025-01-31,450.46
70263,1948,2025-02-28,250.0
70264,1948,2025-03-31,250.0
70265,1948,2025-04-30,250.0
70266,1948,2025-05-31,250.0
70267,1948,2025-06-30,317.35
70268,1948,2025-07-31,376.39
70269,1948,2025-08-31,408.73
70270,1948,2025-09-30,284.55
70271,1948,2025-10-31,359.33
70272,1948,2025-11-30,316.16
70273,1948,2025-12-31,250.0
70274,1949,2024-04-30,1342.64
70275,1949,2024-05-31,1312.77
70276,1949,2024-06-30,1477.88
70277,1949,2024-07-31,1045.68
70278,1949,2024-08-31,1351.77
70279,1949,2024-09-30,784.38
70280,1949,2024-10-31,1196.52
70281,1949,2024-11-30,554.86
70282,1949,2024-12-31,875.44
70283,1949,2025-01-31,458.28
70284,1949,2025-02-28,1036.83
70285,1949,2025-03-31,851.32
70286,1949,2025-04-30,743.83
70287,1949,2025-05-31,904.16
70288,1949,2025-06-30,1188.73
70289,1949,2025-07-31,1313.23
70290,1949,2025-08-31,1131.73
70291,1949,2025-09-30,948.44
70292,1949,2025-10-31,1533.7
70293,1949,2025-11-30,937.72
70294,1949,2025-12-31,687.67
70295,1950,2024-01-31,378.5
70296,1950,2024-02-29,493.56
70297,1950,2024-03-31,541.29
70298,1950,2024-04-30,259.27
70299,1950,2024-05-31,408.98
70300,1950,2024-06-30,598.98
70301,1950,2024-07-31,339.87
70302,1950,2024-08-31,798.84
70303,1950,2024-09-30,702.87
70304,1950,2024-10-31,396.92
70305,1950,2024-11-30,474.93
70306,1950,2024-12-31,381.6
70307,1950,2025-01-31,622.02
70308,1950,2025-02-28,307.65
70309,1950,2025-03-31,641.83
70310,1950,2025-04-30,536.92
70311,1950,2025-05-31,471.8
70312,1950,2025-06-30,563.51
70313,1950,2025-07-31,760.51
70314,1950,2025-08-31,499.93
70315,1950,2025-09-30,334.84
70316,1950,2025-10-31,614.84
70317,1950,2025-11-30,708.13
70318,1950,2025-12-31,519.45
70319,1951,2024-01-31,393.96
70320,1951,2024-02-29,424.54
70321,1951,2024-03-31,359.55
70322,1951,2024-04-30,452.66
70323,1951,2024-05-31,409.75
70324,1951,2024-06-30,376.73
70325,1951,2024-07-31,410.12
70326,1951,2024-08-31,352.23
70327,1951,2024-09-30,318.4
70328,1951,2024-10-31,326.26
70329,1951,2024-11-30,405.97
70330,1951,2024-12-31,369.11
70331,1951,2025-01-31,273.17
70332,1951,2025-02-28,501.39
70333,1951,2025-03-31,250.0
70334,1951,2025-04-30,253.05
70335,1951,2025-05-31,543.54
70336,1951,2025-06-30,395.72
70337,1951,2025-07-31,434.15
70338,1951,2025-08-31,434.17
70339,1951,2025-09-30,250.0
70340,1951,2025-10-31,309.77
70341,1951,2025-11-30,400.23
70342,1951,2025-12-31,472.41
70343,1952,2024-01-31,816.5
70344,1952,2024-02-29,1277.17
70345,1952,2024-03-31,1215.55
70346,1952,2024-04-30,975.46
70347,1952,2024-05-31,1345.55
70348,1952,2024-06-30,545.43
70349,1952,2024-07-31,775.87
70350,1952,2024-08-31,708.33
70351,1952,2024-09-30,471.04
70352,1952,2024-10-31,948.64
70353,1952,2024-11-30,849.91
70354,1952,2024-12-31,1129.5
70355,1952,2025-01-31,1335.67
70356,1952,2025-02-28,1199.7
70357,1952,2025-03-31,762.48
70358,1952,2025-04-30,1103.14
70359,1952,2025-05-31,693.64
70360,1952,2025-06-30,927.26
70361,1952,2025-07-31,563.12
70362,1952,2025-08-31,1641.96
70363,1952,2025-09-30,961.11
70364,1952,2025-10-31,1417.08
70365,1952,2025-11-30,1064.79
70366,1952,2025-12-31,547.32
70367,1953,2024-12-31,1191.43
70368,1953,2025-01-31,594.39
70369,1953,2025-02-28,498.77
70370,1953,2025-03-31,1138.57
70371,1953,2025-04-30,893.54
70372,1953,2025-05-31,1060.48
70373,1953,2025-06-30,888.05
70374,1953,2025-07-31,1466.54
70375,1953,2025-08-31,973.66
70376,1953,2025-09-30,1196.31
70377,1953,2025-10-31,666.12
70378,1953,2025-11-30,520.41
70379,1953,2025-12-31,655.07
70380,1954,2024-12-31,391.7
70381,1954,2025-01-31,569.52
70382,1954,2025-02-28,316.71
70383,1954,2025-03-31,421.5
70384,1954,2025-04-30,388.54
70385,1954,2025-05-31,276.54
70386,1954,2025-06-30,615.24
70387,1954,2025-07-31,328.57
70388,1954,2025-08-31,541.26
70389,1954,2025-09-30,738.83
70390,1954,2025-10-31,414.99
70391,1954,2025-11-30,385.22
70392,1954,2025-12-31,493.24
70393,1955,2024-01-31,531.67
70394,1955,2024-02-29,569.43
70395,1955,2024-03-31,566.83
70396,1955,2024-04-30,926.22
70397,1955,2024-05-31,490.32
70398,1955,2024-06-30,437.16
70399,1955,2024-07-31,833.88
70400,1955,2024-08-31,1058.53
70401,1955,2024-09-30,622.02
70402,1955,2024-10-31,795.97
70403,1955,2024-11-30,715.93
70404,1955,2024-12-31,897.75
70405,1955,2025-01-31,403.47
70406,1955,2025-02-28,888.2
70407,1955,2025-03-31,714.23
70408,1955,2025-04-30,564.49
70409,1955,2025-05-31,364.58
70410,1955,2025-06-30,804.29
70411,1955,2025-07-31,325.0
70412,1955,2025-08-31,823.5
70413,1955,2025-09-30,590.94
70414,1955,2025-10-31,359.02
70415,1955,2025-11-30,451.92
70416,1955,2025-12-31,495.16
70417,1956,2024-01-31,705.77
70418,1956,2024-02-29,859.59
70419,1956,2024-03-31,681.98
70420,1956,2024-04-30,912.1
70421,1956,2024-05-31,1415.38
70422,1956,2024-06-30,913.47
70423,1956,2024-07-31,1019.13
70424,1956,2024-08-31,1081.24
70425,1956,2024-09-30,1789.75
70426,1956,2024-10-31,1149.71
70427,1956,2024-11-30,1443.3
70428,1956,2024-12-31,599.85
70429,1956,2025-01-31,1395.21
70430,1956,2025-02-28,1109.79
70431,1956,2025-03-31,1213.01
70432,1956,2025-04-30,689.61
70433,1956,2025-05-31,1233.48
70434,1956,2025-06-30,1078.64
70435,1956,2025-07-31,1792.11
70436,1956,2025-08-31,783.11
70437,1956,2025-09-30,837.99
70438,1956,2025-10-31,1098.87
70439,1956,2025-11-30,1242.59
70440,1956,2025-12-31,1205.89
70441,1957,2024-01-31,1337.96
70442,1957,2024-02-29,505.32
70443,1957,2024-03-31,476.58
70444,1957,2024-04-30,752.35
70445,1957,2024-05-31,396.65
70446,1957,2024-06-30,955.6
70447,1957,2024-07-31,698.6
70448,1957,2024-08-31,1016.26
70449,1957,2024-09-30,490.31
70450,1957,2024-10-31,790.45
70451,1957,2024-11-30,594.85
70452,1957,2024-12-31,946.49
70453,1957,2025-01-31,596.99
70454,1957,2025-02-28,853.08
70455,1957,2025-03-31,968.95
70456,1957,2025-04-30,755.75
70457,1957,2025-05-31,538.69
70458,1957,2025-06-30,918.55
70459,1957,2025-07-31,648.04
70460,1957,2025-08-31,774.46
70461,1957,2025-09-30,678.71
70462,1957,2025-10-31,1300.3
70463,1957,2025-11-30,421.33
70464,1957,2025-12-31,668.62
70465,1958,2024-09-30,1567.14
70466,1958,2024-10-31,1011.21
70467,1958,2024-11-30,1312.27
70468,1958,2024-12-31,2067.07
70469,1958,2025-01-31,1303.51
70470,1958,2025-02-28,842.59
70471,1958,2025-03-31,882.59
70472,1958,2025-04-30,792.66
70473,1958,2025-05-31,1299.95
70474,1958,2025-06-30,1778.53
70475,1958,2025-07-31,2074.76
70476,1958,2025-08-31,1976.35
70477,1958,2025-09-30,1991.76
70478,1958,2025-10-31,1935.32
70479,1958,2025-11-30,2199.89
70480,1958,2025-12-31,1085.87
70481,1959,2024-01-31,691.58
70482,1959,2024-02-29,496.15
70483,1959,2024-03-31,498.31
70484,1959,2024-04-30,980.18
70485,1959,2024-05-31,598.12
70486,1959,2024-06-30,822.16
70487,1959,2024-07-31,826.22
70488,1959,2024-08-31,369.13
70489,1959,2024-09-30,957.41
70490,1959,2024-10-31,724.57
70491,1959,2024-11-30,1256.67
70492,1959,2024-12-31,1192.1
70493,1959,2025-01-31,402.94
70494,1959,2025-02-28,1195.12
70495,1959,2025-03-31,469.97
70496,1959,2025-04-30,1059.41
70497,1959,2025-05-31,435.71
70498,1959,2025-06-30,1121.35
70499,1959,2025-07-31,740.13
70500,1959,2025-08-31,871.38
70501,1959,2025-09-30,1237.86
70502,1959,2025-10-31,477.34
70503,1959,2025-11-30,1187.13
70504,1959,2025-12-31,981.07
70505,1960,2024-09-30,809.4
70506,1960,2024-10-31,978.26
70507,1960,2024-11-30,440.81
70508,1960,2024-12-31,518.16
70509,1960,2025-01-31,881.23
70510,1960,2025-02-28,1079.13
70511,1960,2025-03-31,602.64
70512,1960,2025-04-30,1287.8
70513,1960,2025-05-31,820.31
70514,1960,2025-06-30,452.14
70515,1960,2025-07-31,1034.35
70516,1960,2025-08-31,605.37
70517,1960,2025-09-30,1390.65
70518,1960,2025-10-31,810.85
70519,1960,2025-11-30,567.65
70520,1960,2025-12-31,1002.82
70521,1961,2024-04-30,1206.23
70522,1961,2024-05-31,1028.39
70523,1961,2024-06-30,839.68
70524,1961,2024-07-31,1955.61
70525,1961,2024-08-31,1312.76
70526,1961,2024-09-30,1565.74
70527,1961,2024-10-31,1537.6
70528,1961,2024-11-30,1882.78
70529,1961,2024-12-31,1026.02
70530,1961,2025-01-31,2364.8
70531,1961,2025-02-28,1857.68
70532,1961,2025-03-31,873.04
70533,1961,2025-04-30,1533.67
70534,1961,2025-05-31,1338.73
70535,1961,2025-06-30,1475.86
70536,1961,2025-07-31,1339.01
70537,1961,2025-08-31,1548.69
70538,1961,2025-09-30,925.49
70539,1961,2025-10-31,708.05
70540,1961,2025-11-30,1781.78
70541,1961,2025-12-31,1537.78
70542,1962,2024-02-29,1288.68
70543,1962,2024-03-31,1184.25
70544,1962,2024-04-30,780.24
70545,1962,2024-05-31,1179.48
70546,1962,2024-06-30,722.9
70547,1962,2024-07-31,691.01
70548,1962,2024-08-31,624.51
70549,1962,2024-09-30,719.31
70550,1962,2024-10-31,636.78
70551,1962,2024-11-30,822.55
70552,1962,2024-12-31,942.04
70553,1962,2025-01-31,1412.07
70554,1962,2025-02-28,1110.47
70555,1962,2025-03-31,822.08
70556,1962,2025-04-30,1046.01
70557,1962,2025-05-31,922.71
70558,1962,2025-06-30,1101.85
70559,1962,2025-07-31,1310.47
70560,1962,2025-08-31,945.72
70561,1962,2025-09-30,1088.88
70562,1962,2025-10-31,751.9
70563,1962,2025-11-30,637.74
70564,1962,2025-12-31,570.21
70565,1963,2024-01-31,343.27
70566,1963,2024-02-29,884.73
70567,1963,2024-03-31,323.72
70568,1963,2024-04-30,895.09
70569,1963,2024-05-31,292.58
70570,1963,2024-06-30,380.35
70571,1963,2024-07-31,444.85
70572,1963,2024-08-31,267.51
70573,1963,2024-09-30,401.95
70574,1963,2024-10-31,295.33
70575,1963,2024-11-30,622.06
70576,1963,2024-12-31,605.11
70577,1963,2025-01-31,690.05
70578,1963,2025-02-28,515.35
70579,1963,2025-03-31,617.23
70580,1963,2025-04-30,749.78
70581,1963,2025-05-31,722.97
70582,1963,2025-06-30,336.54
70583,1963,2025-07-31,618.72
70584,1963,2025-08-31,861.88
70585,1963,2025-09-30,353.22
70586,1963,2025-10-31,875.5
70587,1963,2025-11-30,379.89
70588,1963,2025-12-31,485.29
70589,1964,2024-01-31,811.53
70590,1964,2024-02-29,621.58
70591,1964,2024-03-31,474.64
70592,1964,2024-04-30,1292.84
70593,1964,2024-05-31,901.94
70594,1964,2024-06-30,1345.29
70595,1964,2024-07-31,795.83
70596,1964,2024-08-31,841.96
70597,1964,2024-09-30,968.64
70598,1964,2024-10-31,437.25
70599,1964,2024-11-30,682.42
70600,1964,2024-12-31,694.13
70601,1964,2025-01-31,747.14
70602,1964,2025-02-28,1181.48
70603,1964,2025-03-31,699.07
70604,1964,2025-04-30,988.33
70605,1964,2025-05-31,591.23
70606,1964,2025-06-30,516.11
70607,1964,2025-07-31,831.03
70608,1964,2025-08-31,1427.09
70609,1964,2025-09-30,1355.82
70610,1964,2025-10-31,896.82
70611,1964,2025-11-30,854.05
70612,1964,2025-12-31,1037.79
70613,1965,2024-01-31,1075.88
70614,1965,2024-02-29,960.21
70615,1965,2024-03-31,804.07
70616,1965,2024-04-30,1310.33
70617,1965,2024-05-31,474.6
70618,1965,2024-06-30,468.31
70619,1965,2024-07-31,566.49
70620,1965,2024-08-31,1138.5
70621,1965,2024-09-30,608.18
70622,1965,2024-10-31,973.17
70623,1965,2024-11-30,959.08
70624,1965,2024-12-31,918.15
70625,1965,2025-01-31,502.34
70626,1965,2025-02-28,571.14
70627,1965,2025-03-31,354.01
70628,1965,2025-04-30,424.39
70629,1965,2025-05-31,959.68
70630,1965,2025-06-30,613.72
70631,1965,2025-07-31,439.32
70632,1965,2025-08-31,754.55
70633,1965,2025-09-30,453.24
70634,1965,2025-10-31,925.52
70635,1965,2025-11-30,1065.87
70636,1965,2025-12-31,384.08
70637,1966,2024-01-31,581.87
70638,1966,2024-02-29,441.72
70639,1966,2024-03-31,675.63
70640,1966,2024-04-30,269.48
70641,1966,2024-05-31,286.09
70642,1966,2024-06-30,306.87
70643,1966,2024-07-31,361.7
70644,1966,2024-08-31,275.23
70645,1966,2024-09-30,500.48
70646,1966,2024-10-31,698.98
70647,1966,2024-11-30,688.46
70648,1966,2024-12-31,322.85
70649,1966,2025-01-31,355.9
70650,1966,2025-02-28,374.39
70651,1966,2025-03-31,389.68
70652,1966,2025-04-30,381.3
70653,1966,2025-05-31,563.73
70654,1966,2025-06-30,768.76
70655,1966,2025-07-31,656.56
70656,1966,2025-08-31,318.93
70657,1966,2025-09-30,265.51
70658,1966,2025-10-31,303.65
70659,1966,2025-11-30,291.03
70660,1966,2025-12-31,250.0
70661,1967,2024-01-31,1217.71
70662,1967,2024-02-29,1002.37
70663,1967,2024-03-31,919.78
70664,1967,2024-04-30,641.25
70665,1967,2024-05-31,394.33
70666,1967,2024-06-30,375.21
70667,1967,2024-07-31,564.14
70668,1967,2024-08-31,425.27
70669,1967,2024-09-30,532.35
70670,1967,2024-10-31,1260.61
70671,1967,2024-11-30,958.42
70672,1967,2024-12-31,967.84
70673,1967,2025-01-31,899.58
70674,1967,2025-02-28,514.49
70675,1967,2025-03-31,510.94
70676,1967,2025-04-30,619.61
70677,1967,2025-05-31,945.31
70678,1967,2025-06-30,623.76
70679,1967,2025-07-31,428.22
70680,1967,2025-08-31,1099.79
70681,1967,2025-09-30,1007.95
70682,1967,2025-10-31,479.72
70683,1967,2025-11-30,1111.67
70684,1967,2025-12-31,509.64
70685,1968,2024-01-31,635.86
70686,1968,2024-02-29,674.06
70687,1968,2024-03-31,822.44
70688,1968,2024-04-30,1073.47
70689,1968,2024-05-31,823.84
70690,1968,2024-06-30,664.49
70691,1968,2024-07-31,938.84
70692,1968,2024-08-31,675.72
70693,1968,2024-09-30,675.64
70694,1968,2024-10-31,407.83
70695,1968,2024-11-30,669.57
70696,1968,2024-12-31,392.63
70697,1968,2025-01-31,404.09
70698,1968,2025-02-28,808.67
70699,1968,2025-03-31,454.49
70700,1968,2025-04-30,657.36
70701,1968,2025-05-31,416.4
70702,1968,2025-06-30,329.58
70703,1968,2025-07-31,802.47
70704,1968,2025-08-31,969.86
70705,1968,2025-09-30,826.74
70706,1968,2025-10-31,315.11
70707,1968,2025-11-30,477.03
70708,1968,2025-12-31,892.45
70709,1969,2024-01-31,704.07
70710,1969,2024-02-29,989.83
70711,1969,2024-03-31,663.14
70712,1969,2024-04-30,619.57
70713,1969,2024-05-31,834.22
70714,1969,2024-06-30,672.39
70715,1969,2024-07-31,1186.78
70716,1969,2024-08-31,1804.39
70717,1969,2024-09-30,726.96
70718,1969,2024-10-31,715.07
70719,1969,2024-11-30,803.36
70720,1969,2024-12-31,1604.54
70721,1969,2025-01-31,1203.14
70722,1969,2025-02-28,1735.84
70723,1969,2025-03-31,1167.36
70724,1969,2025-04-30,662.72
70725,1969,2025-05-31,1668.36
70726,1969,2025-06-30,933.57
70727,1969,2025-07-31,744.42
70728,1969,2025-08-31,1712.16
70729,1969,2025-09-30,1365.47
70730,1969,2025-10-31,1254.82
70731,1969,2025-11-30,725.43
70732,1969,2025-12-31,947.51
70733,1970,2024-08-31,773.38
70734,1970,2024-09-30,459.17
70735,1970,2024-10-31,837.9
70736,1970,2024-11-30,599.99
70737,1970,2024-12-31,1362.12
70738,1970,2025-01-31,1035.36
70739,1970,2025-02-28,1037.7
70740,1970,2025-03-31,682.93
70741,1970,2025-04-30,839.21
70742,1970,2025-05-31,794.58
70743,1970,2025-06-30,632.26
70744,1970,2025-07-31,529.71
70745,1970,2025-08-31,636.55
70746,1970,2025-09-30,746.18
70747,1970,2025-10-31,1457.47
70748,1970,2025-11-30,745.82
70749,1970,2025-12-31,958.11
70750,1971,2024-11-30,1182.37
70751,1971,2024-12-31,1036.32
70752,1971,2025-01-31,1013.6
70753,1971,2025-02-28,476.22
70754,1971,2025-03-31,713.93
70755,1971,2025-04-30,704.16
70756,1971,2025-05-31,604.24
70757,1971,2025-06-30,310.53
70758,1971,2025-07-31,843.17
70759,1971,2025-08-31,935.27
70760,1971,2025-09-30,715.71
70761,1971,2025-10-31,995.41
70762,1971,2025-11-30,1187.88
70763,1971,2025-12-31,1111.62
70764,1972,2024-01-31,797.61
70765,1972,2024-02-29,642.49
70766,1972,2024-03-31,738.11
70767,1972,2024-04-30,764.37
70768,1972,2024-05-31,388.58
70769,1972,2024-06-30,649.38
70770,1972,2024-07-31,767.71
70771,1972,2024-08-31,391.49
70772,1972,2024-09-30,1011.54
70773,1972,2024-10-31,1366.25
70774,1972,2024-11-30,676.64
70775,1972,2024-12-31,591.25
70776,1972,2025-01-31,785.52
70777,1972,2025-02-28,487.41
70778,1972,2025-03-31,1092.16
70779,1972,2025-04-30,1049.92
70780,1972,2025-05-31,861.36
70781,1972,2025-06-30,764.35
70782,1972,2025-07-31,1098.69
70783,1972,2025-08-31,681.82
70784,1972,2025-09-30,626.07
70785,1972,2025-10-31,1000.29
70786,1972,2025-11-30,501.04
70787,1972,2025-12-31,475.16
70788,1973,2024-01-31,930.78
70789,1973,2024-02-29,917.67
70790,1973,2024-03-31,906.21
70791,1973,2024-04-30,737.6
70792,1973,2024-05-31,503.42
70793,1973,2024-06-30,743.65
70794,1973,2024-07-31,1354.86
70795,1973,2024-08-31,1034.44
70796,1973,2024-09-30,883.54
70797,1973,2024-10-31,786.06
70798,1973,2024-11-30,607.92
70799,1973,2024-12-31,1310.87
70800,1973,2025-01-31,954.16
70801,1973,2025-02-28,1034.59
70802,1973,2025-03-31,1092.07
70803,1973,2025-04-30,1120.04
70804,1973,2025-05-31,812.53
70805,1973,2025-06-30,1543.48
70806,1973,2025-07-31,1038.41
70807,1973,2025-08-31,1064.02
70808,1973,2025-09-30,528.44
70809,1973,2025-10-31,819.19
70810,1973,2025-11-30,1078.05
70811,1973,2025-12-31,355.64
70812,1974,2024-11-30,978.93
70813,1974,2024-12-31,636.5
70814,1974,2025-01-31,655.99
70815,1974,2025-02-28,606.24
70816,1974,2025-03-31,676.6
70817,1974,2025-04-30,815.54
70818,1974,2025-05-31,782.05
70819,1974,2025-06-30,1355.85
70820,1974,2025-07-31,941.47
70821,1974,2025-08-31,877.76
70822,1974,2025-09-30,880.12
70823,1974,2025-10-31,1323.36
70824,1974,2025-11-30,779.35
70825,1974,2025-12-31,1271.99
70826,1975,2024-01-31,670.96
70827,1975,2024-02-29,363.25
70828,1975,2024-03-31,799.86
70829,1975,2024-04-30,545.79
70830,1975,2024-05-31,474.83
70831,1975,2024-06-30,489.94
70832,1975,2024-07-31,891.02
70833,1975,2024-08-31,564.19
70834,1975,2024-09-30,704.39
70835,1975,2024-10-31,453.02
70836,1975,2024-11-30,861.86
70837,1975,2024-12-31,640.28
70838,1975,2025-01-31,741.79
70839,1975,2025-02-28,409.94
70840,1975,2025-03-31,427.21
70841,1975,2025-04-30,357.83
70842,1975,2025-05-31,667.43
70843,1975,2025-06-30,853.99
70844,1975,2025-07-31,495.73
70845,1975,2025-08-31,361.86
70846,1975,2025-09-30,321.26
70847,1975,2025-10-31,336.03
70848,1975,2025-11-30,668.87
70849,1975,2025-12-31,454.17
70850,1976,2024-03-31,377.11
70851,1976,2024-04-30,1025.05
70852,1976,2024-05-31,996.64
70853,1976,2024-06-30,397.39
70854,1976,2024-07-31,501.92
70855,1976,2024-08-31,463.68
70856,1976,2024-09-30,595.02
70857,1976,2024-10-31,782.77
70858,1976,2024-11-30,844.72
70859,1976,2024-12-31,432.31
70860,1976,2025-01-31,680.97
70861,1976,2025-02-28,492.19
70862,1976,2025-03-31,567.4
70863,1976,2025-04-30,660.41
70864,1976,2025-05-31,445.76
70865,1976,2025-06-30,446.82
70866,1976,2025-07-31,760.16
70867,1976,2025-08-31,626.7
70868,1976,2025-09-30,507.22
70869,1976,2025-10-31,631.65
70870,1976,2025-11-30,655.79
70871,1976,2025-12-31,498.13
70872,1977,2024-01-31,997.95
70873,1977,2024-02-29,1063.92
70874,1977,2024-03-31,885.01
70875,1977,2024-04-30,955.33
70876,1977,2024-05-31,1280.89
70877,1977,2024-06-30,482.22
70878,1977,2024-07-31,668.34
70879,1977,2024-08-31,914.27
70880,1977,2024-09-30,1075.28
70881,1977,2024-10-31,1416.42
70882,1977,2024-11-30,1213.57
70883,1977,2024-12-31,1273.25
70884,1977,2025-01-31,1359.06
70885,1977,2025-02-28,1286.19
70886,1977,2025-03-31,1464.98
70887,1977,2025-04-30,664.01
70888,1977,2025-05-31,478.53
70889,1977,2025-06-30,1253.29
70890,1977,2025-07-31,988.99
70891,1977,2025-08-31,789.09
70892,1977,2025-09-30,966.98
70893,1977,2025-10-31,1391.2
70894,1977,2025-11-30,1681.95
70895,1977,2025-12-31,604.6
70896,1978,2024-01-31,748.72
70897,1978,2024-02-29,790.26
70898,1978,2024-03-31,1152.54
70899,1978,2024-04-30,1075.27
70900,1978,2024-05-31,775.77
70901,1978,2024-06-30,441.52
70902,1978,2024-07-31,1081.36
70903,1978,2024-08-31,523.97
70904,1978,2024-09-30,790.87
70905,1978,2024-10-31,797.13
70906,1978,2024-11-30,1011.54
70907,1978,2024-12-31,959.61
70908,1978,2025-01-31,622.04
70909,1978,2025-02-28,319.48
70910,1978,2025-03-31,855.71
70911,1978,2025-04-30,550.92
70912,1978,2025-05-31,485.85
70913,1978,2025-06-30,689.21
70914,1978,2025-07-31,486.1
70915,1978,2025-08-31,471.37
70916,1978,2025-09-30,843.96
70917,1978,2025-10-31,947.3
70918,1978,2025-11-30,520.2
70919,1978,2025-12-31,802.25
70920,1979,2024-01-31,611.0
70921,1979,2024-02-29,508.74
70922,1979,2024-03-31,384.32
70923,1979,2024-04-30,519.17
70924,1979,2024-05-31,665.33
70925,1979,2024-06-30,500.32
70926,1979,2024-07-31,365.84
70927,1979,2024-08-31,508.8
70928,1979,2024-09-30,330.23
70929,1979,2024-10-31,662.41
70930,1979,2024-11-30,394.2
70931,1979,2024-12-31,575.44
70932,1979,2025-01-31,477.94
70933,1979,2025-02-28,647.55
70934,1979,2025-03-31,339.7
70935,1979,2025-04-30,484.45
70936,1979,2025-05-31,436.1
70937,1979,2025-06-30,721.15
70938,1979,2025-07-31,524.11
70939,1979,2025-08-31,989.05
70940,1979,2025-09-30,634.51
70941,1979,2025-10-31,515.97
70942,1979,2025-11-30,517.25
70943,1979,2025-12-31,528.11
70944,1980,2024-06-30,1469.66
70945,1980,2024-07-31,711.22
70946,1980,2024-08-31,1082.59
70947,1980,2024-09-30,842.8
70948,1980,2024-10-31,544.87
70949,1980,2024-11-30,1116.17
70950,1980,2024-12-31,951.4
70951,1980,2025-01-31,1083.53
70952,1980,2025-02-28,604.34
70953,1980,2025-03-31,871.58
70954,1980,2025-04-30,1220.3
70955,1980,2025-05-31,1490.08
70956,1980,2025-06-30,1013.67
70957,1980,2025-07-31,688.14
70958,1980,2025-08-31,1401.75
70959,1980,2025-09-30,1228.15
70960,1980,2025-10-31,640.33
70961,1980,2025-11-30,1252.51
70962,1980,2025-12-31,1421.41
70963,1981,2024-03-31,1163.95
70964,1981,2024-04-30,1423.64
70965,1981,2024-05-31,1172.99
70966,1981,2024-06-30,1059.22
70967,1981,2024-07-31,1067.63
70968,1981,2024-08-31,1319.87
70969,1981,2024-09-30,1016.02
70970,1981,2024-10-31,777.31
70971,1981,2024-11-30,1525.9
70972,1981,2024-12-31,644.64
70973,1981,2025-01-31,855.71
70974,1981,2025-02-28,1233.0
70975,1981,2025-03-31,1067.86
70976,1981,2025-04-30,754.67
70977,1981,2025-05-31,1152.07
70978,1981,2025-06-30,1143.69
70979,1981,2025-07-31,1208.17
70980,1981,2025-08-31,1051.4
70981,1981,2025-09-30,677.29
70982,1981,2025-10-31,1584.05
70983,1981,2025-11-30,896.92
70984,1981,2025-12-31,968.2
70985,1982,2024-01-31,335.67
70986,1982,2024-02-29,370.78
70987,1982,2024-03-31,558.1
70988,1982,2024-04-30,267.47
70989,1982,2024-05-31,484.64
70990,1982,2024-06-30,320.48
70991,1982,2024-07-31,583.88
70992,1982,2024-08-31,576.29
70993,1982,2024-09-30,250.0
70994,1982,2024-10-31,509.26
70995,1982,2024-11-30,250.0
70996,1982,2024-12-31,330.22
70997,1982,2025-01-31,530.46
70998,1982,2025-02-28,578.02
70999,1982,2025-03-31,515.38
71000,1982,2025-04-30,281.96
71001,1982,2025-05-31,306.93
71002,1982,2025-06-30,356.16
71003,1982,2025-07-31,270.55
71004,1982,2025-08-31,411.65
71005,1982,2025-09-30,312.84
71006,1982,2025-10-31,250.0
71007,1982,2025-11-30,564.26
71008,1982,2025-12-31,609.27
71009,1983,2024-01-31,1053.01
71010,1983,2024-02-29,699.86
71011,1983,2024-03-31,734.01
71012,1983,2024-04-30,1021.18
71013,1983,2024-05-31,644.2
71014,1983,2024-06-30,830.0
71015,1983,2024-07-31,971.73
71016,1983,2024-08-31,1241.62
71017,1983,2024-09-30,686.08
71018,1983,2024-10-31,1133.38
71019,1983,2024-11-30,690.65
71020,1983,2024-12-31,823.78
71021,1983,2025-01-31,878.01
71022,1983,2025-02-28,1260.04
71023,1983,2025-03-31,1042.96
71024,1983,2025-04-30,1562.33
71025,1983,2025-05-31,851.64
71026,1983,2025-06-30,563.49
71027,1983,2025-07-31,1118.8
71028,1983,2025-08-31,855.09
71029,1983,2025-09-30,1534.94
71030,1983,2025-10-31,1261.23
71031,1983,2025-11-30,1164.75
71032,1983,2025-12-31,952.77
71033,1984,2024-10-31,913.92
71034,1984,2024-11-30,821.1
71035,1984,2024-12-31,701.52
71036,1984,2025-01-31,642.28
71037,1984,2025-02-28,1492.19
71038,1984,2025-03-31,1340.57
71039,1984,2025-04-30,1354.29
71040,1984,2025-05-31,516.37
71041,1984,2025-06-30,903.26
71042,1984,2025-07-31,1403.07
71043,1984,2025-08-31,1531.26
71044,1984,2025-09-30,584.13
71045,1984,2025-10-31,585.15
71046,1984,2025-11-30,774.27
71047,1984,2025-12-31,601.21
71048,1985,2024-10-31,732.98
71049,1985,2024-11-30,869.69
71050,1985,2024-12-31,741.37
71051,1985,2025-01-31,916.41
71052,1985,2025-02-28,827.28
71053,1985,2025-03-31,835.67
71054,1985,2025-04-30,934.35
71055,1985,2025-05-31,1018.29
71056,1985,2025-06-30,763.18
71057,1985,2025-07-31,471.26
71058,1985,2025-08-31,980.86
71059,1985,2025-09-30,937.9
71060,1985,2025-10-31,568.92
71061,1985,2025-11-30,836.62
71062,1985,2025-12-31,761.51
71063,1986,2024-01-31,1475.14
71064,1986,2024-02-29,962.76
71065,1986,2024-03-31,1175.42
71066,1986,2024-04-30,1173.8
71067,1986,2024-05-31,1753.81
71068,1986,2024-06-30,1590.11
71069,1986,2024-07-31,1308.75
71070,1986,2024-08-31,987.42
71071,1986,2024-09-30,988.23
71072,1986,2024-10-31,915.24
71073,1986,2024-11-30,653.32
71074,1986,2024-12-31,903.46
71075,1986,2025-01-31,757.64
71076,1986,2025-02-28,772.52
71077,1986,2025-03-31,1212.66
71078,1986,2025-04-30,1638.56
71079,1986,2025-05-31,1295.69
71080,1986,2025-06-30,475.44
71081,1986,2025-07-31,1097.84
71082,1986,2025-08-31,1507.34
71083,1986,2025-09-30,790.39
71084,1986,2025-10-31,882.13
71085,1986,2025-11-30,1018.73
71086,1986,2025-12-31,1458.19
71087,1987,2024-01-31,449.53
71088,1987,2024-02-29,451.31
71089,1987,2024-03-31,575.14
71090,1987,2024-04-30,391.52
71091,1987,2024-05-31,450.57
71092,1987,2024-06-30,423.36
71093,1987,2024-07-31,699.47
71094,1987,2024-08-31,372.44
71095,1987,2024-09-30,649.96
71096,1987,2024-10-31,477.82
71097,1987,2024-11-30,529.75
71098,1987,2024-12-31,250.0
71099,1987,2025-01-31,567.31
71100,1987,2025-02-28,400.39
71101,1987,2025-03-31,764.41
71102,1987,2025-04-30,760.04
71103,1987,2025-05-31,515.86
71104,1987,2025-06-30,793.79
71105,1987,2025-07-31,322.84
71106,1987,2025-08-31,693.29
71107,1987,2025-09-30,603.44
71108,1987,2025-10-31,553.45
71109,1987,2025-11-30,618.25
71110,1987,2025-12-31,641.12
71111,1988,2024-12-31,974.2
71112,1988,2025-01-31,996.51
71113,1988,2025-02-28,514.64
71114,1988,2025-03-31,1220.72
71115,1988,2025-04-30,657.06
71116,1988,2025-05-31,1167.4
71117,1988,2025-06-30,1552.84
71118,1988,2025-07-31,1477.81
71119,1988,2025-08-31,1357.19
71120,1988,2025-09-30,495.4
71121,1988,2025-10-31,1194.56
71122,1988,2025-11-30,1079.79
71123,1988,2025-12-31,571.01
71124,1989,2024-01-31,554.34
71125,1989,2024-02-29,498.9
71126,1989,2024-03-31,460.26
71127,1989,2024-04-30,855.73
71128,1989,2024-05-31,1030.71
71129,1989,2024-06-30,725.61
71130,1989,2024-07-31,485.45
71131,1989,2024-08-31,1045.9
71132,1989,2024-09-30,1020.23
71133,1989,2024-10-31,449.41
71134,1989,2024-11-30,495.18
71135,1989,2024-12-31,442.58
71136,1989,2025-01-31,715.81
71137,1989,2025-02-28,656.3
71138,1989,2025-03-31,1073.9
71139,1989,2025-04-30,1052.22
71140,1989,2025-05-31,745.52
71141,1989,2025-06-30,346.91
71142,1989,2025-07-31,892.86
71143,1989,2025-08-31,402.77
71144,1989,2025-09-30,815.58
71145,1989,2025-10-31,471.55
71146,1989,2025-11-30,686.12
71147,1989,2025-12-31,824.64
71148,1990,2024-08-31,396.78
71149,1990,2024-09-30,799.9
71150,1990,2024-10-31,460.41
71151,1990,2024-11-30,643.24
71152,1990,2024-12-31,371.11
71153,1990,2025-01-31,748.17
71154,1990,2025-02-28,991.57
71155,1990,2025-03-31,397.09
71156,1990,2025-04-30,894.73
71157,1990,2025-05-31,903.63
71158,1990,2025-06-30,1105.54
71159,1990,2025-07-31,615.51
71160,1990,2025-08-31,899.69
71161,1990,2025-09-30,372.44
71162,1990,2025-10-31,804.09
71163,1990,2025-11-30,446.35
71164,1990,2025-12-31,746.22
71165,1991,2024-07-31,539.18
71166,1991,2024-08-31,657.17
71167,1991,2024-09-30,743.31
71168,1991,2024-10-31,983.07
71169,1991,2024-11-30,1885.47
71170,1991,2024-12-31,850.71
71171,1991,2025-01-31,1188.44
71172,1991,2025-02-28,1503.22
71173,1991,2025-03-31,1008.0
71174,1991,2025-04-30,854.84
71175,1991,2025-05-31,659.36
71176,1991,2025-06-30,1259.6
71177,1991,2025-07-31,1899.74
71178,1991,2025-08-31,936.14
71179,1991,2025-09-30,1062.17
71180,1991,2025-10-31,642.13
71181,1991,2025-11-30,1062.69
71182,1991,2025-12-31,1852.54
71183,1992,2024-09-30,1228.17
71184,1992,2024-10-31,1175.75
71185,1992,2024-11-30,723.53
71186,1992,2024-12-31,2218.08
71187,1992,2025-01-31,1395.05
71188,1992,2025-02-28,1365.41
71189,1992,2025-03-31,583.88
71190,1992,2025-04-30,1519.64
71191,1992,2025-05-31,745.41
71192,1992,2025-06-30,670.21
71193,1992,2025-07-31,1785.15
71194,1992,2025-08-31,1185.44
71195,1992,2025-09-30,2020.11
71196,1992,2025-10-31,1953.47
71197,1992,2025-11-30,671.08
71198,1992,2025-12-31,1543.37
71199,1993,2024-01-31,1292.82
71200,1993,2024-02-29,1089.27
71201,1993,2024-03-31,968.25
71202,1993,2024-04-30,1552.1
71203,1993,2024-05-31,2179.95
71204,1993,2024-06-30,1719.53
71205,1993,2024-07-31,2032.28
71206,1993,2024-08-31,2095.1
71207,1993,2024-09-30,1591.51
71208,1993,2024-10-31,1410.01
71209,1993,2024-11-30,1835.56
71210,1993,2024-12-31,908.48
71211,1993,2025-01-31,931.41
71212,1993,2025-02-28,1092.42
71213,1993,2025-03-31,1190.16
71214,1993,2025-04-30,2175.74
71215,1993,2025-05-31,1119.04
71216,1993,2025-06-30,1966.13
71217,1993,2025-07-31,1295.18
71218,1993,2025-08-31,1023.38
71219,1993,2025-09-30,1341.91
71220,1993,2025-10-31,1594.89
71221,1993,2025-11-30,1220.11
71222,1993,2025-12-31,841.43
71223,1994,2024-01-31,1015.64
71224,1994,2024-02-29,756.74
71225,1994,2024-03-31,1510.16
71226,1994,2024-04-30,1198.38
71227,1994,2024-05-31,1024.5
71228,1994,2024-06-30,1121.75
71229,1994,2024-07-31,1387.78
71230,1994,2024-08-31,1622.72
71231,1994,2024-09-30,926.83
71232,1994,2024-10-31,1667.89
71233,1994,2024-11-30,825.94
71234,1994,2024-12-31,1130.87
71235,1994,2025-01-31,1360.75
71236,1994,2025-02-28,2011.07
71237,1994,2025-03-31,1626.18
71238,1994,2025-04-30,762.39
71239,1994,2025-05-31,928.95
71240,1994,2025-06-30,802.72
71241,1994,2025-07-31,1054.76
71242,1994,2025-08-31,1276.89
71243,1994,2025-09-30,1142.22
71244,1994,2025-10-31,1719.9
71245,1994,2025-11-30,658.45
71246,1994,2025-12-31,1154.17
71247,1995,2024-02-29,699.26
71248,1995,2024-03-31,935.58
71249,1995,2024-04-30,508.08
71250,1995,2024-05-31,960.15
71251,1995,2024-06-30,579.99
71252,1995,2024-07-31,859.27
71253,1995,2024-08-31,454.92
71254,1995,2024-09-30,707.66
71255,1995,2024-10-31,1067.82
71256,1995,2024-11-30,853.03
71257,1995,2024-12-31,706.52
71258,1995,2025-01-31,991.89
71259,1995,2025-02-28,354.62
71260,1995,2025-03-31,1182.18
71261,1995,2025-04-30,643.06
71262,1995,2025-05-31,810.42
71263,1995,2025-06-30,1047.78
71264,1995,2025-07-31,1169.29
71265,1995,2025-08-31,1122.37
71266,1995,2025-09-30,1289.89
71267,1995,2025-10-31,679.87
71268,1995,2025-11-30,1269.82
71269,1995,2025-12-31,920.53
71270,1996,2024-09-30,526.96
71271,1996,2024-10-31,663.34
71272,1996,2024-11-30,1427.51
71273,1996,2024-12-31,942.22
71274,1996,2025-01-31,769.96
71275,1996,2025-02-28,895.89
71276,1996,2025-03-31,477.6
71277,1996,2025-04-30,693.76
71278,1996,2025-05-31,1180.74
71279,1996,2025-06-30,1234.56
71280,1996,2025-07-31,1159.93
71281,1996,2025-08-31,1161.78
71282,1996,2025-09-30,836.63
71283,1996,2025-10-31,964.52
71284,1996,2025-11-30,1194.96
71285,1996,2025-12-31,1354.42
71286,1997,2024-01-31,1033.08
71287,1997,2024-02-29,884.51
71288,1997,2024-03-31,1444.92
71289,1997,2024-04-30,776.55
71290,1997,2024-05-31,1611.9
71291,1997,2024-06-30,1439.59
71292,1997,2024-07-31,702.85
71293,1997,2024-08-31,755.53
71294,1997,2024-09-30,1138.44
71295,1997,2024-10-31,877.49
71296,1997,2024-11-30,764.69
71297,1997,2024-12-31,966.27
71298,1997,2025-01-31,1788.81
71299,1997,2025-02-28,1114.94
71300,1997,2025-03-31,1166.61
71301,1997,2025-04-30,737.15
71302,1997,2025-05-31,1866.22
71303,1997,2025-06-30,1280.06
71304,1997,2025-07-31,1221.11
71305,1997,2025-08-31,1254.31
71306,1997,2025-09-30,1040.67
71307,1997,2025-10-31,1788.67
71308,1997,2025-11-30,647.43
71309,1997,2025-12-31,1435.55
71310,1998,2024-01-31,439.39
71311,1998,2024-02-29,1031.52
71312,1998,2024-03-31,766.08
71313,1998,2024-04-30,1109.62
71314,1998,2024-05-31,1300.45
71315,1998,2024-06-30,776.37
71316,1998,2024-07-31,719.85
71317,1998,2024-08-31,1066.86
71318,1998,2024-09-30,795.64
71319,1998,2024-10-31,913.09
71320,1998,2024-11-30,778.03
71321,1998,2024-12-31,681.55
71322,1998,2025-01-31,582.32
71323,1998,2025-02-28,588.36
71324,1998,2025-03-31,1200.26
71325,1998,2025-04-30,716.29
71326,1998,2025-05-31,932.17
71327,1998,2025-06-30,1435.2
71328,1998,2025-07-31,551.84
71329,1998,2025-08-31,792.41
71330,1998,2025-09-30,533.42
71331,1998,2025-10-31,430.2
71332,1998,2025-11-30,335.53
71333,1998,2025-12-31,736.82
71334,1999,2024-01-31,953.45
71335,1999,2024-02-29,1269.08
71336,1999,2024-03-31,777.31
71337,1999,2024-04-30,878.69
71338,1999,2024-05-31,742.71
71339,1999,2024-06-30,506.75
71340,1999,2024-07-31,748.78
71341,1999,2024-08-31,751.15
71342,1999,2024-09-30,600.5
71343,1999,2024-10-31,915.94
71344,1999,2024-11-30,703.81
71345,1999,2024-12-31,1095.14
71346,1999,2025-01-31,566.76
71347,1999,2025-02-28,713.5
71348,1999,2025-03-31,1254.26
71349,1999,2025-04-30,1135.69
71350,1999,2025-05-31,1192.17
71351,1999,2025-06-30,756.88
71352,1999,2025-07-31,586.79
71353,1999,2025-08-31,822.31
71354,1999,2025-09-30,1376.01
71355,1999,2025-10-31,648.29
71356,1999,2025-11-30,1215.87
71357,1999,2025-12-31,985.27
71358,2000,2024-07-31,1431.15
71359,2000,2024-08-31,1043.77
71360,2000,2024-09-30,707.46
71361,2000,2024-10-31,1774.52
71362,2000,2024-11-30,1427.8
71363,2000,2024-12-31,1018.42
71364,2000,2025-01-31,1975.73
71365,2000,2025-02-28,1939.12
71366,2000,2025-03-31,1170.6
71367,2000,2025-04-30,1497.38
71368,2000,2025-05-31,661.6
71369,2000,2025-06-30,1214.05
71370,2000,2025-07-31,1662.26
71371,2000,2025-08-31,955.76
71372,2000,2025-09-30,1204.16
71373,2000,2025-10-31,675.46
71374,2000,2025-11-30,1085.69
71375,2000,2025-12-31,1303.5
